2026-05-18 21:11:37.670 +08:00 [WRN] Entity 'Patient' has a global query filter defined and is the required end of a relationship with the entity 'Appointment'. This may lead to unexpected results when the required entity is filtered out. Either configure the navigation as optional, or define matching query filters for both entities in the navigation. See https://go.microsoft.com/fwlink/?linkid=2131316 for more information.
2026-05-18 21:11:37.708 +08:00 [WRN] Entity 'Patient' has a global query filter defined and is the required end of a relationship with the entity 'FamilyMember'. This may lead to unexpected results when the required entity is filtered out. Either configure the navigation as optional, or define matching query filters for both entities in the navigation. See https://go.microsoft.com/fwlink/?linkid=2131316 for more information.
2026-05-18 21:11:37.710 +08:00 [WRN] Entity 'Patient' has a global query filter defined and is the required end of a relationship with the entity 'MedicalRecord'. This may lead to unexpected results when the required entity is filtered out. Either configure the navigation as optional, or define matching query filters for both entities in the navigation. See https://go.microsoft.com/fwlink/?linkid=2131316 for more information.
2026-05-18 21:11:37.711 +08:00 [WRN] Entity 'Patient' has a global query filter defined and is the required end of a relationship with the entity 'Payment'. This may lead to unexpected results when the required entity is filtered out. Either configure the navigation as optional, or define matching query filters for both entities in the navigation. See https://go.microsoft.com/fwlink/?linkid=2131316 for more information.
2026-05-18 21:11:37.801 +08:00 [WRN] No store type was specified for the decimal property 'Price' on entity type 'ChargeItem'. This will cause values to be silently truncated if they do not fit in the default precision and scale. Explicitly specify the SQL server column type that can accommodate all the values in 'OnModelCreating' using 'HasColumnType', specify precision and scale using 'HasPrecision', or configure a value converter using 'HasConversion'.
2026-05-18 21:11:37.803 +08:00 [WRN] No store type was specified for the decimal property 'CostPrice' on entity type 'Drug'. This will cause values to be silently truncated if they do not fit in the default precision and scale. Explicitly specify the SQL server column type that can accommodate all the values in 'OnModelCreating' using 'HasColumnType', specify precision and scale using 'HasPrecision', or configure a value converter using 'HasConversion'.
2026-05-18 21:11:37.804 +08:00 [WRN] No store type was specified for the decimal property 'Price' on entity type 'Drug'. This will cause values to be silently truncated if they do not fit in the default precision and scale. Explicitly specify the SQL server column type that can accommodate all the values in 'OnModelCreating' using 'HasColumnType', specify precision and scale using 'HasPrecision', or configure a value converter using 'HasConversion'.
2026-05-18 21:11:37.805 +08:00 [WRN] No store type was specified for the decimal property 'ActualAmount' on entity type 'Payment'. This will cause values to be silently truncated if they do not fit in the default precision and scale. Explicitly specify the SQL server column type that can accommodate all the values in 'OnModelCreating' using 'HasColumnType', specify precision and scale using 'HasPrecision', or configure a value converter using 'HasConversion'.
2026-05-18 21:11:37.806 +08:00 [WRN] No store type was specified for the decimal property 'DiscountAmount' on entity type 'Payment'. This will cause values to be silently truncated if they do not fit in the default precision and scale. Explicitly specify the SQL server column type that can accommodate all the values in 'OnModelCreating' using 'HasColumnType', specify precision and scale using 'HasPrecision', or configure a value converter using 'HasConversion'.
2026-05-18 21:11:37.807 +08:00 [WRN] No store type was specified for the decimal property 'TotalAmount' on entity type 'Payment'. This will cause values to be silently truncated if they do not fit in the default precision and scale. Explicitly specify the SQL server column type that can accommodate all the values in 'OnModelCreating' using 'HasColumnType', specify precision and scale using 'HasPrecision', or configure a value converter using 'HasConversion'.
2026-05-18 21:11:37.808 +08:00 [WRN] No store type was specified for the decimal property 'SubTotal' on entity type 'PaymentItem'. This will cause values to be silently truncated if they do not fit in the default precision and scale. Explicitly specify the SQL server column type that can accommodate all the values in 'OnModelCreating' using 'HasColumnType', specify precision and scale using 'HasPrecision', or configure a value converter using 'HasConversion'.
2026-05-18 21:11:37.810 +08:00 [WRN] No store type was specified for the decimal property 'UnitPrice' on entity type 'PaymentItem'. This will cause values to be silently truncated if they do not fit in the default precision and scale. Explicitly specify the SQL server column type that can accommodate all the values in 'OnModelCreating' using 'HasColumnType', specify precision and scale using 'HasPrecision', or configure a value converter using 'HasConversion'.
2026-05-18 21:11:37.811 +08:00 [WRN] No store type was specified for the decimal property 'TotalAmount' on entity type 'Prescription'. This will cause values to be silently truncated if they do not fit in the default precision and scale. Explicitly specify the SQL server column type that can accommodate all the values in 'OnModelCreating' using 'HasColumnType', specify precision and scale using 'HasPrecision', or configure a value converter using 'HasConversion'.
2026-05-18 21:11:37.813 +08:00 [WRN] No store type was specified for the decimal property 'Quantity' on entity type 'PrescriptionItem'. This will cause values to be silently truncated if they do not fit in the default precision and scale. Explicitly specify the SQL server column type that can accommodate all the values in 'OnModelCreating' using 'HasColumnType', specify precision and scale using 'HasPrecision', or configure a value converter using 'HasConversion'.
2026-05-18 21:11:37.814 +08:00 [WRN] No store type was specified for the decimal property 'SubTotal' on entity type 'PrescriptionItem'. This will cause values to be silently truncated if they do not fit in the default precision and scale. Explicitly specify the SQL server column type that can accommodate all the values in 'OnModelCreating' using 'HasColumnType', specify precision and scale using 'HasPrecision', or configure a value converter using 'HasConversion'.
2026-05-18 21:11:37.815 +08:00 [WRN] No store type was specified for the decimal property 'UnitPrice' on entity type 'PrescriptionItem'. This will cause values to be silently truncated if they do not fit in the default precision and scale. Explicitly specify the SQL server column type that can accommodate all the values in 'OnModelCreating' using 'HasColumnType', specify precision and scale using 'HasPrecision', or configure a value converter using 'HasConversion'.
2026-05-18 21:11:37.816 +08:00 [WRN] No store type was specified for the decimal property 'ConsultationFee' on entity type 'User'. This will cause values to be silently truncated if they do not fit in the default precision and scale. Explicitly specify the SQL server column type that can accommodate all the values in 'OnModelCreating' using 'HasColumnType', specify precision and scale using 'HasPrecision', or configure a value converter using 'HasConversion'.
2026-05-18 21:11:38.138 +08:00 [INF] Executed DbCommand (14ms) [Parameters=[], CommandType='"Text"', CommandTimeout='30']
SELECT 1
2026-05-18 21:11:41.180 +08:00 [INF] Executed DbCommand (3,008ms) [Parameters=[], CommandType='"Text"', CommandTimeout='60']
IF SERVERPROPERTY('EngineEdition') <> 5
BEGIN
    ALTER DATABASE [ClinicSystem_Dev] SET SINGLE_USER WITH ROLLBACK IMMEDIATE;
END;
2026-05-18 21:11:41.197 +08:00 [INF] Executed DbCommand (14ms) [Parameters=[], CommandType='"Text"', CommandTimeout='60']
DROP DATABASE [ClinicSystem_Dev];
2026-05-18 21:11:42.048 +08:00 [WRN] Entity 'Patient' has a global query filter defined and is the required end of a relationship with the entity 'Appointment'. This may lead to unexpected results when the required entity is filtered out. Either configure the navigation as optional, or define matching query filters for both entities in the navigation. See https://go.microsoft.com/fwlink/?linkid=2131316 for more information.
2026-05-18 21:11:42.050 +08:00 [WRN] Entity 'Patient' has a global query filter defined and is the required end of a relationship with the entity 'FamilyMember'. This may lead to unexpected results when the required entity is filtered out. Either configure the navigation as optional, or define matching query filters for both entities in the navigation. See https://go.microsoft.com/fwlink/?linkid=2131316 for more information.
2026-05-18 21:11:42.051 +08:00 [WRN] Entity 'Patient' has a global query filter defined and is the required end of a relationship with the entity 'MedicalRecord'. This may lead to unexpected results when the required entity is filtered out. Either configure the navigation as optional, or define matching query filters for both entities in the navigation. See https://go.microsoft.com/fwlink/?linkid=2131316 for more information.
2026-05-18 21:11:42.053 +08:00 [WRN] Entity 'Patient' has a global query filter defined and is the required end of a relationship with the entity 'Payment'. This may lead to unexpected results when the required entity is filtered out. Either configure the navigation as optional, or define matching query filters for both entities in the navigation. See https://go.microsoft.com/fwlink/?linkid=2131316 for more information.
2026-05-18 21:11:42.072 +08:00 [WRN] No store type was specified for the decimal property 'Price' on entity type 'ChargeItem'. This will cause values to be silently truncated if they do not fit in the default precision and scale. Explicitly specify the SQL server column type that can accommodate all the values in 'OnModelCreating' using 'HasColumnType', specify precision and scale using 'HasPrecision', or configure a value converter using 'HasConversion'.
2026-05-18 21:11:42.074 +08:00 [WRN] No store type was specified for the decimal property 'CostPrice' on entity type 'Drug'. This will cause values to be silently truncated if they do not fit in the default precision and scale. Explicitly specify the SQL server column type that can accommodate all the values in 'OnModelCreating' using 'HasColumnType', specify precision and scale using 'HasPrecision', or configure a value converter using 'HasConversion'.
2026-05-18 21:11:42.076 +08:00 [WRN] No store type was specified for the decimal property 'Price' on entity type 'Drug'. This will cause values to be silently truncated if they do not fit in the default precision and scale. Explicitly specify the SQL server column type that can accommodate all the values in 'OnModelCreating' using 'HasColumnType', specify precision and scale using 'HasPrecision', or configure a value converter using 'HasConversion'.
2026-05-18 21:11:42.077 +08:00 [WRN] No store type was specified for the decimal property 'ActualAmount' on entity type 'Payment'. This will cause values to be silently truncated if they do not fit in the default precision and scale. Explicitly specify the SQL server column type that can accommodate all the values in 'OnModelCreating' using 'HasColumnType', specify precision and scale using 'HasPrecision', or configure a value converter using 'HasConversion'.
2026-05-18 21:11:42.078 +08:00 [WRN] No store type was specified for the decimal property 'DiscountAmount' on entity type 'Payment'. This will cause values to be silently truncated if they do not fit in the default precision and scale. Explicitly specify the SQL server column type that can accommodate all the values in 'OnModelCreating' using 'HasColumnType', specify precision and scale using 'HasPrecision', or configure a value converter using 'HasConversion'.
2026-05-18 21:11:42.079 +08:00 [WRN] No store type was specified for the decimal property 'TotalAmount' on entity type 'Payment'. This will cause values to be silently truncated if they do not fit in the default precision and scale. Explicitly specify the SQL server column type that can accommodate all the values in 'OnModelCreating' using 'HasColumnType', specify precision and scale using 'HasPrecision', or configure a value converter using 'HasConversion'.
2026-05-18 21:11:42.080 +08:00 [WRN] No store type was specified for the decimal property 'SubTotal' on entity type 'PaymentItem'. This will cause values to be silently truncated if they do not fit in the default precision and scale. Explicitly specify the SQL server column type that can accommodate all the values in 'OnModelCreating' using 'HasColumnType', specify precision and scale using 'HasPrecision', or configure a value converter using 'HasConversion'.
2026-05-18 21:11:42.082 +08:00 [WRN] No store type was specified for the decimal property 'UnitPrice' on entity type 'PaymentItem'. This will cause values to be silently truncated if they do not fit in the default precision and scale. Explicitly specify the SQL server column type that can accommodate all the values in 'OnModelCreating' using 'HasColumnType', specify precision and scale using 'HasPrecision', or configure a value converter using 'HasConversion'.
2026-05-18 21:11:42.083 +08:00 [WRN] No store type was specified for the decimal property 'TotalAmount' on entity type 'Prescription'. This will cause values to be silently truncated if they do not fit in the default precision and scale. Explicitly specify the SQL server column type that can accommodate all the values in 'OnModelCreating' using 'HasColumnType', specify precision and scale using 'HasPrecision', or configure a value converter using 'HasConversion'.
2026-05-18 21:11:42.084 +08:00 [WRN] No store type was specified for the decimal property 'Quantity' on entity type 'PrescriptionItem'. This will cause values to be silently truncated if they do not fit in the default precision and scale. Explicitly specify the SQL server column type that can accommodate all the values in 'OnModelCreating' using 'HasColumnType', specify precision and scale using 'HasPrecision', or configure a value converter using 'HasConversion'.
2026-05-18 21:11:42.086 +08:00 [WRN] No store type was specified for the decimal property 'SubTotal' on entity type 'PrescriptionItem'. This will cause values to be silently truncated if they do not fit in the default precision and scale. Explicitly specify the SQL server column type that can accommodate all the values in 'OnModelCreating' using 'HasColumnType', specify precision and scale using 'HasPrecision', or configure a value converter using 'HasConversion'.
2026-05-18 21:11:42.087 +08:00 [WRN] No store type was specified for the decimal property 'UnitPrice' on entity type 'PrescriptionItem'. This will cause values to be silently truncated if they do not fit in the default precision and scale. Explicitly specify the SQL server column type that can accommodate all the values in 'OnModelCreating' using 'HasColumnType', specify precision and scale using 'HasPrecision', or configure a value converter using 'HasConversion'.
2026-05-18 21:11:42.088 +08:00 [WRN] No store type was specified for the decimal property 'ConsultationFee' on entity type 'User'. This will cause values to be silently truncated if they do not fit in the default precision and scale. Explicitly specify the SQL server column type that can accommodate all the values in 'OnModelCreating' using 'HasColumnType', specify precision and scale using 'HasPrecision', or configure a value converter using 'HasConversion'.
2026-05-18 21:11:42.266 +08:00 [INF] Executed DbCommand (163ms) [Parameters=[], CommandType='"Text"', CommandTimeout='60']
CREATE DATABASE [ClinicSystem_Dev];
2026-05-18 21:11:42.297 +08:00 [INF] Executed DbCommand (28ms) [Parameters=[], CommandType='"Text"', CommandTimeout='60']
IF SERVERPROPERTY('EngineEdition') <> 5
BEGIN
    ALTER DATABASE [ClinicSystem_Dev] SET READ_COMMITTED_SNAPSHOT ON;
END;
2026-05-18 21:11:42.303 +08:00 [INF] Executed DbCommand (0ms) [Parameters=[], CommandType='"Text"', CommandTimeout='30']
SELECT 1
2026-05-18 21:11:42.431 +08:00 [INF] Executed DbCommand (5ms) [Parameters=[], CommandType='"Text"', CommandTimeout='30']
CREATE TABLE [ChargeItems] (
    [Id] int NOT NULL IDENTITY,
    [Code] nvarchar(20) NOT NULL,
    [Name] nvarchar(100) NOT NULL,
    [Category] nvarchar(20) NOT NULL,
    [Price] decimal(18,2) NOT NULL,
    [Unit] nvarchar(10) NULL,
    [IsActive] bit NOT NULL,
    [Remark] nvarchar(200) NULL,
    [CreatedAt] datetime2 NOT NULL,
    CONSTRAINT [PK_ChargeItems] PRIMARY KEY ([Id])
);
2026-05-18 21:11:42.435 +08:00 [INF] Executed DbCommand (1ms) [Parameters=[], CommandType='"Text"', CommandTimeout='30']
CREATE TABLE [Departments] (
    [Id] int NOT NULL IDENTITY,
    [Name] nvarchar(50) NOT NULL,
    [Description] nvarchar(200) NULL,
    [IsActive] bit NOT NULL,
    [SortOrder] int NOT NULL,
    [CreatedAt] datetime2 NOT NULL,
    CONSTRAINT [PK_Departments] PRIMARY KEY ([Id])
);
2026-05-18 21:11:42.438 +08:00 [INF] Executed DbCommand (1ms) [Parameters=[], CommandType='"Text"', CommandTimeout='30']
CREATE TABLE [Drugs] (
    [Id] int NOT NULL IDENTITY,
    [Code] nvarchar(20) NOT NULL,
    [Name] nvarchar(100) NOT NULL,
    [CommonName] nvarchar(100) NULL,
    [Specification] nvarchar(100) NULL,
    [Manufacturer] nvarchar(100) NULL,
    [Category] nvarchar(20) NOT NULL,
    [DosageForm] nvarchar(20) NULL,
    [Unit] nvarchar(10) NULL,
    [Price] decimal(18,2) NOT NULL,
    [CostPrice] decimal(18,2) NULL,
    [IsPrescription] bit NOT NULL,
    [IsActive] bit NOT NULL,
    [Remark] nvarchar(200) NULL,
    [CreatedAt] datetime2 NOT NULL,
    CONSTRAINT [PK_Drugs] PRIMARY KEY ([Id])
);
2026-05-18 21:11:42.441 +08:00 [INF] Executed DbCommand (1ms) [Parameters=[], CommandType='"Text"', CommandTimeout='30']
CREATE TABLE [Patients] (
    [Id] int NOT NULL IDENTITY,
    [Name] nvarchar(50) NOT NULL,
    [Gender] nvarchar(max) NULL,
    [DateOfBirth] datetime2 NULL,
    [Phone] nvarchar(20) NULL,
    [IdCard] nvarchar(18) NULL,
    [Address] nvarchar(200) NULL,
    [MedicalInsuranceNo] nvarchar(50) NULL,
    [Allergies] nvarchar(500) NULL,
    [MedicalHistory] nvarchar(1000) NULL,
    [Remark] nvarchar(500) NULL,
    [IsDeleted] bit NOT NULL,
    [CreatedAt] datetime2 NOT NULL,
    [UpdatedAt] datetime2 NOT NULL,
    CONSTRAINT [PK_Patients] PRIMARY KEY ([Id])
);
2026-05-18 21:11:42.447 +08:00 [INF] Executed DbCommand (2ms) [Parameters=[], CommandType='"Text"', CommandTimeout='30']
CREATE TABLE [Users] (
    [Id] int NOT NULL IDENTITY,
    [Username] nvarchar(50) NOT NULL,
    [PasswordHash] nvarchar(max) NOT NULL,
    [DisplayName] nvarchar(50) NOT NULL,
    [Phone] nvarchar(20) NULL,
    [Email] nvarchar(100) NULL,
    [Role] int NOT NULL,
    [IsActive] bit NOT NULL,
    [DepartmentId] int NULL,
    [CreatedAt] datetime2 NOT NULL,
    [LastLoginAt] datetime2 NULL,
    [Title] nvarchar(50) NULL,
    [Introduction] nvarchar(500) NULL,
    [ConsultationFee] decimal(18,2) NULL,
    [MaxDailyPatients] int NULL,
    CONSTRAINT [PK_Users] PRIMARY KEY ([Id]),
    CONSTRAINT [FK_Users_Departments_DepartmentId] FOREIGN KEY ([DepartmentId]) REFERENCES [Departments] ([Id]) ON DELETE SET NULL
);
2026-05-18 21:11:42.451 +08:00 [INF] Executed DbCommand (1ms) [Parameters=[], CommandType='"Text"', CommandTimeout='30']
CREATE TABLE [FamilyMembers] (
    [Id] int NOT NULL IDENTITY,
    [PatientId] int NOT NULL,
    [Name] nvarchar(50) NOT NULL,
    [Relationship] nvarchar(20) NOT NULL,
    [Phone] nvarchar(20) NULL,
    [IdCard] nvarchar(18) NULL,
    [CreatedAt] datetime2 NOT NULL,
    CONSTRAINT [PK_FamilyMembers] PRIMARY KEY ([Id]),
    CONSTRAINT [FK_FamilyMembers_Patients_PatientId] FOREIGN KEY ([PatientId]) REFERENCES [Patients] ([Id]) ON DELETE CASCADE
);
2026-05-18 21:11:42.456 +08:00 [INF] Executed DbCommand (3ms) [Parameters=[], CommandType='"Text"', CommandTimeout='30']
CREATE TABLE [Appointments] (
    [Id] int NOT NULL IDENTITY,
    [AppointmentNo] nvarchar(20) NOT NULL,
    [PatientId] int NOT NULL,
    [DoctorId] int NOT NULL,
    [DepartmentId] int NULL,
    [RegisterUserId] int NULL,
    [AppointmentDate] datetime2 NOT NULL,
    [TimeSlot] nvarchar(20) NOT NULL,
    [QueueNumber] int NOT NULL,
    [Status] int NOT NULL,
    [Source] nvarchar(20) NULL,
    [Remark] nvarchar(200) NULL,
    [CreatedAt] datetime2 NOT NULL,
    [CancelledAt] datetime2 NULL,
    [CancelReason] nvarchar(200) NULL,
    CONSTRAINT [PK_Appointments] PRIMARY KEY ([Id]),
    CONSTRAINT [FK_Appointments_Departments_DepartmentId] FOREIGN KEY ([DepartmentId]) REFERENCES [Departments] ([Id]) ON DELETE SET NULL,
    CONSTRAINT [FK_Appointments_Patients_PatientId] FOREIGN KEY ([PatientId]) REFERENCES [Patients] ([Id]) ON DELETE CASCADE,
    CONSTRAINT [FK_Appointments_Users_DoctorId] FOREIGN KEY ([DoctorId]) REFERENCES [Users] ([Id]),
    CONSTRAINT [FK_Appointments_Users_RegisterUserId] FOREIGN KEY ([RegisterUserId]) REFERENCES [Users] ([Id])
);
2026-05-18 21:11:42.461 +08:00 [INF] Executed DbCommand (1ms) [Parameters=[], CommandType='"Text"', CommandTimeout='30']
CREATE TABLE [DoctorSchedules] (
    [Id] int NOT NULL IDENTITY,
    [DoctorId] int NOT NULL,
    [DayOfWeek] int NOT NULL,
    [TimeSlot] nvarchar(20) NOT NULL,
    [StartTime] time NOT NULL,
    [EndTime] time NOT NULL,
    [MaxPatients] int NOT NULL,
    [IsActive] bit NOT NULL,
    [CreatedAt] datetime2 NOT NULL,
    CONSTRAINT [PK_DoctorSchedules] PRIMARY KEY ([Id]),
    CONSTRAINT [FK_DoctorSchedules_Users_DoctorId] FOREIGN KEY ([DoctorId]) REFERENCES [Users] ([Id]) ON DELETE CASCADE
);
2026-05-18 21:11:42.466 +08:00 [INF] Executed DbCommand (1ms) [Parameters=[], CommandType='"Text"', CommandTimeout='30']
CREATE TABLE [SpecialSchedules] (
    [Id] int NOT NULL IDENTITY,
    [DoctorId] int NOT NULL,
    [Date] datetime2 NOT NULL,
    [IsWorkDay] bit NOT NULL,
    [TimeSlot] nvarchar(20) NULL,
    [StartTime] time NULL,
    [EndTime] time NULL,
    [MaxPatients] int NULL,
    [Reason] nvarchar(200) NULL,
    [CreatedAt] datetime2 NOT NULL,
    CONSTRAINT [PK_SpecialSchedules] PRIMARY KEY ([Id]),
    CONSTRAINT [FK_SpecialSchedules_Users_DoctorId] FOREIGN KEY ([DoctorId]) REFERENCES [Users] ([Id]) ON DELETE CASCADE
);
2026-05-18 21:11:42.470 +08:00 [INF] Executed DbCommand (2ms) [Parameters=[], CommandType='"Text"', CommandTimeout='30']
CREATE TABLE [MedicalRecords] (
    [Id] int NOT NULL IDENTITY,
    [RecordNo] nvarchar(20) NOT NULL,
    [PatientId] int NOT NULL,
    [DoctorId] int NOT NULL,
    [AppointmentId] int NOT NULL,
    [VisitDate] datetime2 NOT NULL,
    [ChiefComplaint] nvarchar(2000) NULL,
    [PresentIllness] nvarchar(4000) NULL,
    [PastHistory] nvarchar(2000) NULL,
    [PhysicalExamination] nvarchar(4000) NULL,
    [AuxiliaryExamination] nvarchar(2000) NULL,
    [TcmObservation] nvarchar(2000) NULL,
    [TcmAuscultation] nvarchar(2000) NULL,
    [TcmInquiry] nvarchar(2000) NULL,
    [TcmPalpation] nvarchar(2000) NULL,
    [WesternDiagnosis] nvarchar(500) NULL,
    [TcmDiagnosis] nvarchar(500) NULL,
    [TcmSyndrome] nvarchar(500) NULL,
    [DoctorAdvice] nvarchar(2000) NULL,
    [Remark] nvarchar(500) NULL,
    [CreatedAt] datetime2 NOT NULL,
    [UpdatedAt] datetime2 NOT NULL,
    CONSTRAINT [PK_MedicalRecords] PRIMARY KEY ([Id]),
    CONSTRAINT [FK_MedicalRecords_Appointments_AppointmentId] FOREIGN KEY ([AppointmentId]) REFERENCES [Appointments] ([Id]),
    CONSTRAINT [FK_MedicalRecords_Patients_PatientId] FOREIGN KEY ([PatientId]) REFERENCES [Patients] ([Id]),
    CONSTRAINT [FK_MedicalRecords_Users_DoctorId] FOREIGN KEY ([DoctorId]) REFERENCES [Users] ([Id])
);
2026-05-18 21:11:42.475 +08:00 [INF] Executed DbCommand (1ms) [Parameters=[], CommandType='"Text"', CommandTimeout='30']
CREATE TABLE [Payments] (
    [Id] int NOT NULL IDENTITY,
    [PaymentNo] nvarchar(20) NOT NULL,
    [PatientId] int NOT NULL,
    [AppointmentId] int NULL,
    [OperatorId] int NOT NULL,
    [TotalAmount] decimal(18,2) NOT NULL,
    [DiscountAmount] decimal(18,2) NULL,
    [ActualAmount] decimal(18,2) NOT NULL,
    [PaymentMethod] nvarchar(20) NOT NULL,
    [Status] nvarchar(20) NOT NULL,
    [Remark] nvarchar(200) NULL,
    [CreatedAt] datetime2 NOT NULL,
    [RefundedAt] datetime2 NULL,
    CONSTRAINT [PK_Payments] PRIMARY KEY ([Id]),
    CONSTRAINT [FK_Payments_Appointments_AppointmentId] FOREIGN KEY ([AppointmentId]) REFERENCES [Appointments] ([Id]),
    CONSTRAINT [FK_Payments_Patients_PatientId] FOREIGN KEY ([PatientId]) REFERENCES [Patients] ([Id]) ON DELETE CASCADE,
    CONSTRAINT [FK_Payments_Users_OperatorId] FOREIGN KEY ([OperatorId]) REFERENCES [Users] ([Id]) ON DELETE CASCADE
);
2026-05-18 21:11:42.478 +08:00 [INF] Executed DbCommand (1ms) [Parameters=[], CommandType='"Text"', CommandTimeout='30']
CREATE TABLE [Prescriptions] (
    [Id] int NOT NULL IDENTITY,
    [PrescriptionNo] nvarchar(20) NOT NULL,
    [MedicalRecordId] int NOT NULL,
    [Type] nvarchar(20) NOT NULL,
    [DecoctingMethod] nvarchar(200) NULL,
    [Direction] nvarchar(500) NULL,
    [TotalAmount] decimal(18,2) NOT NULL,
    [PharmacistId] int NULL,
    [Status] nvarchar(20) NOT NULL,
    [CreatedAt] datetime2 NOT NULL,
    [DispensedAt] datetime2 NULL,
    CONSTRAINT [PK_Prescriptions] PRIMARY KEY ([Id]),
    CONSTRAINT [FK_Prescriptions_MedicalRecords_MedicalRecordId] FOREIGN KEY ([MedicalRecordId]) REFERENCES [MedicalRecords] ([Id]) ON DELETE CASCADE,
    CONSTRAINT [FK_Prescriptions_Users_PharmacistId] FOREIGN KEY ([PharmacistId]) REFERENCES [Users] ([Id])
);
2026-05-18 21:11:42.482 +08:00 [INF] Executed DbCommand (1ms) [Parameters=[], CommandType='"Text"', CommandTimeout='30']
CREATE TABLE [PaymentItems] (
    [Id] int NOT NULL IDENTITY,
    [PaymentId] int NOT NULL,
    [ItemType] nvarchar(20) NOT NULL,
    [ItemId] int NULL,
    [ItemName] nvarchar(100) NOT NULL,
    [Quantity] int NOT NULL,
    [UnitPrice] decimal(18,2) NOT NULL,
    [SubTotal] decimal(18,2) NOT NULL,
    CONSTRAINT [PK_PaymentItems] PRIMARY KEY ([Id]),
    CONSTRAINT [FK_PaymentItems_Payments_PaymentId] FOREIGN KEY ([PaymentId]) REFERENCES [Payments] ([Id]) ON DELETE CASCADE
);
2026-05-18 21:11:42.486 +08:00 [INF] Executed DbCommand (1ms) [Parameters=[], CommandType='"Text"', CommandTimeout='30']
CREATE TABLE [PrescriptionItems] (
    [Id] int NOT NULL IDENTITY,
    [PrescriptionId] int NOT NULL,
    [DrugId] int NOT NULL,
    [DrugName] nvarchar(100) NOT NULL,
    [Specification] nvarchar(100) NULL,
    [Quantity] decimal(18,2) NOT NULL,
    [Dosage] nvarchar(50) NULL,
    [Frequency] nvarchar(20) NULL,
    [Usage] nvarchar(50) NULL,
    [Days] nvarchar(20) NULL,
    [Remark] nvarchar(200) NULL,
    [UnitPrice] decimal(18,2) NOT NULL,
    [SubTotal] decimal(18,2) NOT NULL,
    CONSTRAINT [PK_PrescriptionItems] PRIMARY KEY ([Id]),
    CONSTRAINT [FK_PrescriptionItems_Drugs_DrugId] FOREIGN KEY ([DrugId]) REFERENCES [Drugs] ([Id]) ON DELETE CASCADE,
    CONSTRAINT [FK_PrescriptionItems_Prescriptions_PrescriptionId] FOREIGN KEY ([PrescriptionId]) REFERENCES [Prescriptions] ([Id]) ON DELETE CASCADE
);
2026-05-18 21:11:42.503 +08:00 [INF] Executed DbCommand (15ms) [Parameters=[], CommandType='"Text"', CommandTimeout='30']
IF EXISTS (SELECT * FROM [sys].[identity_columns] WHERE [name] IN (N'Id', N'CreatedAt', N'Description', N'IsActive', N'Name', N'SortOrder') AND [object_id] = OBJECT_ID(N'[Departments]'))
    SET IDENTITY_INSERT [Departments] ON;
INSERT INTO [Departments] ([Id], [CreatedAt], [Description], [IsActive], [Name], [SortOrder])
VALUES (1, '2026-05-18T13:11:41.2985803Z', N'内科诊疗', CAST(1 AS bit), N'内科', 1),
(2, '2026-05-18T13:11:41.2985821Z', N'外科诊疗', CAST(1 AS bit), N'外科', 2),
(3, '2026-05-18T13:11:41.2985823Z', N'妇科诊疗', CAST(1 AS bit), N'妇科', 3),
(4, '2026-05-18T13:11:41.2985824Z', N'儿科诊疗', CAST(1 AS bit), N'儿科', 4),
(5, '2026-05-18T13:11:41.2985825Z', N'中医诊疗（中西医结合）', CAST(1 AS bit), N'中医科', 5),
(6, '2026-05-18T13:11:41.2985826Z', N'药品管理', CAST(1 AS bit), N'药房', 6);
IF EXISTS (SELECT * FROM [sys].[identity_columns] WHERE [name] IN (N'Id', N'CreatedAt', N'Description', N'IsActive', N'Name', N'SortOrder') AND [object_id] = OBJECT_ID(N'[Departments]'))
    SET IDENTITY_INSERT [Departments] OFF;
2026-05-18 21:11:42.519 +08:00 [INF] Executed DbCommand (12ms) [Parameters=[], CommandType='"Text"', CommandTimeout='30']
IF EXISTS (SELECT * FROM [sys].[identity_columns] WHERE [name] IN (N'Id', N'ConsultationFee', N'CreatedAt', N'DepartmentId', N'DisplayName', N'Email', N'Introduction', N'IsActive', N'LastLoginAt', N'MaxDailyPatients', N'PasswordHash', N'Phone', N'Role', N'Title', N'Username') AND [object_id] = OBJECT_ID(N'[Users]'))
    SET IDENTITY_INSERT [Users] ON;
INSERT INTO [Users] ([Id], [ConsultationFee], [CreatedAt], [DepartmentId], [DisplayName], [Email], [Introduction], [IsActive], [LastLoginAt], [MaxDailyPatients], [PasswordHash], [Phone], [Role], [Title], [Username])
VALUES (1, NULL, '2025-01-01T00:00:00.0000000Z', NULL, N'系统管理员', NULL, NULL, CAST(1 AS bit), NULL, NULL, N'$2a$11$nMGUd/82aJl0XglduSyZOO5Z7PV2dT9Zx851c6p2nOOdPjx9EjIkG', NULL, 1, NULL, N'admin'),
(4, NULL, '2025-01-01T00:00:00.0000000Z', NULL, N'王收银', NULL, NULL, CAST(1 AS bit), NULL, NULL, N'$2a$11$IpLEzte7r.Z6EM7ch7ZtleY.2KAXcHhoUI3LQ0zYBR7VDdNgPJ1Ba', NULL, 4, NULL, N'cashier1'),
(5, NULL, '2025-01-01T00:00:00.0000000Z', NULL, N'赵药师', NULL, NULL, CAST(1 AS bit), NULL, NULL, N'$2a$11$F47Rx/Ell3aMmPw0r3Qnm.UPcI85TQnekSnO0NSl8py7SkpPFR/Q6', NULL, 5, NULL, N'pharmacist1'),
(2, 50.0, '2025-01-01T00:00:00.0000000Z', 1, N'张医生', NULL, NULL, CAST(1 AS bit), NULL, 30, N'$2a$11$uyb0VvksmAtlr0ikUGP6FOGnIQV.9Wu989p2UkITw3egUtQ7IrJf2', N'13800000001', 2, N'主任医师', N'doctor1'),
(3, 30.0, '2025-01-01T00:00:00.0000000Z', 2, N'李医生', NULL, NULL, CAST(1 AS bit), NULL, 40, N'$2a$11$I/8b0ULZy66wUUbckQ8BG.p0sy7VDXYTK5u09tMiKmGgVHx1ZHDXa', N'13800000002', 2, N'副主任医师', N'doctor2');
IF EXISTS (SELECT * FROM [sys].[identity_columns] WHERE [name] IN (N'Id', N'ConsultationFee', N'CreatedAt', N'DepartmentId', N'DisplayName', N'Email', N'Introduction', N'IsActive', N'LastLoginAt', N'MaxDailyPatients', N'PasswordHash', N'Phone', N'Role', N'Title', N'Username') AND [object_id] = OBJECT_ID(N'[Users]'))
    SET IDENTITY_INSERT [Users] OFF;
2026-05-18 21:11:42.547 +08:00 [INF] Executed DbCommand (20ms) [Parameters=[], CommandType='"Text"', CommandTimeout='30']
IF EXISTS (SELECT * FROM [sys].[identity_columns] WHERE [name] IN (N'Id', N'CreatedAt', N'DayOfWeek', N'DoctorId', N'EndTime', N'IsActive', N'MaxPatients', N'StartTime', N'TimeSlot') AND [object_id] = OBJECT_ID(N'[DoctorSchedules]'))
    SET IDENTITY_INSERT [DoctorSchedules] ON;
INSERT INTO [DoctorSchedules] ([Id], [CreatedAt], [DayOfWeek], [DoctorId], [EndTime], [IsActive], [MaxPatients], [StartTime], [TimeSlot])
VALUES (1, '2025-01-01T00:00:00.0000000', 1, 2, '12:00:00', CAST(1 AS bit), 20, '08:00:00', N'上午'),
(2, '2025-01-01T00:00:00.0000000', 1, 2, '18:00:00', CAST(1 AS bit), 15, '14:00:00', N'下午'),
(3, '2025-01-01T00:00:00.0000000', 2, 2, '12:00:00', CAST(1 AS bit), 20, '08:00:00', N'上午'),
(4, '2025-01-01T00:00:00.0000000', 2, 2, '18:00:00', CAST(1 AS bit), 15, '14:00:00', N'下午'),
(5, '2025-01-01T00:00:00.0000000', 3, 2, '12:00:00', CAST(1 AS bit), 20, '08:00:00', N'上午'),
(6, '2025-01-01T00:00:00.0000000', 4, 2, '12:00:00', CAST(1 AS bit), 20, '08:00:00', N'上午'),
(7, '2025-01-01T00:00:00.0000000', 5, 2, '12:00:00', CAST(1 AS bit), 20, '08:00:00', N'上午'),
(8, '2025-01-01T00:00:00.0000000', 1, 3, '12:00:00', CAST(1 AS bit), 25, '08:00:00', N'上午'),
(9, '2025-01-01T00:00:00.0000000', 2, 3, '12:00:00', CAST(1 AS bit), 25, '08:00:00', N'上午'),
(10, '2025-01-01T00:00:00.0000000', 3, 3, '12:00:00', CAST(1 AS bit), 25, '08:00:00', N'上午'),
(11, '2025-01-01T00:00:00.0000000', 4, 3, '12:00:00', CAST(1 AS bit), 25, '08:00:00', N'上午'),
(12, '2025-01-01T00:00:00.0000000', 5, 3, '12:00:00', CAST(1 AS bit), 25, '08:00:00', N'上午'),
(13, '2025-01-01T00:00:00.0000000', 6, 3, '12:00:00', CAST(1 AS bit), 15, '08:00:00', N'上午');
IF EXISTS (SELECT * FROM [sys].[identity_columns] WHERE [name] IN (N'Id', N'CreatedAt', N'DayOfWeek', N'DoctorId', N'EndTime', N'IsActive', N'MaxPatients', N'StartTime', N'TimeSlot') AND [object_id] = OBJECT_ID(N'[DoctorSchedules]'))
    SET IDENTITY_INSERT [DoctorSchedules] OFF;
2026-05-18 21:11:42.560 +08:00 [INF] Executed DbCommand (1ms) [Parameters=[], CommandType='"Text"', CommandTimeout='30']
CREATE UNIQUE INDEX [IX_Appointments_AppointmentNo] ON [Appointments] ([AppointmentNo]);
2026-05-18 21:11:42.564 +08:00 [INF] Executed DbCommand (1ms) [Parameters=[], CommandType='"Text"', CommandTimeout='30']
CREATE INDEX [IX_Appointments_DepartmentId] ON [Appointments] ([DepartmentId]);
2026-05-18 21:11:42.567 +08:00 [INF] Executed DbCommand (1ms) [Parameters=[], CommandType='"Text"', CommandTimeout='30']
CREATE INDEX [IX_Appointments_DoctorId] ON [Appointments] ([DoctorId]);
2026-05-18 21:11:42.572 +08:00 [INF] Executed DbCommand (1ms) [Parameters=[], CommandType='"Text"', CommandTimeout='30']
CREATE INDEX [IX_Appointments_PatientId] ON [Appointments] ([PatientId]);
2026-05-18 21:11:42.576 +08:00 [INF] Executed DbCommand (1ms) [Parameters=[], CommandType='"Text"', CommandTimeout='30']
CREATE INDEX [IX_Appointments_RegisterUserId] ON [Appointments] ([RegisterUserId]);
2026-05-18 21:11:42.579 +08:00 [INF] Executed DbCommand (1ms) [Parameters=[], CommandType='"Text"', CommandTimeout='30']
CREATE UNIQUE INDEX [IX_ChargeItems_Code] ON [ChargeItems] ([Code]);
2026-05-18 21:11:42.582 +08:00 [INF] Executed DbCommand (1ms) [Parameters=[], CommandType='"Text"', CommandTimeout='30']
CREATE INDEX [IX_DoctorSchedules_DoctorId] ON [DoctorSchedules] ([DoctorId]);
2026-05-18 21:11:42.584 +08:00 [INF] Executed DbCommand (0ms) [Parameters=[], CommandType='"Text"', CommandTimeout='30']
CREATE UNIQUE INDEX [IX_Drugs_Code] ON [Drugs] ([Code]);
2026-05-18 21:11:42.586 +08:00 [INF] Executed DbCommand (1ms) [Parameters=[], CommandType='"Text"', CommandTimeout='30']
CREATE INDEX [IX_FamilyMembers_PatientId] ON [FamilyMembers] ([PatientId]);
2026-05-18 21:11:42.588 +08:00 [INF] Executed DbCommand (0ms) [Parameters=[], CommandType='"Text"', CommandTimeout='30']
CREATE INDEX [IX_MedicalRecords_AppointmentId] ON [MedicalRecords] ([AppointmentId]);
2026-05-18 21:11:42.590 +08:00 [INF] Executed DbCommand (0ms) [Parameters=[], CommandType='"Text"', CommandTimeout='30']
CREATE INDEX [IX_MedicalRecords_DoctorId] ON [MedicalRecords] ([DoctorId]);
2026-05-18 21:11:42.592 +08:00 [INF] Executed DbCommand (0ms) [Parameters=[], CommandType='"Text"', CommandTimeout='30']
CREATE INDEX [IX_MedicalRecords_PatientId] ON [MedicalRecords] ([PatientId]);
2026-05-18 21:11:42.594 +08:00 [INF] Executed DbCommand (0ms) [Parameters=[], CommandType='"Text"', CommandTimeout='30']
CREATE UNIQUE INDEX [IX_MedicalRecords_RecordNo] ON [MedicalRecords] ([RecordNo]);
2026-05-18 21:11:42.595 +08:00 [INF] Executed DbCommand (0ms) [Parameters=[], CommandType='"Text"', CommandTimeout='30']
CREATE INDEX [IX_Patients_IdCard] ON [Patients] ([IdCard]);
2026-05-18 21:11:42.598 +08:00 [INF] Executed DbCommand (1ms) [Parameters=[], CommandType='"Text"', CommandTimeout='30']
CREATE INDEX [IX_Patients_Phone] ON [Patients] ([Phone]);
2026-05-18 21:11:42.600 +08:00 [INF] Executed DbCommand (0ms) [Parameters=[], CommandType='"Text"', CommandTimeout='30']
CREATE INDEX [IX_PaymentItems_PaymentId] ON [PaymentItems] ([PaymentId]);
2026-05-18 21:11:42.602 +08:00 [INF] Executed DbCommand (0ms) [Parameters=[], CommandType='"Text"', CommandTimeout='30']
CREATE INDEX [IX_Payments_AppointmentId] ON [Payments] ([AppointmentId]);
2026-05-18 21:11:42.604 +08:00 [INF] Executed DbCommand (0ms) [Parameters=[], CommandType='"Text"', CommandTimeout='30']
CREATE INDEX [IX_Payments_OperatorId] ON [Payments] ([OperatorId]);
2026-05-18 21:11:42.606 +08:00 [INF] Executed DbCommand (0ms) [Parameters=[], CommandType='"Text"', CommandTimeout='30']
CREATE INDEX [IX_Payments_PatientId] ON [Payments] ([PatientId]);
2026-05-18 21:11:42.608 +08:00 [INF] Executed DbCommand (0ms) [Parameters=[], CommandType='"Text"', CommandTimeout='30']
CREATE UNIQUE INDEX [IX_Payments_PaymentNo] ON [Payments] ([PaymentNo]);
2026-05-18 21:11:42.610 +08:00 [INF] Executed DbCommand (0ms) [Parameters=[], CommandType='"Text"', CommandTimeout='30']
CREATE INDEX [IX_PrescriptionItems_DrugId] ON [PrescriptionItems] ([DrugId]);
2026-05-18 21:11:42.611 +08:00 [INF] Executed DbCommand (0ms) [Parameters=[], CommandType='"Text"', CommandTimeout='30']
CREATE INDEX [IX_PrescriptionItems_PrescriptionId] ON [PrescriptionItems] ([PrescriptionId]);
2026-05-18 21:11:42.613 +08:00 [INF] Executed DbCommand (0ms) [Parameters=[], CommandType='"Text"', CommandTimeout='30']
CREATE INDEX [IX_Prescriptions_MedicalRecordId] ON [Prescriptions] ([MedicalRecordId]);
2026-05-18 21:11:42.615 +08:00 [INF] Executed DbCommand (0ms) [Parameters=[], CommandType='"Text"', CommandTimeout='30']
CREATE INDEX [IX_Prescriptions_PharmacistId] ON [Prescriptions] ([PharmacistId]);
2026-05-18 21:11:42.617 +08:00 [INF] Executed DbCommand (0ms) [Parameters=[], CommandType='"Text"', CommandTimeout='30']
CREATE UNIQUE INDEX [IX_Prescriptions_PrescriptionNo] ON [Prescriptions] ([PrescriptionNo]);
2026-05-18 21:11:42.619 +08:00 [INF] Executed DbCommand (0ms) [Parameters=[], CommandType='"Text"', CommandTimeout='30']
CREATE INDEX [IX_SpecialSchedules_DoctorId] ON [SpecialSchedules] ([DoctorId]);
2026-05-18 21:11:42.622 +08:00 [INF] Executed DbCommand (1ms) [Parameters=[], CommandType='"Text"', CommandTimeout='30']
CREATE INDEX [IX_Users_DepartmentId] ON [Users] ([DepartmentId]);
2026-05-18 21:11:42.624 +08:00 [INF] Executed DbCommand (1ms) [Parameters=[], CommandType='"Text"', CommandTimeout='30']
CREATE UNIQUE INDEX [IX_Users_Username] ON [Users] ([Username]);
2026-05-18 21:11:42.767 +08:00 [ERR] Hosting failed to start
System.IO.IOException: Failed to bind to address https://127.0.0.1:4887: address already in use.
 ---> Microsoft.AspNetCore.Connections.AddressInUseException: 通常每个套接字地址(协议/网络地址/端口)只允许使用一次。
 ---> System.Net.Sockets.SocketException (10048): 通常每个套接字地址(协议/网络地址/端口)只允许使用一次。
   at System.Net.Sockets.Socket.UpdateStatusAfterSocketErrorAndThrowException(SocketError error, Boolean disconnectOnFailure, String callerName)
   at System.Net.Sockets.Socket.DoBind(EndPoint endPointSnapshot, SocketAddress socketAddress)
   at System.Net.Sockets.Socket.Bind(EndPoint localEP)
   at Microsoft.AspNetCore.Server.Kestrel.Transport.Sockets.SocketTransportOptions.CreateDefaultBoundListenSocket(EndPoint endpoint)
   at Microsoft.AspNetCore.Server.Kestrel.Transport.Sockets.SocketConnectionListener.Bind()
   --- End of inner exception stack trace ---
   at Microsoft.AspNetCore.Server.Kestrel.Transport.Sockets.SocketConnectionListener.Bind()
   at Microsoft.AspNetCore.Server.Kestrel.Transport.Sockets.SocketTransportFactory.BindAsync(EndPoint endpoint, CancellationToken cancellationToken)
   at Microsoft.AspNetCore.Server.Kestrel.Core.Internal.Infrastructure.TransportManager.BindAsync(EndPoint endPoint, ConnectionDelegate connectionDelegate, EndpointConfig endpointConfig, CancellationToken cancellationToken)
   at Microsoft.AspNetCore.Server.Kestrel.Core.KestrelServerImpl.<>c__DisplayClass28_0`1.<<StartAsync>g__OnBind|0>d.MoveNext()
--- End of stack trace from previous location ---
   at Microsoft.AspNetCore.Server.Kestrel.Core.Internal.AddressBinder.BindEndpointAsync(ListenOptions endpoint, AddressBindContext context, CancellationToken cancellationToken)
   --- End of inner exception stack trace ---
   at Microsoft.AspNetCore.Server.Kestrel.Core.Internal.AddressBinder.BindEndpointAsync(ListenOptions endpoint, AddressBindContext context, CancellationToken cancellationToken)
   at Microsoft.AspNetCore.Server.Kestrel.Core.LocalhostListenOptions.BindAsync(AddressBindContext context, CancellationToken cancellationToken)
   at Microsoft.AspNetCore.Server.Kestrel.Core.Internal.AddressBinder.AddressesStrategy.BindAsync(AddressBindContext context, CancellationToken cancellationToken)
   at Microsoft.AspNetCore.Server.Kestrel.Core.Internal.AddressBinder.BindAsync(ListenOptions[] listenOptions, AddressBindContext context, Func`2 useHttps, CancellationToken cancellationToken)
   at Microsoft.AspNetCore.Server.Kestrel.Core.KestrelServerImpl.BindAsync(CancellationToken cancellationToken)
   at Microsoft.AspNetCore.Server.Kestrel.Core.KestrelServerImpl.StartAsync[TContext](IHttpApplication`1 application, CancellationToken cancellationToken)
   at Microsoft.AspNetCore.Hosting.GenericWebHostService.StartAsync(CancellationToken cancellationToken)
   at Microsoft.Extensions.Hosting.Internal.Host.<StartAsync>b__15_1(IHostedService service, CancellationToken token)
   at Microsoft.Extensions.Hosting.Internal.Host.ForeachService[T](IEnumerable`1 services, CancellationToken token, Boolean concurrent, Boolean abortOnFirstException, List`1 exceptions, Func`3 operation)
2026-05-18 21:22:31.247 +08:00 [WRN] Entity 'Patient' has a global query filter defined and is the required end of a relationship with the entity 'Appointment'. This may lead to unexpected results when the required entity is filtered out. Either configure the navigation as optional, or define matching query filters for both entities in the navigation. See https://go.microsoft.com/fwlink/?linkid=2131316 for more information.
2026-05-18 21:22:31.282 +08:00 [WRN] Entity 'Patient' has a global query filter defined and is the required end of a relationship with the entity 'FamilyMember'. This may lead to unexpected results when the required entity is filtered out. Either configure the navigation as optional, or define matching query filters for both entities in the navigation. See https://go.microsoft.com/fwlink/?linkid=2131316 for more information.
2026-05-18 21:22:31.282 +08:00 [WRN] Entity 'Patient' has a global query filter defined and is the required end of a relationship with the entity 'MedicalRecord'. This may lead to unexpected results when the required entity is filtered out. Either configure the navigation as optional, or define matching query filters for both entities in the navigation. See https://go.microsoft.com/fwlink/?linkid=2131316 for more information.
2026-05-18 21:22:31.282 +08:00 [WRN] Entity 'Patient' has a global query filter defined and is the required end of a relationship with the entity 'Payment'. This may lead to unexpected results when the required entity is filtered out. Either configure the navigation as optional, or define matching query filters for both entities in the navigation. See https://go.microsoft.com/fwlink/?linkid=2131316 for more information.
2026-05-18 21:22:31.375 +08:00 [WRN] No store type was specified for the decimal property 'Price' on entity type 'ChargeItem'. This will cause values to be silently truncated if they do not fit in the default precision and scale. Explicitly specify the SQL server column type that can accommodate all the values in 'OnModelCreating' using 'HasColumnType', specify precision and scale using 'HasPrecision', or configure a value converter using 'HasConversion'.
2026-05-18 21:22:31.376 +08:00 [WRN] No store type was specified for the decimal property 'CostPrice' on entity type 'Drug'. This will cause values to be silently truncated if they do not fit in the default precision and scale. Explicitly specify the SQL server column type that can accommodate all the values in 'OnModelCreating' using 'HasColumnType', specify precision and scale using 'HasPrecision', or configure a value converter using 'HasConversion'.
2026-05-18 21:22:31.376 +08:00 [WRN] No store type was specified for the decimal property 'Price' on entity type 'Drug'. This will cause values to be silently truncated if they do not fit in the default precision and scale. Explicitly specify the SQL server column type that can accommodate all the values in 'OnModelCreating' using 'HasColumnType', specify precision and scale using 'HasPrecision', or configure a value converter using 'HasConversion'.
2026-05-18 21:22:31.376 +08:00 [WRN] No store type was specified for the decimal property 'ActualAmount' on entity type 'Payment'. This will cause values to be silently truncated if they do not fit in the default precision and scale. Explicitly specify the SQL server column type that can accommodate all the values in 'OnModelCreating' using 'HasColumnType', specify precision and scale using 'HasPrecision', or configure a value converter using 'HasConversion'.
2026-05-18 21:22:31.376 +08:00 [WRN] No store type was specified for the decimal property 'DiscountAmount' on entity type 'Payment'. This will cause values to be silently truncated if they do not fit in the default precision and scale. Explicitly specify the SQL server column type that can accommodate all the values in 'OnModelCreating' using 'HasColumnType', specify precision and scale using 'HasPrecision', or configure a value converter using 'HasConversion'.
2026-05-18 21:22:31.376 +08:00 [WRN] No store type was specified for the decimal property 'TotalAmount' on entity type 'Payment'. This will cause values to be silently truncated if they do not fit in the default precision and scale. Explicitly specify the SQL server column type that can accommodate all the values in 'OnModelCreating' using 'HasColumnType', specify precision and scale using 'HasPrecision', or configure a value converter using 'HasConversion'.
2026-05-18 21:22:31.376 +08:00 [WRN] No store type was specified for the decimal property 'SubTotal' on entity type 'PaymentItem'. This will cause values to be silently truncated if they do not fit in the default precision and scale. Explicitly specify the SQL server column type that can accommodate all the values in 'OnModelCreating' using 'HasColumnType', specify precision and scale using 'HasPrecision', or configure a value converter using 'HasConversion'.
2026-05-18 21:22:31.376 +08:00 [WRN] No store type was specified for the decimal property 'UnitPrice' on entity type 'PaymentItem'. This will cause values to be silently truncated if they do not fit in the default precision and scale. Explicitly specify the SQL server column type that can accommodate all the values in 'OnModelCreating' using 'HasColumnType', specify precision and scale using 'HasPrecision', or configure a value converter using 'HasConversion'.
2026-05-18 21:22:31.376 +08:00 [WRN] No store type was specified for the decimal property 'TotalAmount' on entity type 'Prescription'. This will cause values to be silently truncated if they do not fit in the default precision and scale. Explicitly specify the SQL server column type that can accommodate all the values in 'OnModelCreating' using 'HasColumnType', specify precision and scale using 'HasPrecision', or configure a value converter using 'HasConversion'.
2026-05-18 21:22:31.376 +08:00 [WRN] No store type was specified for the decimal property 'Quantity' on entity type 'PrescriptionItem'. This will cause values to be silently truncated if they do not fit in the default precision and scale. Explicitly specify the SQL server column type that can accommodate all the values in 'OnModelCreating' using 'HasColumnType', specify precision and scale using 'HasPrecision', or configure a value converter using 'HasConversion'.
2026-05-18 21:22:31.376 +08:00 [WRN] No store type was specified for the decimal property 'SubTotal' on entity type 'PrescriptionItem'. This will cause values to be silently truncated if they do not fit in the default precision and scale. Explicitly specify the SQL server column type that can accommodate all the values in 'OnModelCreating' using 'HasColumnType', specify precision and scale using 'HasPrecision', or configure a value converter using 'HasConversion'.
2026-05-18 21:22:31.376 +08:00 [WRN] No store type was specified for the decimal property 'UnitPrice' on entity type 'PrescriptionItem'. This will cause values to be silently truncated if they do not fit in the default precision and scale. Explicitly specify the SQL server column type that can accommodate all the values in 'OnModelCreating' using 'HasColumnType', specify precision and scale using 'HasPrecision', or configure a value converter using 'HasConversion'.
2026-05-18 21:22:31.377 +08:00 [WRN] No store type was specified for the decimal property 'ConsultationFee' on entity type 'User'. This will cause values to be silently truncated if they do not fit in the default precision and scale. Explicitly specify the SQL server column type that can accommodate all the values in 'OnModelCreating' using 'HasColumnType', specify precision and scale using 'HasPrecision', or configure a value converter using 'HasConversion'.
2026-05-18 21:22:31.687 +08:00 [INF] Executed DbCommand (14ms) [Parameters=[], CommandType='"Text"', CommandTimeout='30']
SELECT 1
2026-05-18 21:22:34.733 +08:00 [INF] Executed DbCommand (3,017ms) [Parameters=[], CommandType='"Text"', CommandTimeout='60']
IF SERVERPROPERTY('EngineEdition') <> 5
BEGIN
    ALTER DATABASE [ClinicSystem_Dev] SET SINGLE_USER WITH ROLLBACK IMMEDIATE;
END;
2026-05-18 21:22:34.748 +08:00 [INF] Executed DbCommand (14ms) [Parameters=[], CommandType='"Text"', CommandTimeout='60']
DROP DATABASE [ClinicSystem_Dev];
2026-05-18 21:22:35.606 +08:00 [WRN] Entity 'Patient' has a global query filter defined and is the required end of a relationship with the entity 'Appointment'. This may lead to unexpected results when the required entity is filtered out. Either configure the navigation as optional, or define matching query filters for both entities in the navigation. See https://go.microsoft.com/fwlink/?linkid=2131316 for more information.
2026-05-18 21:22:35.606 +08:00 [WRN] Entity 'Patient' has a global query filter defined and is the required end of a relationship with the entity 'FamilyMember'. This may lead to unexpected results when the required entity is filtered out. Either configure the navigation as optional, or define matching query filters for both entities in the navigation. See https://go.microsoft.com/fwlink/?linkid=2131316 for more information.
2026-05-18 21:22:35.606 +08:00 [WRN] Entity 'Patient' has a global query filter defined and is the required end of a relationship with the entity 'MedicalRecord'. This may lead to unexpected results when the required entity is filtered out. Either configure the navigation as optional, or define matching query filters for both entities in the navigation. See https://go.microsoft.com/fwlink/?linkid=2131316 for more information.
2026-05-18 21:22:35.606 +08:00 [WRN] Entity 'Patient' has a global query filter defined and is the required end of a relationship with the entity 'Payment'. This may lead to unexpected results when the required entity is filtered out. Either configure the navigation as optional, or define matching query filters for both entities in the navigation. See https://go.microsoft.com/fwlink/?linkid=2131316 for more information.
2026-05-18 21:22:35.624 +08:00 [WRN] No store type was specified for the decimal property 'Price' on entity type 'ChargeItem'. This will cause values to be silently truncated if they do not fit in the default precision and scale. Explicitly specify the SQL server column type that can accommodate all the values in 'OnModelCreating' using 'HasColumnType', specify precision and scale using 'HasPrecision', or configure a value converter using 'HasConversion'.
2026-05-18 21:22:35.624 +08:00 [WRN] No store type was specified for the decimal property 'CostPrice' on entity type 'Drug'. This will cause values to be silently truncated if they do not fit in the default precision and scale. Explicitly specify the SQL server column type that can accommodate all the values in 'OnModelCreating' using 'HasColumnType', specify precision and scale using 'HasPrecision', or configure a value converter using 'HasConversion'.
2026-05-18 21:22:35.624 +08:00 [WRN] No store type was specified for the decimal property 'Price' on entity type 'Drug'. This will cause values to be silently truncated if they do not fit in the default precision and scale. Explicitly specify the SQL server column type that can accommodate all the values in 'OnModelCreating' using 'HasColumnType', specify precision and scale using 'HasPrecision', or configure a value converter using 'HasConversion'.
2026-05-18 21:22:35.624 +08:00 [WRN] No store type was specified for the decimal property 'ActualAmount' on entity type 'Payment'. This will cause values to be silently truncated if they do not fit in the default precision and scale. Explicitly specify the SQL server column type that can accommodate all the values in 'OnModelCreating' using 'HasColumnType', specify precision and scale using 'HasPrecision', or configure a value converter using 'HasConversion'.
2026-05-18 21:22:35.624 +08:00 [WRN] No store type was specified for the decimal property 'DiscountAmount' on entity type 'Payment'. This will cause values to be silently truncated if they do not fit in the default precision and scale. Explicitly specify the SQL server column type that can accommodate all the values in 'OnModelCreating' using 'HasColumnType', specify precision and scale using 'HasPrecision', or configure a value converter using 'HasConversion'.
2026-05-18 21:22:35.624 +08:00 [WRN] No store type was specified for the decimal property 'TotalAmount' on entity type 'Payment'. This will cause values to be silently truncated if they do not fit in the default precision and scale. Explicitly specify the SQL server column type that can accommodate all the values in 'OnModelCreating' using 'HasColumnType', specify precision and scale using 'HasPrecision', or configure a value converter using 'HasConversion'.
2026-05-18 21:22:35.624 +08:00 [WRN] No store type was specified for the decimal property 'SubTotal' on entity type 'PaymentItem'. This will cause values to be silently truncated if they do not fit in the default precision and scale. Explicitly specify the SQL server column type that can accommodate all the values in 'OnModelCreating' using 'HasColumnType', specify precision and scale using 'HasPrecision', or configure a value converter using 'HasConversion'.
2026-05-18 21:22:35.624 +08:00 [WRN] No store type was specified for the decimal property 'UnitPrice' on entity type 'PaymentItem'. This will cause values to be silently truncated if they do not fit in the default precision and scale. Explicitly specify the SQL server column type that can accommodate all the values in 'OnModelCreating' using 'HasColumnType', specify precision and scale using 'HasPrecision', or configure a value converter using 'HasConversion'.
2026-05-18 21:22:35.624 +08:00 [WRN] No store type was specified for the decimal property 'TotalAmount' on entity type 'Prescription'. This will cause values to be silently truncated if they do not fit in the default precision and scale. Explicitly specify the SQL server column type that can accommodate all the values in 'OnModelCreating' using 'HasColumnType', specify precision and scale using 'HasPrecision', or configure a value converter using 'HasConversion'.
2026-05-18 21:22:35.624 +08:00 [WRN] No store type was specified for the decimal property 'Quantity' on entity type 'PrescriptionItem'. This will cause values to be silently truncated if they do not fit in the default precision and scale. Explicitly specify the SQL server column type that can accommodate all the values in 'OnModelCreating' using 'HasColumnType', specify precision and scale using 'HasPrecision', or configure a value converter using 'HasConversion'.
2026-05-18 21:22:35.624 +08:00 [WRN] No store type was specified for the decimal property 'SubTotal' on entity type 'PrescriptionItem'. This will cause values to be silently truncated if they do not fit in the default precision and scale. Explicitly specify the SQL server column type that can accommodate all the values in 'OnModelCreating' using 'HasColumnType', specify precision and scale using 'HasPrecision', or configure a value converter using 'HasConversion'.
2026-05-18 21:22:35.624 +08:00 [WRN] No store type was specified for the decimal property 'UnitPrice' on entity type 'PrescriptionItem'. This will cause values to be silently truncated if they do not fit in the default precision and scale. Explicitly specify the SQL server column type that can accommodate all the values in 'OnModelCreating' using 'HasColumnType', specify precision and scale using 'HasPrecision', or configure a value converter using 'HasConversion'.
2026-05-18 21:22:35.624 +08:00 [WRN] No store type was specified for the decimal property 'ConsultationFee' on entity type 'User'. This will cause values to be silently truncated if they do not fit in the default precision and scale. Explicitly specify the SQL server column type that can accommodate all the values in 'OnModelCreating' using 'HasColumnType', specify precision and scale using 'HasPrecision', or configure a value converter using 'HasConversion'.
2026-05-18 21:22:35.836 +08:00 [INF] Executed DbCommand (198ms) [Parameters=[], CommandType='"Text"', CommandTimeout='60']
CREATE DATABASE [ClinicSystem_Dev];
2026-05-18 21:22:35.866 +08:00 [INF] Executed DbCommand (30ms) [Parameters=[], CommandType='"Text"', CommandTimeout='60']
IF SERVERPROPERTY('EngineEdition') <> 5
BEGIN
    ALTER DATABASE [ClinicSystem_Dev] SET READ_COMMITTED_SNAPSHOT ON;
END;
2026-05-18 21:22:35.871 +08:00 [INF] Executed DbCommand (0ms) [Parameters=[], CommandType='"Text"', CommandTimeout='30']
SELECT 1
2026-05-18 21:22:36.002 +08:00 [INF] Executed DbCommand (5ms) [Parameters=[], CommandType='"Text"', CommandTimeout='30']
CREATE TABLE [ChargeItems] (
    [Id] int NOT NULL IDENTITY,
    [Code] nvarchar(20) NOT NULL,
    [Name] nvarchar(100) NOT NULL,
    [Category] nvarchar(20) NOT NULL,
    [Price] decimal(18,2) NOT NULL,
    [Unit] nvarchar(10) NULL,
    [IsActive] bit NOT NULL,
    [Remark] nvarchar(200) NULL,
    [CreatedAt] datetime2 NOT NULL,
    CONSTRAINT [PK_ChargeItems] PRIMARY KEY ([Id])
);
2026-05-18 21:22:36.004 +08:00 [INF] Executed DbCommand (1ms) [Parameters=[], CommandType='"Text"', CommandTimeout='30']
CREATE TABLE [Departments] (
    [Id] int NOT NULL IDENTITY,
    [Name] nvarchar(50) NOT NULL,
    [Description] nvarchar(200) NULL,
    [IsActive] bit NOT NULL,
    [SortOrder] int NOT NULL,
    [CreatedAt] datetime2 NOT NULL,
    CONSTRAINT [PK_Departments] PRIMARY KEY ([Id])
);
2026-05-18 21:22:36.005 +08:00 [INF] Executed DbCommand (1ms) [Parameters=[], CommandType='"Text"', CommandTimeout='30']
CREATE TABLE [Drugs] (
    [Id] int NOT NULL IDENTITY,
    [Code] nvarchar(20) NOT NULL,
    [Name] nvarchar(100) NOT NULL,
    [CommonName] nvarchar(100) NULL,
    [Specification] nvarchar(100) NULL,
    [Manufacturer] nvarchar(100) NULL,
    [Category] nvarchar(20) NOT NULL,
    [DosageForm] nvarchar(20) NULL,
    [Unit] nvarchar(10) NULL,
    [Price] decimal(18,2) NOT NULL,
    [CostPrice] decimal(18,2) NULL,
    [IsPrescription] bit NOT NULL,
    [IsActive] bit NOT NULL,
    [Remark] nvarchar(200) NULL,
    [CreatedAt] datetime2 NOT NULL,
    CONSTRAINT [PK_Drugs] PRIMARY KEY ([Id])
);
2026-05-18 21:22:36.007 +08:00 [INF] Executed DbCommand (1ms) [Parameters=[], CommandType='"Text"', CommandTimeout='30']
CREATE TABLE [Patients] (
    [Id] int NOT NULL IDENTITY,
    [Name] nvarchar(50) NOT NULL,
    [Gender] nvarchar(max) NULL,
    [DateOfBirth] datetime2 NULL,
    [Phone] nvarchar(20) NULL,
    [IdCard] nvarchar(18) NULL,
    [Address] nvarchar(200) NULL,
    [MedicalInsuranceNo] nvarchar(50) NULL,
    [Allergies] nvarchar(500) NULL,
    [MedicalHistory] nvarchar(1000) NULL,
    [Remark] nvarchar(500) NULL,
    [IsDeleted] bit NOT NULL,
    [CreatedAt] datetime2 NOT NULL,
    [UpdatedAt] datetime2 NOT NULL,
    CONSTRAINT [PK_Patients] PRIMARY KEY ([Id])
);
2026-05-18 21:22:36.009 +08:00 [INF] Executed DbCommand (2ms) [Parameters=[], CommandType='"Text"', CommandTimeout='30']
CREATE TABLE [Users] (
    [Id] int NOT NULL IDENTITY,
    [Username] nvarchar(50) NOT NULL,
    [PasswordHash] nvarchar(max) NOT NULL,
    [DisplayName] nvarchar(50) NOT NULL,
    [Phone] nvarchar(20) NULL,
    [Email] nvarchar(100) NULL,
    [Role] int NOT NULL,
    [IsActive] bit NOT NULL,
    [DepartmentId] int NULL,
    [CreatedAt] datetime2 NOT NULL,
    [LastLoginAt] datetime2 NULL,
    [Title] nvarchar(50) NULL,
    [Introduction] nvarchar(500) NULL,
    [ConsultationFee] decimal(18,2) NULL,
    [MaxDailyPatients] int NULL,
    CONSTRAINT [PK_Users] PRIMARY KEY ([Id]),
    CONSTRAINT [FK_Users_Departments_DepartmentId] FOREIGN KEY ([DepartmentId]) REFERENCES [Departments] ([Id]) ON DELETE SET NULL
);
2026-05-18 21:22:36.010 +08:00 [INF] Executed DbCommand (1ms) [Parameters=[], CommandType='"Text"', CommandTimeout='30']
CREATE TABLE [FamilyMembers] (
    [Id] int NOT NULL IDENTITY,
    [PatientId] int NOT NULL,
    [Name] nvarchar(50) NOT NULL,
    [Relationship] nvarchar(20) NOT NULL,
    [Phone] nvarchar(20) NULL,
    [IdCard] nvarchar(18) NULL,
    [CreatedAt] datetime2 NOT NULL,
    CONSTRAINT [PK_FamilyMembers] PRIMARY KEY ([Id]),
    CONSTRAINT [FK_FamilyMembers_Patients_PatientId] FOREIGN KEY ([PatientId]) REFERENCES [Patients] ([Id]) ON DELETE CASCADE
);
2026-05-18 21:22:36.012 +08:00 [INF] Executed DbCommand (2ms) [Parameters=[], CommandType='"Text"', CommandTimeout='30']
CREATE TABLE [Appointments] (
    [Id] int NOT NULL IDENTITY,
    [AppointmentNo] nvarchar(20) NOT NULL,
    [PatientId] int NOT NULL,
    [DoctorId] int NOT NULL,
    [DepartmentId] int NULL,
    [RegisterUserId] int NULL,
    [AppointmentDate] datetime2 NOT NULL,
    [TimeSlot] nvarchar(20) NOT NULL,
    [QueueNumber] int NOT NULL,
    [Status] int NOT NULL,
    [Source] nvarchar(20) NULL,
    [Remark] nvarchar(200) NULL,
    [CreatedAt] datetime2 NOT NULL,
    [CancelledAt] datetime2 NULL,
    [CancelReason] nvarchar(200) NULL,
    CONSTRAINT [PK_Appointments] PRIMARY KEY ([Id]),
    CONSTRAINT [FK_Appointments_Departments_DepartmentId] FOREIGN KEY ([DepartmentId]) REFERENCES [Departments] ([Id]) ON DELETE SET NULL,
    CONSTRAINT [FK_Appointments_Patients_PatientId] FOREIGN KEY ([PatientId]) REFERENCES [Patients] ([Id]) ON DELETE CASCADE,
    CONSTRAINT [FK_Appointments_Users_DoctorId] FOREIGN KEY ([DoctorId]) REFERENCES [Users] ([Id]),
    CONSTRAINT [FK_Appointments_Users_RegisterUserId] FOREIGN KEY ([RegisterUserId]) REFERENCES [Users] ([Id])
);
2026-05-18 21:22:36.013 +08:00 [INF] Executed DbCommand (1ms) [Parameters=[], CommandType='"Text"', CommandTimeout='30']
CREATE TABLE [DoctorSchedules] (
    [Id] int NOT NULL IDENTITY,
    [DoctorId] int NOT NULL,
    [DayOfWeek] int NOT NULL,
    [TimeSlot] nvarchar(20) NOT NULL,
    [StartTime] time NOT NULL,
    [EndTime] time NOT NULL,
    [MaxPatients] int NOT NULL,
    [IsActive] bit NOT NULL,
    [CreatedAt] datetime2 NOT NULL,
    CONSTRAINT [PK_DoctorSchedules] PRIMARY KEY ([Id]),
    CONSTRAINT [FK_DoctorSchedules_Users_DoctorId] FOREIGN KEY ([DoctorId]) REFERENCES [Users] ([Id]) ON DELETE CASCADE
);
2026-05-18 21:22:36.014 +08:00 [INF] Executed DbCommand (1ms) [Parameters=[], CommandType='"Text"', CommandTimeout='30']
CREATE TABLE [SpecialSchedules] (
    [Id] int NOT NULL IDENTITY,
    [DoctorId] int NOT NULL,
    [Date] datetime2 NOT NULL,
    [IsWorkDay] bit NOT NULL,
    [TimeSlot] nvarchar(20) NULL,
    [StartTime] time NULL,
    [EndTime] time NULL,
    [MaxPatients] int NULL,
    [Reason] nvarchar(200) NULL,
    [CreatedAt] datetime2 NOT NULL,
    CONSTRAINT [PK_SpecialSchedules] PRIMARY KEY ([Id]),
    CONSTRAINT [FK_SpecialSchedules_Users_DoctorId] FOREIGN KEY ([DoctorId]) REFERENCES [Users] ([Id]) ON DELETE CASCADE
);
2026-05-18 21:22:36.017 +08:00 [INF] Executed DbCommand (2ms) [Parameters=[], CommandType='"Text"', CommandTimeout='30']
CREATE TABLE [MedicalRecords] (
    [Id] int NOT NULL IDENTITY,
    [RecordNo] nvarchar(20) NOT NULL,
    [PatientId] int NOT NULL,
    [DoctorId] int NOT NULL,
    [AppointmentId] int NOT NULL,
    [VisitDate] datetime2 NOT NULL,
    [ChiefComplaint] nvarchar(2000) NULL,
    [PresentIllness] nvarchar(4000) NULL,
    [PastHistory] nvarchar(2000) NULL,
    [PhysicalExamination] nvarchar(4000) NULL,
    [AuxiliaryExamination] nvarchar(2000) NULL,
    [TcmObservation] nvarchar(2000) NULL,
    [TcmAuscultation] nvarchar(2000) NULL,
    [TcmInquiry] nvarchar(2000) NULL,
    [TcmPalpation] nvarchar(2000) NULL,
    [WesternDiagnosis] nvarchar(500) NULL,
    [TcmDiagnosis] nvarchar(500) NULL,
    [TcmSyndrome] nvarchar(500) NULL,
    [DoctorAdvice] nvarchar(2000) NULL,
    [Remark] nvarchar(500) NULL,
    [CreatedAt] datetime2 NOT NULL,
    [UpdatedAt] datetime2 NOT NULL,
    CONSTRAINT [PK_MedicalRecords] PRIMARY KEY ([Id]),
    CONSTRAINT [FK_MedicalRecords_Appointments_AppointmentId] FOREIGN KEY ([AppointmentId]) REFERENCES [Appointments] ([Id]),
    CONSTRAINT [FK_MedicalRecords_Patients_PatientId] FOREIGN KEY ([PatientId]) REFERENCES [Patients] ([Id]),
    CONSTRAINT [FK_MedicalRecords_Users_DoctorId] FOREIGN KEY ([DoctorId]) REFERENCES [Users] ([Id])
);
2026-05-18 21:22:36.018 +08:00 [INF] Executed DbCommand (1ms) [Parameters=[], CommandType='"Text"', CommandTimeout='30']
CREATE TABLE [Payments] (
    [Id] int NOT NULL IDENTITY,
    [PaymentNo] nvarchar(20) NOT NULL,
    [PatientId] int NOT NULL,
    [AppointmentId] int NULL,
    [OperatorId] int NOT NULL,
    [TotalAmount] decimal(18,2) NOT NULL,
    [DiscountAmount] decimal(18,2) NULL,
    [ActualAmount] decimal(18,2) NOT NULL,
    [PaymentMethod] nvarchar(20) NOT NULL,
    [Status] nvarchar(20) NOT NULL,
    [Remark] nvarchar(200) NULL,
    [CreatedAt] datetime2 NOT NULL,
    [RefundedAt] datetime2 NULL,
    CONSTRAINT [PK_Payments] PRIMARY KEY ([Id]),
    CONSTRAINT [FK_Payments_Appointments_AppointmentId] FOREIGN KEY ([AppointmentId]) REFERENCES [Appointments] ([Id]),
    CONSTRAINT [FK_Payments_Patients_PatientId] FOREIGN KEY ([PatientId]) REFERENCES [Patients] ([Id]) ON DELETE CASCADE,
    CONSTRAINT [FK_Payments_Users_OperatorId] FOREIGN KEY ([OperatorId]) REFERENCES [Users] ([Id]) ON DELETE CASCADE
);
2026-05-18 21:22:36.020 +08:00 [INF] Executed DbCommand (1ms) [Parameters=[], CommandType='"Text"', CommandTimeout='30']
CREATE TABLE [Prescriptions] (
    [Id] int NOT NULL IDENTITY,
    [PrescriptionNo] nvarchar(20) NOT NULL,
    [MedicalRecordId] int NOT NULL,
    [Type] nvarchar(20) NOT NULL,
    [DecoctingMethod] nvarchar(200) NULL,
    [Direction] nvarchar(500) NULL,
    [TotalAmount] decimal(18,2) NOT NULL,
    [PharmacistId] int NULL,
    [Status] nvarchar(20) NOT NULL,
    [CreatedAt] datetime2 NOT NULL,
    [DispensedAt] datetime2 NULL,
    CONSTRAINT [PK_Prescriptions] PRIMARY KEY ([Id]),
    CONSTRAINT [FK_Prescriptions_MedicalRecords_MedicalRecordId] FOREIGN KEY ([MedicalRecordId]) REFERENCES [MedicalRecords] ([Id]) ON DELETE CASCADE,
    CONSTRAINT [FK_Prescriptions_Users_PharmacistId] FOREIGN KEY ([PharmacistId]) REFERENCES [Users] ([Id])
);
2026-05-18 21:22:36.021 +08:00 [INF] Executed DbCommand (2ms) [Parameters=[], CommandType='"Text"', CommandTimeout='30']
CREATE TABLE [PaymentItems] (
    [Id] int NOT NULL IDENTITY,
    [PaymentId] int NOT NULL,
    [ItemType] nvarchar(20) NOT NULL,
    [ItemId] int NULL,
    [ItemName] nvarchar(100) NOT NULL,
    [Quantity] int NOT NULL,
    [UnitPrice] decimal(18,2) NOT NULL,
    [SubTotal] decimal(18,2) NOT NULL,
    CONSTRAINT [PK_PaymentItems] PRIMARY KEY ([Id]),
    CONSTRAINT [FK_PaymentItems_Payments_PaymentId] FOREIGN KEY ([PaymentId]) REFERENCES [Payments] ([Id]) ON DELETE CASCADE
);
2026-05-18 21:22:36.023 +08:00 [INF] Executed DbCommand (1ms) [Parameters=[], CommandType='"Text"', CommandTimeout='30']
CREATE TABLE [PrescriptionItems] (
    [Id] int NOT NULL IDENTITY,
    [PrescriptionId] int NOT NULL,
    [DrugId] int NOT NULL,
    [DrugName] nvarchar(100) NOT NULL,
    [Specification] nvarchar(100) NULL,
    [Quantity] decimal(18,2) NOT NULL,
    [Dosage] nvarchar(50) NULL,
    [Frequency] nvarchar(20) NULL,
    [Usage] nvarchar(50) NULL,
    [Days] nvarchar(20) NULL,
    [Remark] nvarchar(200) NULL,
    [UnitPrice] decimal(18,2) NOT NULL,
    [SubTotal] decimal(18,2) NOT NULL,
    CONSTRAINT [PK_PrescriptionItems] PRIMARY KEY ([Id]),
    CONSTRAINT [FK_PrescriptionItems_Drugs_DrugId] FOREIGN KEY ([DrugId]) REFERENCES [Drugs] ([Id]) ON DELETE CASCADE,
    CONSTRAINT [FK_PrescriptionItems_Prescriptions_PrescriptionId] FOREIGN KEY ([PrescriptionId]) REFERENCES [Prescriptions] ([Id]) ON DELETE CASCADE
);
2026-05-18 21:22:36.037 +08:00 [INF] Executed DbCommand (14ms) [Parameters=[], CommandType='"Text"', CommandTimeout='30']
IF EXISTS (SELECT * FROM [sys].[identity_columns] WHERE [name] IN (N'Id', N'CreatedAt', N'Description', N'IsActive', N'Name', N'SortOrder') AND [object_id] = OBJECT_ID(N'[Departments]'))
    SET IDENTITY_INSERT [Departments] ON;
INSERT INTO [Departments] ([Id], [CreatedAt], [Description], [IsActive], [Name], [SortOrder])
VALUES (1, '2026-05-18T13:22:34.8447418Z', N'内科诊疗', CAST(1 AS bit), N'内科', 1),
(2, '2026-05-18T13:22:34.8447434Z', N'外科诊疗', CAST(1 AS bit), N'外科', 2),
(3, '2026-05-18T13:22:34.8447436Z', N'妇科诊疗', CAST(1 AS bit), N'妇科', 3),
(4, '2026-05-18T13:22:34.8447437Z', N'儿科诊疗', CAST(1 AS bit), N'儿科', 4),
(5, '2026-05-18T13:22:34.8447438Z', N'中医诊疗（中西医结合）', CAST(1 AS bit), N'中医科', 5),
(6, '2026-05-18T13:22:34.8447439Z', N'药品管理', CAST(1 AS bit), N'药房', 6);
IF EXISTS (SELECT * FROM [sys].[identity_columns] WHERE [name] IN (N'Id', N'CreatedAt', N'Description', N'IsActive', N'Name', N'SortOrder') AND [object_id] = OBJECT_ID(N'[Departments]'))
    SET IDENTITY_INSERT [Departments] OFF;
2026-05-18 21:22:36.047 +08:00 [INF] Executed DbCommand (10ms) [Parameters=[], CommandType='"Text"', CommandTimeout='30']
IF EXISTS (SELECT * FROM [sys].[identity_columns] WHERE [name] IN (N'Id', N'ConsultationFee', N'CreatedAt', N'DepartmentId', N'DisplayName', N'Email', N'Introduction', N'IsActive', N'LastLoginAt', N'MaxDailyPatients', N'PasswordHash', N'Phone', N'Role', N'Title', N'Username') AND [object_id] = OBJECT_ID(N'[Users]'))
    SET IDENTITY_INSERT [Users] ON;
INSERT INTO [Users] ([Id], [ConsultationFee], [CreatedAt], [DepartmentId], [DisplayName], [Email], [Introduction], [IsActive], [LastLoginAt], [MaxDailyPatients], [PasswordHash], [Phone], [Role], [Title], [Username])
VALUES (1, NULL, '2025-01-01T00:00:00.0000000Z', NULL, N'系统管理员', NULL, NULL, CAST(1 AS bit), NULL, NULL, N'$2a$11$dTsA92zuLoNAgvhRPAP9zuF00yWP9tuwLZv/m6gv0x3vngzeHH07K', NULL, 1, NULL, N'admin'),
(4, NULL, '2025-01-01T00:00:00.0000000Z', NULL, N'王收银', NULL, NULL, CAST(1 AS bit), NULL, NULL, N'$2a$11$SLj/0bhRAM4l3KkA/8INM.Z7djkN4Co3bcud03bWc.UZwg4ryEOFq', NULL, 4, NULL, N'cashier1'),
(5, NULL, '2025-01-01T00:00:00.0000000Z', NULL, N'赵药师', NULL, NULL, CAST(1 AS bit), NULL, NULL, N'$2a$11$gLonUZMuGB5gE8rafPP4t.sQ/j/x3Otg6XrPdGPNT.zbqI5t7Wnv.', NULL, 5, NULL, N'pharmacist1'),
(2, 50.0, '2025-01-01T00:00:00.0000000Z', 1, N'张医生', NULL, NULL, CAST(1 AS bit), NULL, 30, N'$2a$11$wKQH1Jz7NbY71qg8HHu9xeZYWDpd41ix8C.1h.afa6cgIlBYj5vCq', N'13800000001', 2, N'主任医师', N'doctor1'),
(3, 30.0, '2025-01-01T00:00:00.0000000Z', 2, N'李医生', NULL, NULL, CAST(1 AS bit), NULL, 40, N'$2a$11$zeCB44L05qkcH9AAX70Fpu1Yi3gosgYMOZZu51Boz2gB1G.6Pk5TC', N'13800000002', 2, N'副主任医师', N'doctor2');
IF EXISTS (SELECT * FROM [sys].[identity_columns] WHERE [name] IN (N'Id', N'ConsultationFee', N'CreatedAt', N'DepartmentId', N'DisplayName', N'Email', N'Introduction', N'IsActive', N'LastLoginAt', N'MaxDailyPatients', N'PasswordHash', N'Phone', N'Role', N'Title', N'Username') AND [object_id] = OBJECT_ID(N'[Users]'))
    SET IDENTITY_INSERT [Users] OFF;
2026-05-18 21:22:36.057 +08:00 [INF] Executed DbCommand (10ms) [Parameters=[], CommandType='"Text"', CommandTimeout='30']
IF EXISTS (SELECT * FROM [sys].[identity_columns] WHERE [name] IN (N'Id', N'CreatedAt', N'DayOfWeek', N'DoctorId', N'EndTime', N'IsActive', N'MaxPatients', N'StartTime', N'TimeSlot') AND [object_id] = OBJECT_ID(N'[DoctorSchedules]'))
    SET IDENTITY_INSERT [DoctorSchedules] ON;
INSERT INTO [DoctorSchedules] ([Id], [CreatedAt], [DayOfWeek], [DoctorId], [EndTime], [IsActive], [MaxPatients], [StartTime], [TimeSlot])
VALUES (1, '2025-01-01T00:00:00.0000000', 1, 2, '12:00:00', CAST(1 AS bit), 20, '08:00:00', N'上午'),
(2, '2025-01-01T00:00:00.0000000', 1, 2, '18:00:00', CAST(1 AS bit), 15, '14:00:00', N'下午'),
(3, '2025-01-01T00:00:00.0000000', 2, 2, '12:00:00', CAST(1 AS bit), 20, '08:00:00', N'上午'),
(4, '2025-01-01T00:00:00.0000000', 2, 2, '18:00:00', CAST(1 AS bit), 15, '14:00:00', N'下午'),
(5, '2025-01-01T00:00:00.0000000', 3, 2, '12:00:00', CAST(1 AS bit), 20, '08:00:00', N'上午'),
(6, '2025-01-01T00:00:00.0000000', 4, 2, '12:00:00', CAST(1 AS bit), 20, '08:00:00', N'上午'),
(7, '2025-01-01T00:00:00.0000000', 5, 2, '12:00:00', CAST(1 AS bit), 20, '08:00:00', N'上午'),
(8, '2025-01-01T00:00:00.0000000', 1, 3, '12:00:00', CAST(1 AS bit), 25, '08:00:00', N'上午'),
(9, '2025-01-01T00:00:00.0000000', 2, 3, '12:00:00', CAST(1 AS bit), 25, '08:00:00', N'上午'),
(10, '2025-01-01T00:00:00.0000000', 3, 3, '12:00:00', CAST(1 AS bit), 25, '08:00:00', N'上午'),
(11, '2025-01-01T00:00:00.0000000', 4, 3, '12:00:00', CAST(1 AS bit), 25, '08:00:00', N'上午'),
(12, '2025-01-01T00:00:00.0000000', 5, 3, '12:00:00', CAST(1 AS bit), 25, '08:00:00', N'上午'),
(13, '2025-01-01T00:00:00.0000000', 6, 3, '12:00:00', CAST(1 AS bit), 15, '08:00:00', N'上午');
IF EXISTS (SELECT * FROM [sys].[identity_columns] WHERE [name] IN (N'Id', N'CreatedAt', N'DayOfWeek', N'DoctorId', N'EndTime', N'IsActive', N'MaxPatients', N'StartTime', N'TimeSlot') AND [object_id] = OBJECT_ID(N'[DoctorSchedules]'))
    SET IDENTITY_INSERT [DoctorSchedules] OFF;
2026-05-18 21:22:36.058 +08:00 [INF] Executed DbCommand (1ms) [Parameters=[], CommandType='"Text"', CommandTimeout='30']
CREATE UNIQUE INDEX [IX_Appointments_AppointmentNo] ON [Appointments] ([AppointmentNo]);
2026-05-18 21:22:36.059 +08:00 [INF] Executed DbCommand (1ms) [Parameters=[], CommandType='"Text"', CommandTimeout='30']
CREATE INDEX [IX_Appointments_DepartmentId] ON [Appointments] ([DepartmentId]);
2026-05-18 21:22:36.059 +08:00 [INF] Executed DbCommand (1ms) [Parameters=[], CommandType='"Text"', CommandTimeout='30']
CREATE INDEX [IX_Appointments_DoctorId] ON [Appointments] ([DoctorId]);
2026-05-18 21:22:36.060 +08:00 [INF] Executed DbCommand (1ms) [Parameters=[], CommandType='"Text"', CommandTimeout='30']
CREATE INDEX [IX_Appointments_PatientId] ON [Appointments] ([PatientId]);
2026-05-18 21:22:36.060 +08:00 [INF] Executed DbCommand (1ms) [Parameters=[], CommandType='"Text"', CommandTimeout='30']
CREATE INDEX [IX_Appointments_RegisterUserId] ON [Appointments] ([RegisterUserId]);
2026-05-18 21:22:36.061 +08:00 [INF] Executed DbCommand (0ms) [Parameters=[], CommandType='"Text"', CommandTimeout='30']
CREATE UNIQUE INDEX [IX_ChargeItems_Code] ON [ChargeItems] ([Code]);
2026-05-18 21:22:36.062 +08:00 [INF] Executed DbCommand (1ms) [Parameters=[], CommandType='"Text"', CommandTimeout='30']
CREATE INDEX [IX_DoctorSchedules_DoctorId] ON [DoctorSchedules] ([DoctorId]);
2026-05-18 21:22:36.063 +08:00 [INF] Executed DbCommand (1ms) [Parameters=[], CommandType='"Text"', CommandTimeout='30']
CREATE UNIQUE INDEX [IX_Drugs_Code] ON [Drugs] ([Code]);
2026-05-18 21:22:36.064 +08:00 [INF] Executed DbCommand (1ms) [Parameters=[], CommandType='"Text"', CommandTimeout='30']
CREATE INDEX [IX_FamilyMembers_PatientId] ON [FamilyMembers] ([PatientId]);
2026-05-18 21:22:36.064 +08:00 [INF] Executed DbCommand (1ms) [Parameters=[], CommandType='"Text"', CommandTimeout='30']
CREATE INDEX [IX_MedicalRecords_AppointmentId] ON [MedicalRecords] ([AppointmentId]);
2026-05-18 21:22:36.065 +08:00 [INF] Executed DbCommand (1ms) [Parameters=[], CommandType='"Text"', CommandTimeout='30']
CREATE INDEX [IX_MedicalRecords_DoctorId] ON [MedicalRecords] ([DoctorId]);
2026-05-18 21:22:36.066 +08:00 [INF] Executed DbCommand (1ms) [Parameters=[], CommandType='"Text"', CommandTimeout='30']
CREATE INDEX [IX_MedicalRecords_PatientId] ON [MedicalRecords] ([PatientId]);
2026-05-18 21:22:36.066 +08:00 [INF] Executed DbCommand (1ms) [Parameters=[], CommandType='"Text"', CommandTimeout='30']
CREATE UNIQUE INDEX [IX_MedicalRecords_RecordNo] ON [MedicalRecords] ([RecordNo]);
2026-05-18 21:22:36.067 +08:00 [INF] Executed DbCommand (1ms) [Parameters=[], CommandType='"Text"', CommandTimeout='30']
CREATE INDEX [IX_Patients_IdCard] ON [Patients] ([IdCard]);
2026-05-18 21:22:36.068 +08:00 [INF] Executed DbCommand (1ms) [Parameters=[], CommandType='"Text"', CommandTimeout='30']
CREATE INDEX [IX_Patients_Phone] ON [Patients] ([Phone]);
2026-05-18 21:22:36.068 +08:00 [INF] Executed DbCommand (1ms) [Parameters=[], CommandType='"Text"', CommandTimeout='30']
CREATE INDEX [IX_PaymentItems_PaymentId] ON [PaymentItems] ([PaymentId]);
2026-05-18 21:22:36.069 +08:00 [INF] Executed DbCommand (1ms) [Parameters=[], CommandType='"Text"', CommandTimeout='30']
CREATE INDEX [IX_Payments_AppointmentId] ON [Payments] ([AppointmentId]);
2026-05-18 21:22:36.069 +08:00 [INF] Executed DbCommand (0ms) [Parameters=[], CommandType='"Text"', CommandTimeout='30']
CREATE INDEX [IX_Payments_OperatorId] ON [Payments] ([OperatorId]);
2026-05-18 21:22:36.070 +08:00 [INF] Executed DbCommand (1ms) [Parameters=[], CommandType='"Text"', CommandTimeout='30']
CREATE INDEX [IX_Payments_PatientId] ON [Payments] ([PatientId]);
2026-05-18 21:22:36.071 +08:00 [INF] Executed DbCommand (1ms) [Parameters=[], CommandType='"Text"', CommandTimeout='30']
CREATE UNIQUE INDEX [IX_Payments_PaymentNo] ON [Payments] ([PaymentNo]);
2026-05-18 21:22:36.071 +08:00 [INF] Executed DbCommand (0ms) [Parameters=[], CommandType='"Text"', CommandTimeout='30']
CREATE INDEX [IX_PrescriptionItems_DrugId] ON [PrescriptionItems] ([DrugId]);
2026-05-18 21:22:36.072 +08:00 [INF] Executed DbCommand (0ms) [Parameters=[], CommandType='"Text"', CommandTimeout='30']
CREATE INDEX [IX_PrescriptionItems_PrescriptionId] ON [PrescriptionItems] ([PrescriptionId]);
2026-05-18 21:22:36.072 +08:00 [INF] Executed DbCommand (0ms) [Parameters=[], CommandType='"Text"', CommandTimeout='30']
CREATE INDEX [IX_Prescriptions_MedicalRecordId] ON [Prescriptions] ([MedicalRecordId]);
2026-05-18 21:22:36.073 +08:00 [INF] Executed DbCommand (0ms) [Parameters=[], CommandType='"Text"', CommandTimeout='30']
CREATE INDEX [IX_Prescriptions_PharmacistId] ON [Prescriptions] ([PharmacistId]);
2026-05-18 21:22:36.073 +08:00 [INF] Executed DbCommand (0ms) [Parameters=[], CommandType='"Text"', CommandTimeout='30']
CREATE UNIQUE INDEX [IX_Prescriptions_PrescriptionNo] ON [Prescriptions] ([PrescriptionNo]);
2026-05-18 21:22:36.074 +08:00 [INF] Executed DbCommand (0ms) [Parameters=[], CommandType='"Text"', CommandTimeout='30']
CREATE INDEX [IX_SpecialSchedules_DoctorId] ON [SpecialSchedules] ([DoctorId]);
2026-05-18 21:22:36.075 +08:00 [INF] Executed DbCommand (1ms) [Parameters=[], CommandType='"Text"', CommandTimeout='30']
CREATE INDEX [IX_Users_DepartmentId] ON [Users] ([DepartmentId]);
2026-05-18 21:22:36.076 +08:00 [INF] Executed DbCommand (1ms) [Parameters=[], CommandType='"Text"', CommandTimeout='30']
CREATE UNIQUE INDEX [IX_Users_Username] ON [Users] ([Username]);
2026-05-18 21:22:36.191 +08:00 [INF] Now listening on: https://localhost:4887
2026-05-18 21:22:36.191 +08:00 [INF] Now listening on: http://localhost:4888
2026-05-18 21:22:36.193 +08:00 [INF] Application started. Press Ctrl+C to shut down.
2026-05-18 21:22:36.193 +08:00 [INF] Hosting environment: Development
2026-05-18 21:22:36.193 +08:00 [INF] Content root path: D:\ClinicSystem\src\ClinicSystem.Api
2026-05-18 21:24:45.616 +08:00 [INF] Executed DbCommand (13ms) [Parameters=[], CommandType='"Text"', CommandTimeout='30']
SELECT COUNT(*)
FROM [Patients] AS [p]
WHERE [p].[IsDeleted] = CAST(0 AS bit)
2026-05-18 21:24:45.667 +08:00 [INF] Executed DbCommand (12ms) [Parameters=[@__p_0='?' (DbType = Int32), @__p_1='?' (DbType = Int32)], CommandType='"Text"', CommandTimeout='30']
SELECT [p].[Id], [p].[Name], [p].[Gender], [p].[DateOfBirth], [p].[Phone], [p].[IdCard], [p].[Address], [p].[Allergies], [p].[MedicalHistory], [p].[CreatedAt]
FROM [Patients] AS [p]
WHERE [p].[IsDeleted] = CAST(0 AS bit)
ORDER BY [p].[CreatedAt] DESC
OFFSET @__p_0 ROWS FETCH NEXT @__p_1 ROWS ONLY
2026-05-18 21:24:47.724 +08:00 [INF] Executed DbCommand (0ms) [Parameters=[], CommandType='"Text"', CommandTimeout='30']
SELECT COUNT(*)
FROM [Patients] AS [p]
WHERE [p].[IsDeleted] = CAST(0 AS bit)
2026-05-18 21:24:47.726 +08:00 [INF] Executed DbCommand (0ms) [Parameters=[@__p_0='?' (DbType = Int32), @__p_1='?' (DbType = Int32)], CommandType='"Text"', CommandTimeout='30']
SELECT [p].[Id], [p].[Name], [p].[Gender], [p].[DateOfBirth], [p].[Phone], [p].[IdCard], [p].[Address], [p].[Allergies], [p].[MedicalHistory], [p].[CreatedAt]
FROM [Patients] AS [p]
WHERE [p].[IsDeleted] = CAST(0 AS bit)
ORDER BY [p].[CreatedAt] DESC
OFFSET @__p_0 ROWS FETCH NEXT @__p_1 ROWS ONLY
2026-05-18 21:25:16.044 +08:00 [INF] Executed DbCommand (2ms) [Parameters=[@p0='?' (Size = 200), @p1='?' (Size = 500), @p2='?' (DbType = DateTime2), @p3='?' (DbType = DateTime2), @p4='?' (Size = 4000), @p5='?' (Size = 18), @p6='?' (DbType = Boolean), @p7='?' (Size = 1000), @p8='?' (Size = 50), @p9='?' (Size = 50), @p10='?' (Size = 20), @p11='?' (Size = 500), @p12='?' (DbType = DateTime2)], CommandType='"Text"', CommandTimeout='30']
SET IMPLICIT_TRANSACTIONS OFF;
SET NOCOUNT ON;
INSERT INTO [Patients] ([Address], [Allergies], [CreatedAt], [DateOfBirth], [Gender], [IdCard], [IsDeleted], [MedicalHistory], [MedicalInsuranceNo], [Name], [Phone], [Remark], [UpdatedAt])
OUTPUT INSERTED.[Id]
VALUES (@p0, @p1, @p2, @p3, @p4, @p5, @p6, @p7, @p8, @p9, @p10, @p11, @p12);
2026-05-18 21:25:16.093 +08:00 [INF] Executed DbCommand (0ms) [Parameters=[], CommandType='"Text"', CommandTimeout='30']
SELECT COUNT(*)
FROM [Patients] AS [p]
WHERE [p].[IsDeleted] = CAST(0 AS bit)
2026-05-18 21:25:16.096 +08:00 [INF] Executed DbCommand (3ms) [Parameters=[@__p_0='?' (DbType = Int32), @__p_1='?' (DbType = Int32)], CommandType='"Text"', CommandTimeout='30']
SELECT [p].[Id], [p].[Name], [p].[Gender], [p].[DateOfBirth], [p].[Phone], [p].[IdCard], [p].[Address], [p].[Allergies], [p].[MedicalHistory], [p].[CreatedAt]
FROM [Patients] AS [p]
WHERE [p].[IsDeleted] = CAST(0 AS bit)
ORDER BY [p].[CreatedAt] DESC
OFFSET @__p_0 ROWS FETCH NEXT @__p_1 ROWS ONLY
2026-05-18 21:25:17.974 +08:00 [INF] Executed DbCommand (1ms) [Parameters=[@__patientId_0='?' (DbType = Int32)], CommandType='"Text"', CommandTimeout='30']
SELECT [f].[Id], [f].[CreatedAt], [f].[IdCard], [f].[Name], [f].[PatientId], [f].[Phone], [f].[Relationship]
FROM [FamilyMembers] AS [f]
WHERE [f].[PatientId] = @__patientId_0
ORDER BY [f].[CreatedAt]
2026-05-18 21:25:35.951 +08:00 [INF] Executed DbCommand (3ms) [Parameters=[@p0='?' (DbType = DateTime2), @p1='?' (Size = 18), @p2='?' (Size = 50), @p3='?' (DbType = Int32), @p4='?' (Size = 20), @p5='?' (Size = 20)], CommandType='"Text"', CommandTimeout='30']
SET IMPLICIT_TRANSACTIONS OFF;
SET NOCOUNT ON;
INSERT INTO [FamilyMembers] ([CreatedAt], [IdCard], [Name], [PatientId], [Phone], [Relationship])
OUTPUT INSERTED.[Id]
VALUES (@p0, @p1, @p2, @p3, @p4, @p5);
2026-05-18 21:25:36.276 +08:00 [INF] Executed DbCommand (3ms) [Parameters=[@__patientId_0='?' (DbType = Int32)], CommandType='"Text"', CommandTimeout='30']
SELECT [f].[Id], [f].[CreatedAt], [f].[IdCard], [f].[Name], [f].[PatientId], [f].[Phone], [f].[Relationship]
FROM [FamilyMembers] AS [f]
WHERE [f].[PatientId] = @__patientId_0
ORDER BY [f].[CreatedAt]
2026-05-18 21:25:40.627 +08:00 [INF] Executed DbCommand (1ms) [Parameters=[], CommandType='"Text"', CommandTimeout='30']
SELECT COUNT(*)
FROM [Patients] AS [p]
WHERE [p].[IsDeleted] = CAST(0 AS bit)
2026-05-18 21:25:40.629 +08:00 [INF] Executed DbCommand (1ms) [Parameters=[@__p_0='?' (DbType = Int32), @__p_1='?' (DbType = Int32)], CommandType='"Text"', CommandTimeout='30']
SELECT [p].[Id], [p].[Name], [p].[Gender], [p].[DateOfBirth], [p].[Phone], [p].[IdCard], [p].[Address], [p].[Allergies], [p].[MedicalHistory], [p].[CreatedAt]
FROM [Patients] AS [p]
WHERE [p].[IsDeleted] = CAST(0 AS bit)
ORDER BY [p].[CreatedAt] DESC
OFFSET @__p_0 ROWS FETCH NEXT @__p_1 ROWS ONLY
2026-05-18 21:25:42.979 +08:00 [INF] Executed DbCommand (0ms) [Parameters=[@__patientId_0='?' (DbType = Int32)], CommandType='"Text"', CommandTimeout='30']
SELECT [f].[Id], [f].[CreatedAt], [f].[IdCard], [f].[Name], [f].[PatientId], [f].[Phone], [f].[Relationship]
FROM [FamilyMembers] AS [f]
WHERE [f].[PatientId] = @__patientId_0
ORDER BY [f].[CreatedAt]
2026-05-18 21:25:52.141 +08:00 [INF] Executed DbCommand (4ms) [Parameters=[], CommandType='"Text"', CommandTimeout='30']
SELECT [u].[Id], [u].[ConsultationFee], [u].[CreatedAt], [u].[DepartmentId], [u].[DisplayName], [u].[Email], [u].[Introduction], [u].[IsActive], [u].[LastLoginAt], [u].[MaxDailyPatients], [u].[PasswordHash], [u].[Phone], [u].[Role], [u].[Title], [u].[Username], [d].[Id], [d].[CreatedAt], [d].[Description], [d].[IsActive], [d].[Name], [d].[SortOrder]
FROM [Users] AS [u]
LEFT JOIN [Departments] AS [d] ON [u].[DepartmentId] = [d].[Id]
WHERE [u].[Role] = 2 AND [u].[IsActive] = CAST(1 AS bit)
2026-05-18 21:25:52.194 +08:00 [INF] Executed DbCommand (2ms) [Parameters=[@__doc_Id_0='?' (DbType = Int32), @__8__locals1_dateOnly_1='?' (DbType = DateTime2)], CommandType='"Text"', CommandTimeout='30']
SELECT TOP(1) [s].[Id], [s].[CreatedAt], [s].[Date], [s].[DoctorId], [s].[EndTime], [s].[IsWorkDay], [s].[MaxPatients], [s].[Reason], [s].[StartTime], [s].[TimeSlot]
FROM [SpecialSchedules] AS [s]
WHERE [s].[DoctorId] = @__doc_Id_0 AND [s].[Date] = @__8__locals1_dateOnly_1
2026-05-18 21:25:52.203 +08:00 [INF] Executed DbCommand (4ms) [Parameters=[@__doc_Id_0='?' (DbType = Int32), @__8__locals1_dayOfWeek_1='?' (DbType = Int32)], CommandType='"Text"', CommandTimeout='30']
SELECT [d].[Id], [d].[CreatedAt], [d].[DayOfWeek], [d].[DoctorId], [d].[EndTime], [d].[IsActive], [d].[MaxPatients], [d].[StartTime], [d].[TimeSlot]
FROM [DoctorSchedules] AS [d]
WHERE [d].[DoctorId] = @__doc_Id_0 AND [d].[DayOfWeek] = @__8__locals1_dayOfWeek_1 AND [d].[IsActive] = CAST(1 AS bit)
2026-05-18 21:25:52.223 +08:00 [INF] Executed DbCommand (2ms) [Parameters=[@__8__locals2_doc_Id_0='?' (DbType = Int32), @__8__locals1_dateOnly_1='?' (DbType = DateTime2), @__rs_TimeSlot_2='?' (Size = 20)], CommandType='"Text"', CommandTimeout='30']
SELECT COUNT(*)
FROM [Appointments] AS [a]
WHERE [a].[DoctorId] = @__8__locals2_doc_Id_0 AND [a].[AppointmentDate] = @__8__locals1_dateOnly_1 AND [a].[TimeSlot] = @__rs_TimeSlot_2 AND [a].[Status] <> 4
2026-05-18 21:25:52.234 +08:00 [INF] Executed DbCommand (10ms) [Parameters=[@__8__locals2_doc_Id_0='?' (DbType = Int32), @__8__locals1_dateOnly_1='?' (DbType = DateTime2), @__rs_TimeSlot_2='?' (Size = 20)], CommandType='"Text"', CommandTimeout='30']
SELECT COUNT(*)
FROM [Appointments] AS [a]
WHERE [a].[DoctorId] = @__8__locals2_doc_Id_0 AND [a].[AppointmentDate] = @__8__locals1_dateOnly_1 AND [a].[TimeSlot] = @__rs_TimeSlot_2 AND [a].[Status] <> 4
2026-05-18 21:25:52.235 +08:00 [INF] Executed DbCommand (0ms) [Parameters=[@__doc_Id_0='?' (DbType = Int32), @__8__locals1_dateOnly_1='?' (DbType = DateTime2)], CommandType='"Text"', CommandTimeout='30']
SELECT TOP(1) [s].[Id], [s].[CreatedAt], [s].[Date], [s].[DoctorId], [s].[EndTime], [s].[IsWorkDay], [s].[MaxPatients], [s].[Reason], [s].[StartTime], [s].[TimeSlot]
FROM [SpecialSchedules] AS [s]
WHERE [s].[DoctorId] = @__doc_Id_0 AND [s].[Date] = @__8__locals1_dateOnly_1
2026-05-18 21:25:52.236 +08:00 [INF] Executed DbCommand (0ms) [Parameters=[@__doc_Id_0='?' (DbType = Int32), @__8__locals1_dayOfWeek_1='?' (DbType = Int32)], CommandType='"Text"', CommandTimeout='30']
SELECT [d].[Id], [d].[CreatedAt], [d].[DayOfWeek], [d].[DoctorId], [d].[EndTime], [d].[IsActive], [d].[MaxPatients], [d].[StartTime], [d].[TimeSlot]
FROM [DoctorSchedules] AS [d]
WHERE [d].[DoctorId] = @__doc_Id_0 AND [d].[DayOfWeek] = @__8__locals1_dayOfWeek_1 AND [d].[IsActive] = CAST(1 AS bit)
2026-05-18 21:25:52.237 +08:00 [INF] Executed DbCommand (0ms) [Parameters=[@__8__locals2_doc_Id_0='?' (DbType = Int32), @__8__locals1_dateOnly_1='?' (DbType = DateTime2), @__rs_TimeSlot_2='?' (Size = 20)], CommandType='"Text"', CommandTimeout='30']
SELECT COUNT(*)
FROM [Appointments] AS [a]
WHERE [a].[DoctorId] = @__8__locals2_doc_Id_0 AND [a].[AppointmentDate] = @__8__locals1_dateOnly_1 AND [a].[TimeSlot] = @__rs_TimeSlot_2 AND [a].[Status] <> 4
2026-05-18 21:25:52.517 +08:00 [INF] Executed DbCommand (4ms) [Parameters=[], CommandType='"Text"', CommandTimeout='30']
SELECT [d].[Id], [d].[Name], [d].[Description], [d].[SortOrder]
FROM [Departments] AS [d]
WHERE [d].[IsActive] = CAST(1 AS bit)
ORDER BY [d].[SortOrder]
2026-05-18 21:25:52.522 +08:00 [INF] Executed DbCommand (1ms) [Parameters=[], CommandType='"Text"', CommandTimeout='30']
SELECT COUNT(*)
FROM [Appointments] AS [a]
2026-05-18 21:25:52.590 +08:00 [INF] Executed DbCommand (55ms) [Parameters=[@__queryDate_0='?' (DbType = DateTime2), @__nextDay_1='?' (DbType = DateTime2)], CommandType='"Text"', CommandTimeout='30']
SELECT [a].[Id], [a].[AppointmentNo], [a].[TimeSlot], [a].[QueueNumber], [a].[Status], [t].[Name] AS [PatientName], [u].[DisplayName] AS [DoctorName], [d].[Name] AS [DepartmentName]
FROM [Appointments] AS [a]
INNER JOIN (
    SELECT [p].[Id], [p].[Name]
    FROM [Patients] AS [p]
    WHERE [p].[IsDeleted] = CAST(0 AS bit)
) AS [t] ON [a].[PatientId] = [t].[Id]
INNER JOIN [Users] AS [u] ON [a].[DoctorId] = [u].[Id]
LEFT JOIN [Departments] AS [d] ON [a].[DepartmentId] = [d].[Id]
WHERE [a].[AppointmentDate] >= @__queryDate_0 AND [a].[AppointmentDate] < @__nextDay_1
ORDER BY [a].[TimeSlot], [a].[QueueNumber]
2026-05-18 21:25:52.616 +08:00 [INF] Executed DbCommand (70ms) [Parameters=[@__p_0='?' (DbType = Int32), @__p_1='?' (DbType = Int32)], CommandType='"Text"', CommandTimeout='30']
SELECT [t].[Id], [t].[AppointmentNo], [t].[AppointmentDate], [t].[TimeSlot], [t].[QueueNumber], [t].[Status], [t].[Source], [t].[Remark], [t].[CreatedAt], [t].[PatientId], [t0].[Name] AS [PatientName], [t0].[Phone] AS [PatientPhone], [t0].[Gender] AS [PatientGender], [t].[DoctorId], [u].[DisplayName] AS [DoctorName], [u].[Title] AS [DoctorTitle], [t].[DepartmentId], [d].[Name] AS [DepartmentName]
FROM (
    SELECT [a].[Id], [a].[AppointmentDate], [a].[AppointmentNo], [a].[CreatedAt], [a].[DepartmentId], [a].[DoctorId], [a].[PatientId], [a].[QueueNumber], [a].[Remark], [a].[Source], [a].[Status], [a].[TimeSlot]
    FROM [Appointments] AS [a]
    ORDER BY [a].[CreatedAt] DESC
    OFFSET @__p_0 ROWS FETCH NEXT @__p_1 ROWS ONLY
) AS [t]
INNER JOIN (
    SELECT [p].[Id], [p].[Gender], [p].[Name], [p].[Phone]
    FROM [Patients] AS [p]
    WHERE [p].[IsDeleted] = CAST(0 AS bit)
) AS [t0] ON [t].[PatientId] = [t0].[Id]
INNER JOIN [Users] AS [u] ON [t].[DoctorId] = [u].[Id]
LEFT JOIN [Departments] AS [d] ON [t].[DepartmentId] = [d].[Id]
ORDER BY [t].[CreatedAt] DESC
2026-05-18 21:25:54.128 +08:00 [INF] Executed DbCommand (0ms) [Parameters=[], CommandType='"Text"', CommandTimeout='30']
SELECT COUNT(*)
FROM [Appointments] AS [a]
2026-05-18 21:25:54.129 +08:00 [INF] Executed DbCommand (0ms) [Parameters=[@__p_0='?' (DbType = Int32), @__p_1='?' (DbType = Int32)], CommandType='"Text"', CommandTimeout='30']
SELECT [t].[Id], [t].[AppointmentNo], [t].[AppointmentDate], [t].[TimeSlot], [t].[QueueNumber], [t].[Status], [t].[Source], [t].[Remark], [t].[CreatedAt], [t].[PatientId], [t0].[Name] AS [PatientName], [t0].[Phone] AS [PatientPhone], [t0].[Gender] AS [PatientGender], [t].[DoctorId], [u].[DisplayName] AS [DoctorName], [u].[Title] AS [DoctorTitle], [t].[DepartmentId], [d].[Name] AS [DepartmentName]
FROM (
    SELECT [a].[Id], [a].[AppointmentDate], [a].[AppointmentNo], [a].[CreatedAt], [a].[DepartmentId], [a].[DoctorId], [a].[PatientId], [a].[QueueNumber], [a].[Remark], [a].[Source], [a].[Status], [a].[TimeSlot]
    FROM [Appointments] AS [a]
    ORDER BY [a].[CreatedAt] DESC
    OFFSET @__p_0 ROWS FETCH NEXT @__p_1 ROWS ONLY
) AS [t]
INNER JOIN (
    SELECT [p].[Id], [p].[Gender], [p].[Name], [p].[Phone]
    FROM [Patients] AS [p]
    WHERE [p].[IsDeleted] = CAST(0 AS bit)
) AS [t0] ON [t].[PatientId] = [t0].[Id]
INNER JOIN [Users] AS [u] ON [t].[DoctorId] = [u].[Id]
LEFT JOIN [Departments] AS [d] ON [t].[DepartmentId] = [d].[Id]
ORDER BY [t].[CreatedAt] DESC
2026-05-18 21:25:56.918 +08:00 [INF] Executed DbCommand (0ms) [Parameters=[], CommandType='"Text"', CommandTimeout='30']
SELECT COUNT(*)
FROM [Patients] AS [p]
WHERE [p].[IsDeleted] = CAST(0 AS bit)
2026-05-18 21:25:56.919 +08:00 [INF] Executed DbCommand (0ms) [Parameters=[@__p_0='?' (DbType = Int32), @__p_1='?' (DbType = Int32)], CommandType='"Text"', CommandTimeout='30']
SELECT [p].[Id], [p].[Name], [p].[Gender], [p].[DateOfBirth], [p].[Phone], [p].[IdCard], [p].[Address], [p].[Allergies], [p].[MedicalHistory], [p].[CreatedAt]
FROM [Patients] AS [p]
WHERE [p].[IsDeleted] = CAST(0 AS bit)
ORDER BY [p].[CreatedAt] DESC
OFFSET @__p_0 ROWS FETCH NEXT @__p_1 ROWS ONLY
2026-05-18 21:26:17.979 +08:00 [INF] Executed DbCommand (0ms) [Parameters=[], CommandType='"Text"', CommandTimeout='30']
SELECT COUNT(*)
FROM [Patients] AS [p]
WHERE [p].[IsDeleted] = CAST(0 AS bit)
2026-05-18 21:26:17.980 +08:00 [INF] Executed DbCommand (0ms) [Parameters=[@__p_0='?' (DbType = Int32), @__p_1='?' (DbType = Int32)], CommandType='"Text"', CommandTimeout='30']
SELECT [p].[Id], [p].[Name], [p].[Gender], [p].[DateOfBirth], [p].[Phone], [p].[IdCard], [p].[Address], [p].[Allergies], [p].[MedicalHistory], [p].[CreatedAt]
FROM [Patients] AS [p]
WHERE [p].[IsDeleted] = CAST(0 AS bit)
ORDER BY [p].[CreatedAt] DESC
OFFSET @__p_0 ROWS FETCH NEXT @__p_1 ROWS ONLY
2026-05-18 21:26:19.447 +08:00 [INF] Executed DbCommand (1ms) [Parameters=[], CommandType='"Text"', CommandTimeout='30']
SELECT COUNT(*)
FROM [Patients] AS [p]
WHERE [p].[IsDeleted] = CAST(0 AS bit)
2026-05-18 21:26:19.448 +08:00 [INF] Executed DbCommand (0ms) [Parameters=[@__p_0='?' (DbType = Int32), @__p_1='?' (DbType = Int32)], CommandType='"Text"', CommandTimeout='30']
SELECT [p].[Id], [p].[Name], [p].[Gender], [p].[DateOfBirth], [p].[Phone], [p].[IdCard], [p].[Address], [p].[Allergies], [p].[MedicalHistory], [p].[CreatedAt]
FROM [Patients] AS [p]
WHERE [p].[IsDeleted] = CAST(0 AS bit)
ORDER BY [p].[CreatedAt] DESC
OFFSET @__p_0 ROWS FETCH NEXT @__p_1 ROWS ONLY
2026-05-18 21:26:42.221 +08:00 [INF] Executed DbCommand (2ms) [Parameters=[@p0='?' (Size = 200), @p1='?' (Size = 500), @p2='?' (DbType = DateTime2), @p3='?' (DbType = DateTime2), @p4='?' (Size = 4000), @p5='?' (Size = 18), @p6='?' (DbType = Boolean), @p7='?' (Size = 1000), @p8='?' (Size = 50), @p9='?' (Size = 50), @p10='?' (Size = 20), @p11='?' (Size = 500), @p12='?' (DbType = DateTime2)], CommandType='"Text"', CommandTimeout='30']
SET IMPLICIT_TRANSACTIONS OFF;
SET NOCOUNT ON;
INSERT INTO [Patients] ([Address], [Allergies], [CreatedAt], [DateOfBirth], [Gender], [IdCard], [IsDeleted], [MedicalHistory], [MedicalInsuranceNo], [Name], [Phone], [Remark], [UpdatedAt])
OUTPUT INSERTED.[Id]
VALUES (@p0, @p1, @p2, @p3, @p4, @p5, @p6, @p7, @p8, @p9, @p10, @p11, @p12);
2026-05-18 21:26:42.483 +08:00 [INF] Executed DbCommand (1ms) [Parameters=[], CommandType='"Text"', CommandTimeout='30']
SELECT COUNT(*)
FROM [Patients] AS [p]
WHERE [p].[IsDeleted] = CAST(0 AS bit)
2026-05-18 21:26:42.485 +08:00 [INF] Executed DbCommand (2ms) [Parameters=[@__p_0='?' (DbType = Int32), @__p_1='?' (DbType = Int32)], CommandType='"Text"', CommandTimeout='30']
SELECT [p].[Id], [p].[Name], [p].[Gender], [p].[DateOfBirth], [p].[Phone], [p].[IdCard], [p].[Address], [p].[Allergies], [p].[MedicalHistory], [p].[CreatedAt]
FROM [Patients] AS [p]
WHERE [p].[IsDeleted] = CAST(0 AS bit)
ORDER BY [p].[CreatedAt] DESC
OFFSET @__p_0 ROWS FETCH NEXT @__p_1 ROWS ONLY
2026-05-18 21:26:44.378 +08:00 [INF] Executed DbCommand (1ms) [Parameters=[@__patientId_0='?' (DbType = Int32)], CommandType='"Text"', CommandTimeout='30']
SELECT [f].[Id], [f].[CreatedAt], [f].[IdCard], [f].[Name], [f].[PatientId], [f].[Phone], [f].[Relationship]
FROM [FamilyMembers] AS [f]
WHERE [f].[PatientId] = @__patientId_0
ORDER BY [f].[CreatedAt]
2026-05-18 21:26:53.267 +08:00 [INF] Executed DbCommand (2ms) [Parameters=[@p0='?' (DbType = DateTime2), @p1='?' (Size = 18), @p2='?' (Size = 50), @p3='?' (DbType = Int32), @p4='?' (Size = 20), @p5='?' (Size = 20)], CommandType='"Text"', CommandTimeout='30']
SET IMPLICIT_TRANSACTIONS OFF;
SET NOCOUNT ON;
INSERT INTO [FamilyMembers] ([CreatedAt], [IdCard], [Name], [PatientId], [Phone], [Relationship])
OUTPUT INSERTED.[Id]
VALUES (@p0, @p1, @p2, @p3, @p4, @p5);
2026-05-18 21:26:53.530 +08:00 [INF] Executed DbCommand (0ms) [Parameters=[@__patientId_0='?' (DbType = Int32)], CommandType='"Text"', CommandTimeout='30']
SELECT [f].[Id], [f].[CreatedAt], [f].[IdCard], [f].[Name], [f].[PatientId], [f].[Phone], [f].[Relationship]
FROM [FamilyMembers] AS [f]
WHERE [f].[PatientId] = @__patientId_0
ORDER BY [f].[CreatedAt]
2026-05-18 21:26:57.022 +08:00 [INF] Executed DbCommand (1ms) [Parameters=[@__patientId_0='?' (DbType = Int32)], CommandType='"Text"', CommandTimeout='30']
SELECT [f].[Id], [f].[CreatedAt], [f].[IdCard], [f].[Name], [f].[PatientId], [f].[Phone], [f].[Relationship]
FROM [FamilyMembers] AS [f]
WHERE [f].[PatientId] = @__patientId_0
ORDER BY [f].[CreatedAt]
2026-05-18 21:27:09.544 +08:00 [INF] Executed DbCommand (2ms) [Parameters=[], CommandType='"Text"', CommandTimeout='30']
SELECT [u].[Id], [u].[ConsultationFee], [u].[CreatedAt], [u].[DepartmentId], [u].[DisplayName], [u].[Email], [u].[Introduction], [u].[IsActive], [u].[LastLoginAt], [u].[MaxDailyPatients], [u].[PasswordHash], [u].[Phone], [u].[Role], [u].[Title], [u].[Username], [d].[Id], [d].[CreatedAt], [d].[Description], [d].[IsActive], [d].[Name], [d].[SortOrder]
FROM [Users] AS [u]
LEFT JOIN [Departments] AS [d] ON [u].[DepartmentId] = [d].[Id]
WHERE [u].[Role] = 2 AND [u].[IsActive] = CAST(1 AS bit)
2026-05-18 21:27:09.546 +08:00 [INF] Executed DbCommand (1ms) [Parameters=[@__doc_Id_0='?' (DbType = Int32), @__8__locals1_dateOnly_1='?' (DbType = DateTime2)], CommandType='"Text"', CommandTimeout='30']
SELECT TOP(1) [s].[Id], [s].[CreatedAt], [s].[Date], [s].[DoctorId], [s].[EndTime], [s].[IsWorkDay], [s].[MaxPatients], [s].[Reason], [s].[StartTime], [s].[TimeSlot]
FROM [SpecialSchedules] AS [s]
WHERE [s].[DoctorId] = @__doc_Id_0 AND [s].[Date] = @__8__locals1_dateOnly_1
2026-05-18 21:27:09.548 +08:00 [INF] Executed DbCommand (1ms) [Parameters=[@__doc_Id_0='?' (DbType = Int32), @__8__locals1_dayOfWeek_1='?' (DbType = Int32)], CommandType='"Text"', CommandTimeout='30']
SELECT [d].[Id], [d].[CreatedAt], [d].[DayOfWeek], [d].[DoctorId], [d].[EndTime], [d].[IsActive], [d].[MaxPatients], [d].[StartTime], [d].[TimeSlot]
FROM [DoctorSchedules] AS [d]
WHERE [d].[DoctorId] = @__doc_Id_0 AND [d].[DayOfWeek] = @__8__locals1_dayOfWeek_1 AND [d].[IsActive] = CAST(1 AS bit)
2026-05-18 21:27:09.551 +08:00 [INF] Executed DbCommand (2ms) [Parameters=[@__8__locals2_doc_Id_0='?' (DbType = Int32), @__8__locals1_dateOnly_1='?' (DbType = DateTime2), @__rs_TimeSlot_2='?' (Size = 20)], CommandType='"Text"', CommandTimeout='30']
SELECT COUNT(*)
FROM [Appointments] AS [a]
WHERE [a].[DoctorId] = @__8__locals2_doc_Id_0 AND [a].[AppointmentDate] = @__8__locals1_dateOnly_1 AND [a].[TimeSlot] = @__rs_TimeSlot_2 AND [a].[Status] <> 4
2026-05-18 21:27:09.552 +08:00 [INF] Executed DbCommand (0ms) [Parameters=[@__8__locals2_doc_Id_0='?' (DbType = Int32), @__8__locals1_dateOnly_1='?' (DbType = DateTime2), @__rs_TimeSlot_2='?' (Size = 20)], CommandType='"Text"', CommandTimeout='30']
SELECT COUNT(*)
FROM [Appointments] AS [a]
WHERE [a].[DoctorId] = @__8__locals2_doc_Id_0 AND [a].[AppointmentDate] = @__8__locals1_dateOnly_1 AND [a].[TimeSlot] = @__rs_TimeSlot_2 AND [a].[Status] <> 4
2026-05-18 21:27:09.552 +08:00 [INF] Executed DbCommand (0ms) [Parameters=[@__doc_Id_0='?' (DbType = Int32), @__8__locals1_dateOnly_1='?' (DbType = DateTime2)], CommandType='"Text"', CommandTimeout='30']
SELECT TOP(1) [s].[Id], [s].[CreatedAt], [s].[Date], [s].[DoctorId], [s].[EndTime], [s].[IsWorkDay], [s].[MaxPatients], [s].[Reason], [s].[StartTime], [s].[TimeSlot]
FROM [SpecialSchedules] AS [s]
WHERE [s].[DoctorId] = @__doc_Id_0 AND [s].[Date] = @__8__locals1_dateOnly_1
2026-05-18 21:27:09.553 +08:00 [INF] Executed DbCommand (0ms) [Parameters=[@__doc_Id_0='?' (DbType = Int32), @__8__locals1_dayOfWeek_1='?' (DbType = Int32)], CommandType='"Text"', CommandTimeout='30']
SELECT [d].[Id], [d].[CreatedAt], [d].[DayOfWeek], [d].[DoctorId], [d].[EndTime], [d].[IsActive], [d].[MaxPatients], [d].[StartTime], [d].[TimeSlot]
FROM [DoctorSchedules] AS [d]
WHERE [d].[DoctorId] = @__doc_Id_0 AND [d].[DayOfWeek] = @__8__locals1_dayOfWeek_1 AND [d].[IsActive] = CAST(1 AS bit)
2026-05-18 21:27:09.554 +08:00 [INF] Executed DbCommand (0ms) [Parameters=[@__8__locals2_doc_Id_0='?' (DbType = Int32), @__8__locals1_dateOnly_1='?' (DbType = DateTime2), @__rs_TimeSlot_2='?' (Size = 20)], CommandType='"Text"', CommandTimeout='30']
SELECT COUNT(*)
FROM [Appointments] AS [a]
WHERE [a].[DoctorId] = @__8__locals2_doc_Id_0 AND [a].[AppointmentDate] = @__8__locals1_dateOnly_1 AND [a].[TimeSlot] = @__rs_TimeSlot_2 AND [a].[Status] <> 4
2026-05-18 21:27:09.651 +08:00 [INF] Executed DbCommand (1ms) [Parameters=[], CommandType='"Text"', CommandTimeout='30']
SELECT [d].[Id], [d].[Name], [d].[Description], [d].[SortOrder]
FROM [Departments] AS [d]
WHERE [d].[IsActive] = CAST(1 AS bit)
ORDER BY [d].[SortOrder]
2026-05-18 21:27:09.654 +08:00 [INF] Executed DbCommand (4ms) [Parameters=[@__queryDate_0='?' (DbType = DateTime2), @__nextDay_1='?' (DbType = DateTime2)], CommandType='"Text"', CommandTimeout='30']
SELECT [a].[Id], [a].[AppointmentNo], [a].[TimeSlot], [a].[QueueNumber], [a].[Status], [t].[Name] AS [PatientName], [u].[DisplayName] AS [DoctorName], [d].[Name] AS [DepartmentName]
FROM [Appointments] AS [a]
INNER JOIN (
    SELECT [p].[Id], [p].[Name]
    FROM [Patients] AS [p]
    WHERE [p].[IsDeleted] = CAST(0 AS bit)
) AS [t] ON [a].[PatientId] = [t].[Id]
INNER JOIN [Users] AS [u] ON [a].[DoctorId] = [u].[Id]
LEFT JOIN [Departments] AS [d] ON [a].[DepartmentId] = [d].[Id]
WHERE [a].[AppointmentDate] >= @__queryDate_0 AND [a].[AppointmentDate] < @__nextDay_1
ORDER BY [a].[TimeSlot], [a].[QueueNumber]
2026-05-18 21:27:09.657 +08:00 [INF] Executed DbCommand (1ms) [Parameters=[], CommandType='"Text"', CommandTimeout='30']
SELECT COUNT(*)
FROM [Appointments] AS [a]
2026-05-18 21:27:09.661 +08:00 [INF] Executed DbCommand (3ms) [Parameters=[@__p_0='?' (DbType = Int32), @__p_1='?' (DbType = Int32)], CommandType='"Text"', CommandTimeout='30']
SELECT [t].[Id], [t].[AppointmentNo], [t].[AppointmentDate], [t].[TimeSlot], [t].[QueueNumber], [t].[Status], [t].[Source], [t].[Remark], [t].[CreatedAt], [t].[PatientId], [t0].[Name] AS [PatientName], [t0].[Phone] AS [PatientPhone], [t0].[Gender] AS [PatientGender], [t].[DoctorId], [u].[DisplayName] AS [DoctorName], [u].[Title] AS [DoctorTitle], [t].[DepartmentId], [d].[Name] AS [DepartmentName]
FROM (
    SELECT [a].[Id], [a].[AppointmentDate], [a].[AppointmentNo], [a].[CreatedAt], [a].[DepartmentId], [a].[DoctorId], [a].[PatientId], [a].[QueueNumber], [a].[Remark], [a].[Source], [a].[Status], [a].[TimeSlot]
    FROM [Appointments] AS [a]
    ORDER BY [a].[CreatedAt] DESC
    OFFSET @__p_0 ROWS FETCH NEXT @__p_1 ROWS ONLY
) AS [t]
INNER JOIN (
    SELECT [p].[Id], [p].[Gender], [p].[Name], [p].[Phone]
    FROM [Patients] AS [p]
    WHERE [p].[IsDeleted] = CAST(0 AS bit)
) AS [t0] ON [t].[PatientId] = [t0].[Id]
INNER JOIN [Users] AS [u] ON [t].[DoctorId] = [u].[Id]
LEFT JOIN [Departments] AS [d] ON [t].[DepartmentId] = [d].[Id]
ORDER BY [t].[CreatedAt] DESC
2026-05-18 21:27:18.228 +08:00 [INF] Executed DbCommand (1ms) [Parameters=[], CommandType='"Text"', CommandTimeout='30']
SELECT COUNT(*)
FROM [ChargeItems] AS [c]
2026-05-18 21:27:18.235 +08:00 [INF] Executed DbCommand (1ms) [Parameters=[@__p_0='?' (DbType = Int32), @__p_1='?' (DbType = Int32)], CommandType='"Text"', CommandTimeout='30']
SELECT [c].[Id], [c].[Category], [c].[Code], [c].[CreatedAt], [c].[IsActive], [c].[Name], [c].[Price], [c].[Remark], [c].[Unit]
FROM [ChargeItems] AS [c]
ORDER BY [c].[CreatedAt] DESC
OFFSET @__p_0 ROWS FETCH NEXT @__p_1 ROWS ONLY
2026-05-18 21:27:19.832 +08:00 [INF] Executed DbCommand (0ms) [Parameters=[], CommandType='"Text"', CommandTimeout='30']
SELECT COUNT(*)
FROM [ChargeItems] AS [c]
2026-05-18 21:27:19.833 +08:00 [INF] Executed DbCommand (0ms) [Parameters=[@__p_0='?' (DbType = Int32), @__p_1='?' (DbType = Int32)], CommandType='"Text"', CommandTimeout='30']
SELECT [c].[Id], [c].[Category], [c].[Code], [c].[CreatedAt], [c].[IsActive], [c].[Name], [c].[Price], [c].[Remark], [c].[Unit]
FROM [ChargeItems] AS [c]
ORDER BY [c].[CreatedAt] DESC
OFFSET @__p_0 ROWS FETCH NEXT @__p_1 ROWS ONLY
2026-05-18 21:27:29.844 +08:00 [INF] Executed DbCommand (3ms) [Parameters=[@__request_Code_0='?' (Size = 20)], CommandType='"Text"', CommandTimeout='30']
SELECT CASE
    WHEN EXISTS (
        SELECT 1
        FROM [ChargeItems] AS [c]
        WHERE [c].[Code] = @__request_Code_0) THEN CAST(1 AS bit)
    ELSE CAST(0 AS bit)
END
2026-05-18 21:27:29.867 +08:00 [INF] Executed DbCommand (2ms) [Parameters=[@p0='?' (Size = 20), @p1='?' (Size = 20), @p2='?' (DbType = DateTime2), @p3='?' (DbType = Boolean), @p4='?' (Size = 100), @p5='?' (Precision = 18) (Scale = 2) (DbType = Decimal), @p6='?' (Size = 200), @p7='?' (Size = 10)], CommandType='"Text"', CommandTimeout='30']
SET IMPLICIT_TRANSACTIONS OFF;
SET NOCOUNT ON;
INSERT INTO [ChargeItems] ([Category], [Code], [CreatedAt], [IsActive], [Name], [Price], [Remark], [Unit])
OUTPUT INSERTED.[Id]
VALUES (@p0, @p1, @p2, @p3, @p4, @p5, @p6, @p7);
2026-05-18 21:27:30.189 +08:00 [INF] Executed DbCommand (0ms) [Parameters=[], CommandType='"Text"', CommandTimeout='30']
SELECT COUNT(*)
FROM [ChargeItems] AS [c]
2026-05-18 21:27:30.190 +08:00 [INF] Executed DbCommand (1ms) [Parameters=[@__p_0='?' (DbType = Int32), @__p_1='?' (DbType = Int32)], CommandType='"Text"', CommandTimeout='30']
SELECT [c].[Id], [c].[Category], [c].[Code], [c].[CreatedAt], [c].[IsActive], [c].[Name], [c].[Price], [c].[Remark], [c].[Unit]
FROM [ChargeItems] AS [c]
ORDER BY [c].[CreatedAt] DESC
OFFSET @__p_0 ROWS FETCH NEXT @__p_1 ROWS ONLY
2026-05-18 21:27:43.986 +08:00 [INF] Executed DbCommand (1ms) [Parameters=[], CommandType='"Text"', CommandTimeout='30']
SELECT COUNT(*)
FROM [Payments] AS [p]
2026-05-18 21:27:43.995 +08:00 [INF] Executed DbCommand (3ms) [Parameters=[@__p_0='?' (DbType = Int32), @__p_1='?' (DbType = Int32)], CommandType='"Text"', CommandTimeout='30']
SELECT [t].[Id], [t].[PaymentNo], [t].[TotalAmount], [t].[DiscountAmount], [t].[ActualAmount], [t].[PaymentMethod], [t].[Status], [t].[Remark], [t].[CreatedAt], [t].[RefundedAt], [t].[PatientId], [t0].[Name] AS [PatientName], [u].[DisplayName] AS [OperatorName]
FROM (
    SELECT [p].[Id], [p].[ActualAmount], [p].[CreatedAt], [p].[DiscountAmount], [p].[OperatorId], [p].[PatientId], [p].[PaymentMethod], [p].[PaymentNo], [p].[RefundedAt], [p].[Remark], [p].[Status], [p].[TotalAmount]
    FROM [Payments] AS [p]
    ORDER BY [p].[CreatedAt] DESC
    OFFSET @__p_0 ROWS FETCH NEXT @__p_1 ROWS ONLY
) AS [t]
INNER JOIN (
    SELECT [p0].[Id], [p0].[Name]
    FROM [Patients] AS [p0]
    WHERE [p0].[IsDeleted] = CAST(0 AS bit)
) AS [t0] ON [t].[PatientId] = [t0].[Id]
INNER JOIN [Users] AS [u] ON [t].[OperatorId] = [u].[Id]
ORDER BY [t].[CreatedAt] DESC
2026-05-18 21:27:45.224 +08:00 [INF] Executed DbCommand (0ms) [Parameters=[], CommandType='"Text"', CommandTimeout='30']
SELECT COUNT(*)
FROM [Payments] AS [p]
2026-05-18 21:27:45.225 +08:00 [INF] Executed DbCommand (0ms) [Parameters=[@__p_0='?' (DbType = Int32), @__p_1='?' (DbType = Int32)], CommandType='"Text"', CommandTimeout='30']
SELECT [t].[Id], [t].[PaymentNo], [t].[TotalAmount], [t].[DiscountAmount], [t].[ActualAmount], [t].[PaymentMethod], [t].[Status], [t].[Remark], [t].[CreatedAt], [t].[RefundedAt], [t].[PatientId], [t0].[Name] AS [PatientName], [u].[DisplayName] AS [OperatorName]
FROM (
    SELECT [p].[Id], [p].[ActualAmount], [p].[CreatedAt], [p].[DiscountAmount], [p].[OperatorId], [p].[PatientId], [p].[PaymentMethod], [p].[PaymentNo], [p].[RefundedAt], [p].[Remark], [p].[Status], [p].[TotalAmount]
    FROM [Payments] AS [p]
    ORDER BY [p].[CreatedAt] DESC
    OFFSET @__p_0 ROWS FETCH NEXT @__p_1 ROWS ONLY
) AS [t]
INNER JOIN (
    SELECT [p0].[Id], [p0].[Name]
    FROM [Patients] AS [p0]
    WHERE [p0].[IsDeleted] = CAST(0 AS bit)
) AS [t0] ON [t].[PatientId] = [t0].[Id]
INNER JOIN [Users] AS [u] ON [t].[OperatorId] = [u].[Id]
ORDER BY [t].[CreatedAt] DESC
2026-05-18 21:27:53.942 +08:00 [INF] Executed DbCommand (1ms) [Parameters=[], CommandType='"Text"', CommandTimeout='30']
SELECT COUNT(*)
FROM [Patients] AS [p]
WHERE [p].[IsDeleted] = CAST(0 AS bit)
2026-05-18 21:27:53.943 +08:00 [INF] Executed DbCommand (1ms) [Parameters=[@__p_0='?' (DbType = Int32), @__p_1='?' (DbType = Int32)], CommandType='"Text"', CommandTimeout='30']
SELECT [p].[Id], [p].[Name], [p].[Gender], [p].[DateOfBirth], [p].[Phone], [p].[IdCard], [p].[Address], [p].[Allergies], [p].[MedicalHistory], [p].[CreatedAt]
FROM [Patients] AS [p]
WHERE [p].[IsDeleted] = CAST(0 AS bit)
ORDER BY [p].[CreatedAt] DESC
OFFSET @__p_0 ROWS FETCH NEXT @__p_1 ROWS ONLY
2026-05-18 21:28:02.265 +08:00 [INF] Executed DbCommand (7ms) [Parameters=[@__queryDate_0='?' (DbType = DateTime2), @__nextDay_1='?' (DbType = DateTime2)], CommandType='"Text"', CommandTimeout='30']
SELECT [a].[Id], [a].[AppointmentNo], [a].[TimeSlot], [a].[QueueNumber], [a].[Status], [t].[Name] AS [PatientName], [u].[DisplayName] AS [DoctorName], [d].[Name] AS [DepartmentName]
FROM [Appointments] AS [a]
INNER JOIN (
    SELECT [p].[Id], [p].[Name]
    FROM [Patients] AS [p]
    WHERE [p].[IsDeleted] = CAST(0 AS bit)
) AS [t] ON [a].[PatientId] = [t].[Id]
INNER JOIN [Users] AS [u] ON [a].[DoctorId] = [u].[Id]
LEFT JOIN [Departments] AS [d] ON [a].[DepartmentId] = [d].[Id]
WHERE [a].[AppointmentDate] >= @__queryDate_0 AND [a].[AppointmentDate] < @__nextDay_1
ORDER BY [a].[TimeSlot], [a].[QueueNumber]
2026-05-18 21:28:04.755 +08:00 [INF] Executed DbCommand (0ms) [Parameters=[@__queryDate_0='?' (DbType = DateTime2), @__nextDay_1='?' (DbType = DateTime2)], CommandType='"Text"', CommandTimeout='30']
SELECT [a].[Id], [a].[AppointmentNo], [a].[TimeSlot], [a].[QueueNumber], [a].[Status], [t].[Name] AS [PatientName], [u].[DisplayName] AS [DoctorName], [d].[Name] AS [DepartmentName]
FROM [Appointments] AS [a]
INNER JOIN (
    SELECT [p].[Id], [p].[Name]
    FROM [Patients] AS [p]
    WHERE [p].[IsDeleted] = CAST(0 AS bit)
) AS [t] ON [a].[PatientId] = [t].[Id]
INNER JOIN [Users] AS [u] ON [a].[DoctorId] = [u].[Id]
LEFT JOIN [Departments] AS [d] ON [a].[DepartmentId] = [d].[Id]
WHERE [a].[AppointmentDate] >= @__queryDate_0 AND [a].[AppointmentDate] < @__nextDay_1
ORDER BY [a].[TimeSlot], [a].[QueueNumber]
2026-05-18 21:28:06.923 +08:00 [INF] Executed DbCommand (1ms) [Parameters=[], CommandType='"Text"', CommandTimeout='30']
SELECT COUNT(*)
FROM [Drugs] AS [d]
2026-05-18 21:28:06.930 +08:00 [INF] Executed DbCommand (2ms) [Parameters=[@__p_0='?' (DbType = Int32), @__p_1='?' (DbType = Int32)], CommandType='"Text"', CommandTimeout='30']
SELECT [d].[Id], [d].[Category], [d].[Code], [d].[CommonName], [d].[CostPrice], [d].[CreatedAt], [d].[DosageForm], [d].[IsActive], [d].[IsPrescription], [d].[Manufacturer], [d].[Name], [d].[Price], [d].[Remark], [d].[Specification], [d].[Unit]
FROM [Drugs] AS [d]
ORDER BY [d].[CreatedAt] DESC
OFFSET @__p_0 ROWS FETCH NEXT @__p_1 ROWS ONLY
2026-05-18 21:28:11.549 +08:00 [INF] Executed DbCommand (2ms) [Parameters=[], CommandType='"Text"', CommandTimeout='30']
SELECT [u].[Id], [u].[ConsultationFee], [u].[CreatedAt], [u].[DepartmentId], [u].[DisplayName], [u].[Email], [u].[Introduction], [u].[IsActive], [u].[LastLoginAt], [u].[MaxDailyPatients], [u].[PasswordHash], [u].[Phone], [u].[Role], [u].[Title], [u].[Username], [d].[Id], [d].[CreatedAt], [d].[Description], [d].[IsActive], [d].[Name], [d].[SortOrder]
FROM [Users] AS [u]
LEFT JOIN [Departments] AS [d] ON [u].[DepartmentId] = [d].[Id]
WHERE [u].[Role] = 2 AND [u].[IsActive] = CAST(1 AS bit)
2026-05-18 21:28:11.552 +08:00 [INF] Executed DbCommand (2ms) [Parameters=[@__doc_Id_0='?' (DbType = Int32), @__8__locals1_dateOnly_1='?' (DbType = DateTime2)], CommandType='"Text"', CommandTimeout='30']
SELECT TOP(1) [s].[Id], [s].[CreatedAt], [s].[Date], [s].[DoctorId], [s].[EndTime], [s].[IsWorkDay], [s].[MaxPatients], [s].[Reason], [s].[StartTime], [s].[TimeSlot]
FROM [SpecialSchedules] AS [s]
WHERE [s].[DoctorId] = @__doc_Id_0 AND [s].[Date] = @__8__locals1_dateOnly_1
2026-05-18 21:28:11.554 +08:00 [INF] Executed DbCommand (1ms) [Parameters=[@__doc_Id_0='?' (DbType = Int32), @__8__locals1_dayOfWeek_1='?' (DbType = Int32)], CommandType='"Text"', CommandTimeout='30']
SELECT [d].[Id], [d].[CreatedAt], [d].[DayOfWeek], [d].[DoctorId], [d].[EndTime], [d].[IsActive], [d].[MaxPatients], [d].[StartTime], [d].[TimeSlot]
FROM [DoctorSchedules] AS [d]
WHERE [d].[DoctorId] = @__doc_Id_0 AND [d].[DayOfWeek] = @__8__locals1_dayOfWeek_1 AND [d].[IsActive] = CAST(1 AS bit)
2026-05-18 21:28:11.556 +08:00 [INF] Executed DbCommand (2ms) [Parameters=[@__8__locals2_doc_Id_0='?' (DbType = Int32), @__8__locals1_dateOnly_1='?' (DbType = DateTime2), @__rs_TimeSlot_2='?' (Size = 20)], CommandType='"Text"', CommandTimeout='30']
SELECT COUNT(*)
FROM [Appointments] AS [a]
WHERE [a].[DoctorId] = @__8__locals2_doc_Id_0 AND [a].[AppointmentDate] = @__8__locals1_dateOnly_1 AND [a].[TimeSlot] = @__rs_TimeSlot_2 AND [a].[Status] <> 4
2026-05-18 21:28:11.557 +08:00 [INF] Executed DbCommand (0ms) [Parameters=[@__8__locals2_doc_Id_0='?' (DbType = Int32), @__8__locals1_dateOnly_1='?' (DbType = DateTime2), @__rs_TimeSlot_2='?' (Size = 20)], CommandType='"Text"', CommandTimeout='30']
SELECT COUNT(*)
FROM [Appointments] AS [a]
WHERE [a].[DoctorId] = @__8__locals2_doc_Id_0 AND [a].[AppointmentDate] = @__8__locals1_dateOnly_1 AND [a].[TimeSlot] = @__rs_TimeSlot_2 AND [a].[Status] <> 4
2026-05-18 21:28:11.557 +08:00 [INF] Executed DbCommand (0ms) [Parameters=[@__doc_Id_0='?' (DbType = Int32), @__8__locals1_dateOnly_1='?' (DbType = DateTime2)], CommandType='"Text"', CommandTimeout='30']
SELECT TOP(1) [s].[Id], [s].[CreatedAt], [s].[Date], [s].[DoctorId], [s].[EndTime], [s].[IsWorkDay], [s].[MaxPatients], [s].[Reason], [s].[StartTime], [s].[TimeSlot]
FROM [SpecialSchedules] AS [s]
WHERE [s].[DoctorId] = @__doc_Id_0 AND [s].[Date] = @__8__locals1_dateOnly_1
2026-05-18 21:28:11.558 +08:00 [INF] Executed DbCommand (0ms) [Parameters=[@__doc_Id_0='?' (DbType = Int32), @__8__locals1_dayOfWeek_1='?' (DbType = Int32)], CommandType='"Text"', CommandTimeout='30']
SELECT [d].[Id], [d].[CreatedAt], [d].[DayOfWeek], [d].[DoctorId], [d].[EndTime], [d].[IsActive], [d].[MaxPatients], [d].[StartTime], [d].[TimeSlot]
FROM [DoctorSchedules] AS [d]
WHERE [d].[DoctorId] = @__doc_Id_0 AND [d].[DayOfWeek] = @__8__locals1_dayOfWeek_1 AND [d].[IsActive] = CAST(1 AS bit)
2026-05-18 21:28:11.558 +08:00 [INF] Executed DbCommand (0ms) [Parameters=[@__8__locals2_doc_Id_0='?' (DbType = Int32), @__8__locals1_dateOnly_1='?' (DbType = DateTime2), @__rs_TimeSlot_2='?' (Size = 20)], CommandType='"Text"', CommandTimeout='30']
SELECT COUNT(*)
FROM [Appointments] AS [a]
WHERE [a].[DoctorId] = @__8__locals2_doc_Id_0 AND [a].[AppointmentDate] = @__8__locals1_dateOnly_1 AND [a].[TimeSlot] = @__rs_TimeSlot_2 AND [a].[Status] <> 4
2026-05-18 21:28:11.941 +08:00 [INF] Executed DbCommand (0ms) [Parameters=[@__queryDate_0='?' (DbType = DateTime2), @__nextDay_1='?' (DbType = DateTime2)], CommandType='"Text"', CommandTimeout='30']
SELECT [a].[Id], [a].[AppointmentNo], [a].[TimeSlot], [a].[QueueNumber], [a].[Status], [t].[Name] AS [PatientName], [u].[DisplayName] AS [DoctorName], [d].[Name] AS [DepartmentName]
FROM [Appointments] AS [a]
INNER JOIN (
    SELECT [p].[Id], [p].[Name]
    FROM [Patients] AS [p]
    WHERE [p].[IsDeleted] = CAST(0 AS bit)
) AS [t] ON [a].[PatientId] = [t].[Id]
INNER JOIN [Users] AS [u] ON [a].[DoctorId] = [u].[Id]
LEFT JOIN [Departments] AS [d] ON [a].[DepartmentId] = [d].[Id]
WHERE [a].[AppointmentDate] >= @__queryDate_0 AND [a].[AppointmentDate] < @__nextDay_1
ORDER BY [a].[TimeSlot], [a].[QueueNumber]
2026-05-18 21:28:11.942 +08:00 [INF] Executed DbCommand (1ms) [Parameters=[], CommandType='"Text"', CommandTimeout='30']
SELECT COUNT(*)
FROM [Appointments] AS [a]
2026-05-18 21:28:11.946 +08:00 [INF] Executed DbCommand (4ms) [Parameters=[@__p_0='?' (DbType = Int32), @__p_1='?' (DbType = Int32)], CommandType='"Text"', CommandTimeout='30']
SELECT [t].[Id], [t].[AppointmentNo], [t].[AppointmentDate], [t].[TimeSlot], [t].[QueueNumber], [t].[Status], [t].[Source], [t].[Remark], [t].[CreatedAt], [t].[PatientId], [t0].[Name] AS [PatientName], [t0].[Phone] AS [PatientPhone], [t0].[Gender] AS [PatientGender], [t].[DoctorId], [u].[DisplayName] AS [DoctorName], [u].[Title] AS [DoctorTitle], [t].[DepartmentId], [d].[Name] AS [DepartmentName]
FROM (
    SELECT [a].[Id], [a].[AppointmentDate], [a].[AppointmentNo], [a].[CreatedAt], [a].[DepartmentId], [a].[DoctorId], [a].[PatientId], [a].[QueueNumber], [a].[Remark], [a].[Source], [a].[Status], [a].[TimeSlot]
    FROM [Appointments] AS [a]
    ORDER BY [a].[CreatedAt] DESC
    OFFSET @__p_0 ROWS FETCH NEXT @__p_1 ROWS ONLY
) AS [t]
INNER JOIN (
    SELECT [p].[Id], [p].[Gender], [p].[Name], [p].[Phone]
    FROM [Patients] AS [p]
    WHERE [p].[IsDeleted] = CAST(0 AS bit)
) AS [t0] ON [t].[PatientId] = [t0].[Id]
INNER JOIN [Users] AS [u] ON [t].[DoctorId] = [u].[Id]
LEFT JOIN [Departments] AS [d] ON [t].[DepartmentId] = [d].[Id]
ORDER BY [t].[CreatedAt] DESC
2026-05-18 21:28:11.947 +08:00 [INF] Executed DbCommand (2ms) [Parameters=[], CommandType='"Text"', CommandTimeout='30']
SELECT [d].[Id], [d].[Name], [d].[Description], [d].[SortOrder]
FROM [Departments] AS [d]
WHERE [d].[IsActive] = CAST(1 AS bit)
ORDER BY [d].[SortOrder]
2026-05-18 21:28:16.112 +08:00 [INF] Executed DbCommand (55ms) [Parameters=[], CommandType='"Text"', CommandTimeout='30']
SELECT COUNT(*)
FROM [Patients] AS [p]
WHERE [p].[IsDeleted] = CAST(0 AS bit)
2026-05-18 21:28:16.114 +08:00 [INF] Executed DbCommand (1ms) [Parameters=[@__p_0='?' (DbType = Int32), @__p_1='?' (DbType = Int32)], CommandType='"Text"', CommandTimeout='30']
SELECT [p].[Id], [p].[Name], [p].[Gender], [p].[DateOfBirth], [p].[Phone], [p].[IdCard], [p].[Address], [p].[Allergies], [p].[MedicalHistory], [p].[CreatedAt]
FROM [Patients] AS [p]
WHERE [p].[IsDeleted] = CAST(0 AS bit)
ORDER BY [p].[CreatedAt] DESC
OFFSET @__p_0 ROWS FETCH NEXT @__p_1 ROWS ONLY
2026-05-18 21:28:20.696 +08:00 [INF] Executed DbCommand (2ms) [Parameters=[@__request_DoctorId_0='?' (DbType = Int32)], CommandType='"Text"', CommandTimeout='30']
SELECT TOP(1) [u].[Id], [u].[ConsultationFee], [u].[CreatedAt], [u].[DepartmentId], [u].[DisplayName], [u].[Email], [u].[Introduction], [u].[IsActive], [u].[LastLoginAt], [u].[MaxDailyPatients], [u].[PasswordHash], [u].[Phone], [u].[Role], [u].[Title], [u].[Username], [d].[Id], [d].[CreatedAt], [d].[Description], [d].[IsActive], [d].[Name], [d].[SortOrder]
FROM [Users] AS [u]
LEFT JOIN [Departments] AS [d] ON [u].[DepartmentId] = [d].[Id]
WHERE [u].[Id] = @__request_DoctorId_0 AND [u].[Role] = 2 AND [u].[IsActive] = CAST(1 AS bit)
2026-05-18 21:28:20.699 +08:00 [INF] Executed DbCommand (1ms) [Parameters=[@__request_DoctorId_0='?' (DbType = Int32), @__apptDate_1='?' (DbType = DateTime2), @__request_TimeSlot_2='?' (Size = 20)], CommandType='"Text"', CommandTimeout='30']
SELECT COUNT(*)
FROM [Appointments] AS [a]
WHERE [a].[DoctorId] = @__request_DoctorId_0 AND [a].[AppointmentDate] = @__apptDate_1 AND [a].[TimeSlot] = @__request_TimeSlot_2 AND [a].[Status] <> 4
2026-05-18 21:28:20.749 +08:00 [INF] Executed DbCommand (3ms) [Parameters=[@p0='?' (DbType = DateTime2), @p1='?' (Size = 20), @p2='?' (Size = 200), @p3='?' (DbType = DateTime2), @p4='?' (DbType = DateTime2), @p5='?' (DbType = Int32), @p6='?' (DbType = Int32), @p7='?' (DbType = Int32), @p8='?' (DbType = Int32), @p9='?' (DbType = Int32), @p10='?' (Size = 200), @p11='?' (Size = 20), @p12='?' (DbType = Int32), @p13='?' (Size = 20)], CommandType='"Text"', CommandTimeout='30']
SET IMPLICIT_TRANSACTIONS OFF;
SET NOCOUNT ON;
INSERT INTO [Appointments] ([AppointmentDate], [AppointmentNo], [CancelReason], [CancelledAt], [CreatedAt], [DepartmentId], [DoctorId], [PatientId], [QueueNumber], [RegisterUserId], [Remark], [Source], [Status], [TimeSlot])
OUTPUT INSERTED.[Id]
VALUES (@p0, @p1, @p2, @p3, @p4, @p5, @p6, @p7, @p8, @p9, @p10, @p11, @p12, @p13);
2026-05-18 21:28:20.769 +08:00 [INF] Executed DbCommand (6ms) [Parameters=[@__apt_Id_0='?' (DbType = Int32)], CommandType='"Text"', CommandTimeout='30']
SELECT TOP(1) [a].[Id], [a].[AppointmentDate], [a].[AppointmentNo], [a].[CancelReason], [a].[CancelledAt], [a].[CreatedAt], [a].[DepartmentId], [a].[DoctorId], [a].[PatientId], [a].[QueueNumber], [a].[RegisterUserId], [a].[Remark], [a].[Source], [a].[Status], [a].[TimeSlot], [t].[Id], [t].[Address], [t].[Allergies], [t].[CreatedAt], [t].[DateOfBirth], [t].[Gender], [t].[IdCard], [t].[IsDeleted], [t].[MedicalHistory], [t].[MedicalInsuranceNo], [t].[Name], [t].[Phone], [t].[Remark], [t].[UpdatedAt], [u].[Id], [u].[ConsultationFee], [u].[CreatedAt], [u].[DepartmentId], [u].[DisplayName], [u].[Email], [u].[Introduction], [u].[IsActive], [u].[LastLoginAt], [u].[MaxDailyPatients], [u].[PasswordHash], [u].[Phone], [u].[Role], [u].[Title], [u].[Username], [d].[Id], [d].[CreatedAt], [d].[Description], [d].[IsActive], [d].[Name], [d].[SortOrder]
FROM [Appointments] AS [a]
INNER JOIN (
    SELECT [p].[Id], [p].[Address], [p].[Allergies], [p].[CreatedAt], [p].[DateOfBirth], [p].[Gender], [p].[IdCard], [p].[IsDeleted], [p].[MedicalHistory], [p].[MedicalInsuranceNo], [p].[Name], [p].[Phone], [p].[Remark], [p].[UpdatedAt]
    FROM [Patients] AS [p]
    WHERE [p].[IsDeleted] = CAST(0 AS bit)
) AS [t] ON [a].[PatientId] = [t].[Id]
INNER JOIN [Users] AS [u] ON [a].[DoctorId] = [u].[Id]
LEFT JOIN [Departments] AS [d] ON [a].[DepartmentId] = [d].[Id]
WHERE [a].[Id] = @__apt_Id_0
2026-05-18 21:28:20.944 +08:00 [INF] Executed DbCommand (0ms) [Parameters=[], CommandType='"Text"', CommandTimeout='30']
SELECT [u].[Id], [u].[ConsultationFee], [u].[CreatedAt], [u].[DepartmentId], [u].[DisplayName], [u].[Email], [u].[Introduction], [u].[IsActive], [u].[LastLoginAt], [u].[MaxDailyPatients], [u].[PasswordHash], [u].[Phone], [u].[Role], [u].[Title], [u].[Username], [d].[Id], [d].[CreatedAt], [d].[Description], [d].[IsActive], [d].[Name], [d].[SortOrder]
FROM [Users] AS [u]
LEFT JOIN [Departments] AS [d] ON [u].[DepartmentId] = [d].[Id]
WHERE [u].[Role] = 2 AND [u].[IsActive] = CAST(1 AS bit)
2026-05-18 21:28:20.945 +08:00 [INF] Executed DbCommand (0ms) [Parameters=[@__doc_Id_0='?' (DbType = Int32), @__8__locals1_dateOnly_1='?' (DbType = DateTime2)], CommandType='"Text"', CommandTimeout='30']
SELECT TOP(1) [s].[Id], [s].[CreatedAt], [s].[Date], [s].[DoctorId], [s].[EndTime], [s].[IsWorkDay], [s].[MaxPatients], [s].[Reason], [s].[StartTime], [s].[TimeSlot]
FROM [SpecialSchedules] AS [s]
WHERE [s].[DoctorId] = @__doc_Id_0 AND [s].[Date] = @__8__locals1_dateOnly_1
2026-05-18 21:28:20.945 +08:00 [INF] Executed DbCommand (0ms) [Parameters=[@__doc_Id_0='?' (DbType = Int32), @__8__locals1_dayOfWeek_1='?' (DbType = Int32)], CommandType='"Text"', CommandTimeout='30']
SELECT [d].[Id], [d].[CreatedAt], [d].[DayOfWeek], [d].[DoctorId], [d].[EndTime], [d].[IsActive], [d].[MaxPatients], [d].[StartTime], [d].[TimeSlot]
FROM [DoctorSchedules] AS [d]
WHERE [d].[DoctorId] = @__doc_Id_0 AND [d].[DayOfWeek] = @__8__locals1_dayOfWeek_1 AND [d].[IsActive] = CAST(1 AS bit)
2026-05-18 21:28:20.950 +08:00 [INF] Executed DbCommand (4ms) [Parameters=[@__8__locals2_doc_Id_0='?' (DbType = Int32), @__8__locals1_dateOnly_1='?' (DbType = DateTime2), @__rs_TimeSlot_2='?' (Size = 20)], CommandType='"Text"', CommandTimeout='30']
SELECT COUNT(*)
FROM [Appointments] AS [a]
WHERE [a].[DoctorId] = @__8__locals2_doc_Id_0 AND [a].[AppointmentDate] = @__8__locals1_dateOnly_1 AND [a].[TimeSlot] = @__rs_TimeSlot_2 AND [a].[Status] <> 4
2026-05-18 21:28:20.950 +08:00 [INF] Executed DbCommand (0ms) [Parameters=[@__8__locals2_doc_Id_0='?' (DbType = Int32), @__8__locals1_dateOnly_1='?' (DbType = DateTime2), @__rs_TimeSlot_2='?' (Size = 20)], CommandType='"Text"', CommandTimeout='30']
SELECT COUNT(*)
FROM [Appointments] AS [a]
WHERE [a].[DoctorId] = @__8__locals2_doc_Id_0 AND [a].[AppointmentDate] = @__8__locals1_dateOnly_1 AND [a].[TimeSlot] = @__rs_TimeSlot_2 AND [a].[Status] <> 4
2026-05-18 21:28:20.951 +08:00 [INF] Executed DbCommand (0ms) [Parameters=[@__doc_Id_0='?' (DbType = Int32), @__8__locals1_dateOnly_1='?' (DbType = DateTime2)], CommandType='"Text"', CommandTimeout='30']
SELECT TOP(1) [s].[Id], [s].[CreatedAt], [s].[Date], [s].[DoctorId], [s].[EndTime], [s].[IsWorkDay], [s].[MaxPatients], [s].[Reason], [s].[StartTime], [s].[TimeSlot]
FROM [SpecialSchedules] AS [s]
WHERE [s].[DoctorId] = @__doc_Id_0 AND [s].[Date] = @__8__locals1_dateOnly_1
2026-05-18 21:28:20.951 +08:00 [INF] Executed DbCommand (0ms) [Parameters=[@__doc_Id_0='?' (DbType = Int32), @__8__locals1_dayOfWeek_1='?' (DbType = Int32)], CommandType='"Text"', CommandTimeout='30']
SELECT [d].[Id], [d].[CreatedAt], [d].[DayOfWeek], [d].[DoctorId], [d].[EndTime], [d].[IsActive], [d].[MaxPatients], [d].[StartTime], [d].[TimeSlot]
FROM [DoctorSchedules] AS [d]
WHERE [d].[DoctorId] = @__doc_Id_0 AND [d].[DayOfWeek] = @__8__locals1_dayOfWeek_1 AND [d].[IsActive] = CAST(1 AS bit)
2026-05-18 21:28:20.952 +08:00 [INF] Executed DbCommand (0ms) [Parameters=[@__8__locals2_doc_Id_0='?' (DbType = Int32), @__8__locals1_dateOnly_1='?' (DbType = DateTime2), @__rs_TimeSlot_2='?' (Size = 20)], CommandType='"Text"', CommandTimeout='30']
SELECT COUNT(*)
FROM [Appointments] AS [a]
WHERE [a].[DoctorId] = @__8__locals2_doc_Id_0 AND [a].[AppointmentDate] = @__8__locals1_dateOnly_1 AND [a].[TimeSlot] = @__rs_TimeSlot_2 AND [a].[Status] <> 4
2026-05-18 21:28:21.100 +08:00 [INF] Executed DbCommand (0ms) [Parameters=[], CommandType='"Text"', CommandTimeout='30']
SELECT COUNT(*)
FROM [Appointments] AS [a]
2026-05-18 21:28:21.107 +08:00 [INF] Executed DbCommand (6ms) [Parameters=[@__p_0='?' (DbType = Int32), @__p_1='?' (DbType = Int32)], CommandType='"Text"', CommandTimeout='30']
SELECT [t].[Id], [t].[AppointmentNo], [t].[AppointmentDate], [t].[TimeSlot], [t].[QueueNumber], [t].[Status], [t].[Source], [t].[Remark], [t].[CreatedAt], [t].[PatientId], [t0].[Name] AS [PatientName], [t0].[Phone] AS [PatientPhone], [t0].[Gender] AS [PatientGender], [t].[DoctorId], [u].[DisplayName] AS [DoctorName], [u].[Title] AS [DoctorTitle], [t].[DepartmentId], [d].[Name] AS [DepartmentName]
FROM (
    SELECT [a].[Id], [a].[AppointmentDate], [a].[AppointmentNo], [a].[CreatedAt], [a].[DepartmentId], [a].[DoctorId], [a].[PatientId], [a].[QueueNumber], [a].[Remark], [a].[Source], [a].[Status], [a].[TimeSlot]
    FROM [Appointments] AS [a]
    ORDER BY [a].[CreatedAt] DESC
    OFFSET @__p_0 ROWS FETCH NEXT @__p_1 ROWS ONLY
) AS [t]
INNER JOIN (
    SELECT [p].[Id], [p].[Gender], [p].[Name], [p].[Phone]
    FROM [Patients] AS [p]
    WHERE [p].[IsDeleted] = CAST(0 AS bit)
) AS [t0] ON [t].[PatientId] = [t0].[Id]
INNER JOIN [Users] AS [u] ON [t].[DoctorId] = [u].[Id]
LEFT JOIN [Departments] AS [d] ON [t].[DepartmentId] = [d].[Id]
ORDER BY [t].[CreatedAt] DESC
2026-05-18 21:28:26.140 +08:00 [INF] Executed DbCommand (4ms) [Parameters=[@__queryDate_0='?' (DbType = DateTime2), @__nextDay_1='?' (DbType = DateTime2)], CommandType='"Text"', CommandTimeout='30']
SELECT [a].[Id], [a].[AppointmentNo], [a].[TimeSlot], [a].[QueueNumber], [a].[Status], [t].[Name] AS [PatientName], [u].[DisplayName] AS [DoctorName], [d].[Name] AS [DepartmentName]
FROM [Appointments] AS [a]
INNER JOIN (
    SELECT [p].[Id], [p].[Name]
    FROM [Patients] AS [p]
    WHERE [p].[IsDeleted] = CAST(0 AS bit)
) AS [t] ON [a].[PatientId] = [t].[Id]
INNER JOIN [Users] AS [u] ON [a].[DoctorId] = [u].[Id]
LEFT JOIN [Departments] AS [d] ON [a].[DepartmentId] = [d].[Id]
WHERE [a].[AppointmentDate] >= @__queryDate_0 AND [a].[AppointmentDate] < @__nextDay_1
ORDER BY [a].[TimeSlot], [a].[QueueNumber]
2026-05-18 21:28:27.387 +08:00 [INF] Executed DbCommand (1ms) [Parameters=[], CommandType='"Text"', CommandTimeout='30']
SELECT [d].[Id], [d].[Code], [d].[Name], [d].[Specification], [d].[Manufacturer], [d].[Category], [d].[DosageForm], [d].[Unit], [d].[Price], [d].[IsPrescription]
FROM [Drugs] AS [d]
WHERE [d].[IsActive] = CAST(1 AS bit)
ORDER BY [d].[Category], [d].[Name]
2026-05-18 21:28:47.118 +08:00 [INF] Executed DbCommand (3ms) [Parameters=[], CommandType='"Text"', CommandTimeout='30']
SELECT [u].[Id], [u].[ConsultationFee], [u].[CreatedAt], [u].[DepartmentId], [u].[DisplayName], [u].[Email], [u].[Introduction], [u].[IsActive], [u].[LastLoginAt], [u].[MaxDailyPatients], [u].[PasswordHash], [u].[Phone], [u].[Role], [u].[Title], [u].[Username], [d].[Id], [d].[CreatedAt], [d].[Description], [d].[IsActive], [d].[Name], [d].[SortOrder]
FROM [Users] AS [u]
LEFT JOIN [Departments] AS [d] ON [u].[DepartmentId] = [d].[Id]
WHERE [u].[Role] = 2 AND [u].[IsActive] = CAST(1 AS bit)
2026-05-18 21:28:47.121 +08:00 [INF] Executed DbCommand (1ms) [Parameters=[@__doc_Id_0='?' (DbType = Int32), @__8__locals1_dateOnly_1='?' (DbType = DateTime2)], CommandType='"Text"', CommandTimeout='30']
SELECT TOP(1) [s].[Id], [s].[CreatedAt], [s].[Date], [s].[DoctorId], [s].[EndTime], [s].[IsWorkDay], [s].[MaxPatients], [s].[Reason], [s].[StartTime], [s].[TimeSlot]
FROM [SpecialSchedules] AS [s]
WHERE [s].[DoctorId] = @__doc_Id_0 AND [s].[Date] = @__8__locals1_dateOnly_1
2026-05-18 21:28:47.123 +08:00 [INF] Executed DbCommand (2ms) [Parameters=[@__doc_Id_0='?' (DbType = Int32), @__8__locals1_dayOfWeek_1='?' (DbType = Int32)], CommandType='"Text"', CommandTimeout='30']
SELECT [d].[Id], [d].[CreatedAt], [d].[DayOfWeek], [d].[DoctorId], [d].[EndTime], [d].[IsActive], [d].[MaxPatients], [d].[StartTime], [d].[TimeSlot]
FROM [DoctorSchedules] AS [d]
WHERE [d].[DoctorId] = @__doc_Id_0 AND [d].[DayOfWeek] = @__8__locals1_dayOfWeek_1 AND [d].[IsActive] = CAST(1 AS bit)
2026-05-18 21:28:47.125 +08:00 [INF] Executed DbCommand (2ms) [Parameters=[@__8__locals2_doc_Id_0='?' (DbType = Int32), @__8__locals1_dateOnly_1='?' (DbType = DateTime2), @__rs_TimeSlot_2='?' (Size = 20)], CommandType='"Text"', CommandTimeout='30']
SELECT COUNT(*)
FROM [Appointments] AS [a]
WHERE [a].[DoctorId] = @__8__locals2_doc_Id_0 AND [a].[AppointmentDate] = @__8__locals1_dateOnly_1 AND [a].[TimeSlot] = @__rs_TimeSlot_2 AND [a].[Status] <> 4
2026-05-18 21:28:47.126 +08:00 [INF] Executed DbCommand (0ms) [Parameters=[@__8__locals2_doc_Id_0='?' (DbType = Int32), @__8__locals1_dateOnly_1='?' (DbType = DateTime2), @__rs_TimeSlot_2='?' (Size = 20)], CommandType='"Text"', CommandTimeout='30']
SELECT COUNT(*)
FROM [Appointments] AS [a]
WHERE [a].[DoctorId] = @__8__locals2_doc_Id_0 AND [a].[AppointmentDate] = @__8__locals1_dateOnly_1 AND [a].[TimeSlot] = @__rs_TimeSlot_2 AND [a].[Status] <> 4
2026-05-18 21:28:47.126 +08:00 [INF] Executed DbCommand (0ms) [Parameters=[@__doc_Id_0='?' (DbType = Int32), @__8__locals1_dateOnly_1='?' (DbType = DateTime2)], CommandType='"Text"', CommandTimeout='30']
SELECT TOP(1) [s].[Id], [s].[CreatedAt], [s].[Date], [s].[DoctorId], [s].[EndTime], [s].[IsWorkDay], [s].[MaxPatients], [s].[Reason], [s].[StartTime], [s].[TimeSlot]
FROM [SpecialSchedules] AS [s]
WHERE [s].[DoctorId] = @__doc_Id_0 AND [s].[Date] = @__8__locals1_dateOnly_1
2026-05-18 21:28:47.127 +08:00 [INF] Executed DbCommand (0ms) [Parameters=[@__doc_Id_0='?' (DbType = Int32), @__8__locals1_dayOfWeek_1='?' (DbType = Int32)], CommandType='"Text"', CommandTimeout='30']
SELECT [d].[Id], [d].[CreatedAt], [d].[DayOfWeek], [d].[DoctorId], [d].[EndTime], [d].[IsActive], [d].[MaxPatients], [d].[StartTime], [d].[TimeSlot]
FROM [DoctorSchedules] AS [d]
WHERE [d].[DoctorId] = @__doc_Id_0 AND [d].[DayOfWeek] = @__8__locals1_dayOfWeek_1 AND [d].[IsActive] = CAST(1 AS bit)
2026-05-18 21:28:47.127 +08:00 [INF] Executed DbCommand (0ms) [Parameters=[@__8__locals2_doc_Id_0='?' (DbType = Int32), @__8__locals1_dateOnly_1='?' (DbType = DateTime2), @__rs_TimeSlot_2='?' (Size = 20)], CommandType='"Text"', CommandTimeout='30']
SELECT COUNT(*)
FROM [Appointments] AS [a]
WHERE [a].[DoctorId] = @__8__locals2_doc_Id_0 AND [a].[AppointmentDate] = @__8__locals1_dateOnly_1 AND [a].[TimeSlot] = @__rs_TimeSlot_2 AND [a].[Status] <> 4
2026-05-18 21:28:47.507 +08:00 [INF] Executed DbCommand (1ms) [Parameters=[], CommandType='"Text"', CommandTimeout='30']
SELECT [d].[Id], [d].[Name], [d].[Description], [d].[SortOrder]
FROM [Departments] AS [d]
WHERE [d].[IsActive] = CAST(1 AS bit)
ORDER BY [d].[SortOrder]
2026-05-18 21:28:47.510 +08:00 [INF] Executed DbCommand (5ms) [Parameters=[], CommandType='"Text"', CommandTimeout='30']
SELECT COUNT(*)
FROM [Appointments] AS [a]
2026-05-18 21:28:47.510 +08:00 [INF] Executed DbCommand (5ms) [Parameters=[@__queryDate_0='?' (DbType = DateTime2), @__nextDay_1='?' (DbType = DateTime2)], CommandType='"Text"', CommandTimeout='30']
SELECT [a].[Id], [a].[AppointmentNo], [a].[TimeSlot], [a].[QueueNumber], [a].[Status], [t].[Name] AS [PatientName], [u].[DisplayName] AS [DoctorName], [d].[Name] AS [DepartmentName]
FROM [Appointments] AS [a]
INNER JOIN (
    SELECT [p].[Id], [p].[Name]
    FROM [Patients] AS [p]
    WHERE [p].[IsDeleted] = CAST(0 AS bit)
) AS [t] ON [a].[PatientId] = [t].[Id]
INNER JOIN [Users] AS [u] ON [a].[DoctorId] = [u].[Id]
LEFT JOIN [Departments] AS [d] ON [a].[DepartmentId] = [d].[Id]
WHERE [a].[AppointmentDate] >= @__queryDate_0 AND [a].[AppointmentDate] < @__nextDay_1
ORDER BY [a].[TimeSlot], [a].[QueueNumber]
2026-05-18 21:28:47.515 +08:00 [INF] Executed DbCommand (4ms) [Parameters=[@__p_0='?' (DbType = Int32), @__p_1='?' (DbType = Int32)], CommandType='"Text"', CommandTimeout='30']
SELECT [t].[Id], [t].[AppointmentNo], [t].[AppointmentDate], [t].[TimeSlot], [t].[QueueNumber], [t].[Status], [t].[Source], [t].[Remark], [t].[CreatedAt], [t].[PatientId], [t0].[Name] AS [PatientName], [t0].[Phone] AS [PatientPhone], [t0].[Gender] AS [PatientGender], [t].[DoctorId], [u].[DisplayName] AS [DoctorName], [u].[Title] AS [DoctorTitle], [t].[DepartmentId], [d].[Name] AS [DepartmentName]
FROM (
    SELECT [a].[Id], [a].[AppointmentDate], [a].[AppointmentNo], [a].[CreatedAt], [a].[DepartmentId], [a].[DoctorId], [a].[PatientId], [a].[QueueNumber], [a].[Remark], [a].[Source], [a].[Status], [a].[TimeSlot]
    FROM [Appointments] AS [a]
    ORDER BY [a].[CreatedAt] DESC
    OFFSET @__p_0 ROWS FETCH NEXT @__p_1 ROWS ONLY
) AS [t]
INNER JOIN (
    SELECT [p].[Id], [p].[Gender], [p].[Name], [p].[Phone]
    FROM [Patients] AS [p]
    WHERE [p].[IsDeleted] = CAST(0 AS bit)
) AS [t0] ON [t].[PatientId] = [t0].[Id]
INNER JOIN [Users] AS [u] ON [t].[DoctorId] = [u].[Id]
LEFT JOIN [Departments] AS [d] ON [t].[DepartmentId] = [d].[Id]
ORDER BY [t].[CreatedAt] DESC
2026-05-18 21:28:52.013 +08:00 [INF] Executed DbCommand (0ms) [Parameters=[@__queryDate_0='?' (DbType = DateTime2), @__nextDay_1='?' (DbType = DateTime2)], CommandType='"Text"', CommandTimeout='30']
SELECT [a].[Id], [a].[AppointmentNo], [a].[TimeSlot], [a].[QueueNumber], [a].[Status], [t].[Name] AS [PatientName], [u].[DisplayName] AS [DoctorName], [d].[Name] AS [DepartmentName]
FROM [Appointments] AS [a]
INNER JOIN (
    SELECT [p].[Id], [p].[Name]
    FROM [Patients] AS [p]
    WHERE [p].[IsDeleted] = CAST(0 AS bit)
) AS [t] ON [a].[PatientId] = [t].[Id]
INNER JOIN [Users] AS [u] ON [a].[DoctorId] = [u].[Id]
LEFT JOIN [Departments] AS [d] ON [a].[DepartmentId] = [d].[Id]
WHERE [a].[AppointmentDate] >= @__queryDate_0 AND [a].[AppointmentDate] < @__nextDay_1
ORDER BY [a].[TimeSlot], [a].[QueueNumber]
2026-05-18 21:28:55.333 +08:00 [INF] Executed DbCommand (4ms) [Parameters=[@__queryDate_0='?' (DbType = DateTime2), @__nextDay_1='?' (DbType = DateTime2), @__departmentId_Value_2='?' (DbType = Int32)], CommandType='"Text"', CommandTimeout='30']
SELECT [a].[Id], [a].[AppointmentNo], [a].[TimeSlot], [a].[QueueNumber], [a].[Status], [t].[Name] AS [PatientName], [u].[DisplayName] AS [DoctorName], [d].[Name] AS [DepartmentName]
FROM [Appointments] AS [a]
INNER JOIN (
    SELECT [p].[Id], [p].[Name]
    FROM [Patients] AS [p]
    WHERE [p].[IsDeleted] = CAST(0 AS bit)
) AS [t] ON [a].[PatientId] = [t].[Id]
INNER JOIN [Users] AS [u] ON [a].[DoctorId] = [u].[Id]
LEFT JOIN [Departments] AS [d] ON [a].[DepartmentId] = [d].[Id]
WHERE [a].[AppointmentDate] >= @__queryDate_0 AND [a].[AppointmentDate] < @__nextDay_1 AND [a].[DepartmentId] = @__departmentId_Value_2
ORDER BY [a].[TimeSlot], [a].[QueueNumber]
2026-05-18 21:28:56.256 +08:00 [INF] Executed DbCommand (0ms) [Parameters=[@__queryDate_0='?' (DbType = DateTime2), @__nextDay_1='?' (DbType = DateTime2), @__departmentId_Value_2='?' (DbType = Int32)], CommandType='"Text"', CommandTimeout='30']
SELECT [a].[Id], [a].[AppointmentNo], [a].[TimeSlot], [a].[QueueNumber], [a].[Status], [t].[Name] AS [PatientName], [u].[DisplayName] AS [DoctorName], [d].[Name] AS [DepartmentName]
FROM [Appointments] AS [a]
INNER JOIN (
    SELECT [p].[Id], [p].[Name]
    FROM [Patients] AS [p]
    WHERE [p].[IsDeleted] = CAST(0 AS bit)
) AS [t] ON [a].[PatientId] = [t].[Id]
INNER JOIN [Users] AS [u] ON [a].[DoctorId] = [u].[Id]
LEFT JOIN [Departments] AS [d] ON [a].[DepartmentId] = [d].[Id]
WHERE [a].[AppointmentDate] >= @__queryDate_0 AND [a].[AppointmentDate] < @__nextDay_1 AND [a].[DepartmentId] = @__departmentId_Value_2
ORDER BY [a].[TimeSlot], [a].[QueueNumber]
2026-05-18 21:28:57.977 +08:00 [INF] Executed DbCommand (0ms) [Parameters=[@__queryDate_0='?' (DbType = DateTime2), @__nextDay_1='?' (DbType = DateTime2)], CommandType='"Text"', CommandTimeout='30']
SELECT [a].[Id], [a].[AppointmentNo], [a].[TimeSlot], [a].[QueueNumber], [a].[Status], [t].[Name] AS [PatientName], [u].[DisplayName] AS [DoctorName], [d].[Name] AS [DepartmentName]
FROM [Appointments] AS [a]
INNER JOIN (
    SELECT [p].[Id], [p].[Name]
    FROM [Patients] AS [p]
    WHERE [p].[IsDeleted] = CAST(0 AS bit)
) AS [t] ON [a].[PatientId] = [t].[Id]
INNER JOIN [Users] AS [u] ON [a].[DoctorId] = [u].[Id]
LEFT JOIN [Departments] AS [d] ON [a].[DepartmentId] = [d].[Id]
WHERE [a].[AppointmentDate] >= @__queryDate_0 AND [a].[AppointmentDate] < @__nextDay_1
ORDER BY [a].[TimeSlot], [a].[QueueNumber]
2026-05-18 21:29:15.029 +08:00 [INF] Executed DbCommand (1ms) [Parameters=[], CommandType='"Text"', CommandTimeout='30']
SELECT COUNT(*)
FROM [Patients] AS [p]
WHERE [p].[IsDeleted] = CAST(0 AS bit)
2026-05-18 21:29:15.031 +08:00 [INF] Executed DbCommand (1ms) [Parameters=[@__p_0='?' (DbType = Int32), @__p_1='?' (DbType = Int32)], CommandType='"Text"', CommandTimeout='30']
SELECT [p].[Id], [p].[Name], [p].[Gender], [p].[DateOfBirth], [p].[Phone], [p].[IdCard], [p].[Address], [p].[Allergies], [p].[MedicalHistory], [p].[CreatedAt]
FROM [Patients] AS [p]
WHERE [p].[IsDeleted] = CAST(0 AS bit)
ORDER BY [p].[CreatedAt] DESC
OFFSET @__p_0 ROWS FETCH NEXT @__p_1 ROWS ONLY
2026-05-18 21:29:17.517 +08:00 [INF] Executed DbCommand (1ms) [Parameters=[@__queryDate_0='?' (DbType = DateTime2), @__nextDay_1='?' (DbType = DateTime2)], CommandType='"Text"', CommandTimeout='30']
SELECT [a].[Id], [a].[AppointmentNo], [a].[TimeSlot], [a].[QueueNumber], [a].[Status], [t].[Name] AS [PatientName], [u].[DisplayName] AS [DoctorName], [d].[Name] AS [DepartmentName]
FROM [Appointments] AS [a]
INNER JOIN (
    SELECT [p].[Id], [p].[Name]
    FROM [Patients] AS [p]
    WHERE [p].[IsDeleted] = CAST(0 AS bit)
) AS [t] ON [a].[PatientId] = [t].[Id]
INNER JOIN [Users] AS [u] ON [a].[DoctorId] = [u].[Id]
LEFT JOIN [Departments] AS [d] ON [a].[DepartmentId] = [d].[Id]
WHERE [a].[AppointmentDate] >= @__queryDate_0 AND [a].[AppointmentDate] < @__nextDay_1
ORDER BY [a].[TimeSlot], [a].[QueueNumber]
2026-05-18 21:29:20.794 +08:00 [INF] Executed DbCommand (0ms) [Parameters=[@__queryDate_0='?' (DbType = DateTime2), @__nextDay_1='?' (DbType = DateTime2)], CommandType='"Text"', CommandTimeout='30']
SELECT [a].[Id], [a].[AppointmentNo], [a].[TimeSlot], [a].[QueueNumber], [a].[Status], [t].[Name] AS [PatientName], [u].[DisplayName] AS [DoctorName], [d].[Name] AS [DepartmentName]
FROM [Appointments] AS [a]
INNER JOIN (
    SELECT [p].[Id], [p].[Name]
    FROM [Patients] AS [p]
    WHERE [p].[IsDeleted] = CAST(0 AS bit)
) AS [t] ON [a].[PatientId] = [t].[Id]
INNER JOIN [Users] AS [u] ON [a].[DoctorId] = [u].[Id]
LEFT JOIN [Departments] AS [d] ON [a].[DepartmentId] = [d].[Id]
WHERE [a].[AppointmentDate] >= @__queryDate_0 AND [a].[AppointmentDate] < @__nextDay_1
ORDER BY [a].[TimeSlot], [a].[QueueNumber]
2026-05-18 21:29:47.518 +08:00 [INF] Executed DbCommand (4ms) [Parameters=[@__queryDate_0='?' (DbType = DateTime2), @__nextDay_1='?' (DbType = DateTime2)], CommandType='"Text"', CommandTimeout='30']
SELECT [a].[Id], [a].[AppointmentNo], [a].[TimeSlot], [a].[QueueNumber], [a].[Status], [t].[Name] AS [PatientName], [u].[DisplayName] AS [DoctorName], [d].[Name] AS [DepartmentName]
FROM [Appointments] AS [a]
INNER JOIN (
    SELECT [p].[Id], [p].[Name]
    FROM [Patients] AS [p]
    WHERE [p].[IsDeleted] = CAST(0 AS bit)
) AS [t] ON [a].[PatientId] = [t].[Id]
INNER JOIN [Users] AS [u] ON [a].[DoctorId] = [u].[Id]
LEFT JOIN [Departments] AS [d] ON [a].[DepartmentId] = [d].[Id]
WHERE [a].[AppointmentDate] >= @__queryDate_0 AND [a].[AppointmentDate] < @__nextDay_1
ORDER BY [a].[TimeSlot], [a].[QueueNumber]
2026-05-18 21:30:17.222 +08:00 [INF] Executed DbCommand (4ms) [Parameters=[@__queryDate_0='?' (DbType = DateTime2), @__nextDay_1='?' (DbType = DateTime2)], CommandType='"Text"', CommandTimeout='30']
SELECT [a].[Id], [a].[AppointmentNo], [a].[TimeSlot], [a].[QueueNumber], [a].[Status], [t].[Name] AS [PatientName], [u].[DisplayName] AS [DoctorName], [d].[Name] AS [DepartmentName]
FROM [Appointments] AS [a]
INNER JOIN (
    SELECT [p].[Id], [p].[Name]
    FROM [Patients] AS [p]
    WHERE [p].[IsDeleted] = CAST(0 AS bit)
) AS [t] ON [a].[PatientId] = [t].[Id]
INNER JOIN [Users] AS [u] ON [a].[DoctorId] = [u].[Id]
LEFT JOIN [Departments] AS [d] ON [a].[DepartmentId] = [d].[Id]
WHERE [a].[AppointmentDate] >= @__queryDate_0 AND [a].[AppointmentDate] < @__nextDay_1
ORDER BY [a].[TimeSlot], [a].[QueueNumber]
2026-05-18 21:30:47.527 +08:00 [INF] Executed DbCommand (0ms) [Parameters=[@__queryDate_0='?' (DbType = DateTime2), @__nextDay_1='?' (DbType = DateTime2)], CommandType='"Text"', CommandTimeout='30']
SELECT [a].[Id], [a].[AppointmentNo], [a].[TimeSlot], [a].[QueueNumber], [a].[Status], [t].[Name] AS [PatientName], [u].[DisplayName] AS [DoctorName], [d].[Name] AS [DepartmentName]
FROM [Appointments] AS [a]
INNER JOIN (
    SELECT [p].[Id], [p].[Name]
    FROM [Patients] AS [p]
    WHERE [p].[IsDeleted] = CAST(0 AS bit)
) AS [t] ON [a].[PatientId] = [t].[Id]
INNER JOIN [Users] AS [u] ON [a].[DoctorId] = [u].[Id]
LEFT JOIN [Departments] AS [d] ON [a].[DepartmentId] = [d].[Id]
WHERE [a].[AppointmentDate] >= @__queryDate_0 AND [a].[AppointmentDate] < @__nextDay_1
ORDER BY [a].[TimeSlot], [a].[QueueNumber]
2026-05-18 21:31:17.221 +08:00 [INF] Executed DbCommand (4ms) [Parameters=[@__queryDate_0='?' (DbType = DateTime2), @__nextDay_1='?' (DbType = DateTime2)], CommandType='"Text"', CommandTimeout='30']
SELECT [a].[Id], [a].[AppointmentNo], [a].[TimeSlot], [a].[QueueNumber], [a].[Status], [t].[Name] AS [PatientName], [u].[DisplayName] AS [DoctorName], [d].[Name] AS [DepartmentName]
FROM [Appointments] AS [a]
INNER JOIN (
    SELECT [p].[Id], [p].[Name]
    FROM [Patients] AS [p]
    WHERE [p].[IsDeleted] = CAST(0 AS bit)
) AS [t] ON [a].[PatientId] = [t].[Id]
INNER JOIN [Users] AS [u] ON [a].[DoctorId] = [u].[Id]
LEFT JOIN [Departments] AS [d] ON [a].[DepartmentId] = [d].[Id]
WHERE [a].[AppointmentDate] >= @__queryDate_0 AND [a].[AppointmentDate] < @__nextDay_1
ORDER BY [a].[TimeSlot], [a].[QueueNumber]
2026-05-18 21:31:47.520 +08:00 [INF] Executed DbCommand (1ms) [Parameters=[@__queryDate_0='?' (DbType = DateTime2), @__nextDay_1='?' (DbType = DateTime2)], CommandType='"Text"', CommandTimeout='30']
SELECT [a].[Id], [a].[AppointmentNo], [a].[TimeSlot], [a].[QueueNumber], [a].[Status], [t].[Name] AS [PatientName], [u].[DisplayName] AS [DoctorName], [d].[Name] AS [DepartmentName]
FROM [Appointments] AS [a]
INNER JOIN (
    SELECT [p].[Id], [p].[Name]
    FROM [Patients] AS [p]
    WHERE [p].[IsDeleted] = CAST(0 AS bit)
) AS [t] ON [a].[PatientId] = [t].[Id]
INNER JOIN [Users] AS [u] ON [a].[DoctorId] = [u].[Id]
LEFT JOIN [Departments] AS [d] ON [a].[DepartmentId] = [d].[Id]
WHERE [a].[AppointmentDate] >= @__queryDate_0 AND [a].[AppointmentDate] < @__nextDay_1
ORDER BY [a].[TimeSlot], [a].[QueueNumber]
2026-05-18 21:32:47.038 +08:00 [WRN] Entity 'Patient' has a global query filter defined and is the required end of a relationship with the entity 'Appointment'. This may lead to unexpected results when the required entity is filtered out. Either configure the navigation as optional, or define matching query filters for both entities in the navigation. See https://go.microsoft.com/fwlink/?linkid=2131316 for more information.
2026-05-18 21:32:47.069 +08:00 [WRN] Entity 'Patient' has a global query filter defined and is the required end of a relationship with the entity 'FamilyMember'. This may lead to unexpected results when the required entity is filtered out. Either configure the navigation as optional, or define matching query filters for both entities in the navigation. See https://go.microsoft.com/fwlink/?linkid=2131316 for more information.
2026-05-18 21:32:47.069 +08:00 [WRN] Entity 'Patient' has a global query filter defined and is the required end of a relationship with the entity 'MedicalRecord'. This may lead to unexpected results when the required entity is filtered out. Either configure the navigation as optional, or define matching query filters for both entities in the navigation. See https://go.microsoft.com/fwlink/?linkid=2131316 for more information.
2026-05-18 21:32:47.070 +08:00 [WRN] Entity 'Patient' has a global query filter defined and is the required end of a relationship with the entity 'Payment'. This may lead to unexpected results when the required entity is filtered out. Either configure the navigation as optional, or define matching query filters for both entities in the navigation. See https://go.microsoft.com/fwlink/?linkid=2131316 for more information.
2026-05-18 21:32:47.164 +08:00 [WRN] No store type was specified for the decimal property 'Price' on entity type 'ChargeItem'. This will cause values to be silently truncated if they do not fit in the default precision and scale. Explicitly specify the SQL server column type that can accommodate all the values in 'OnModelCreating' using 'HasColumnType', specify precision and scale using 'HasPrecision', or configure a value converter using 'HasConversion'.
2026-05-18 21:32:47.164 +08:00 [WRN] No store type was specified for the decimal property 'CostPrice' on entity type 'Drug'. This will cause values to be silently truncated if they do not fit in the default precision and scale. Explicitly specify the SQL server column type that can accommodate all the values in 'OnModelCreating' using 'HasColumnType', specify precision and scale using 'HasPrecision', or configure a value converter using 'HasConversion'.
2026-05-18 21:32:47.164 +08:00 [WRN] No store type was specified for the decimal property 'Price' on entity type 'Drug'. This will cause values to be silently truncated if they do not fit in the default precision and scale. Explicitly specify the SQL server column type that can accommodate all the values in 'OnModelCreating' using 'HasColumnType', specify precision and scale using 'HasPrecision', or configure a value converter using 'HasConversion'.
2026-05-18 21:32:47.164 +08:00 [WRN] No store type was specified for the decimal property 'ActualAmount' on entity type 'Payment'. This will cause values to be silently truncated if they do not fit in the default precision and scale. Explicitly specify the SQL server column type that can accommodate all the values in 'OnModelCreating' using 'HasColumnType', specify precision and scale using 'HasPrecision', or configure a value converter using 'HasConversion'.
2026-05-18 21:32:47.164 +08:00 [WRN] No store type was specified for the decimal property 'DiscountAmount' on entity type 'Payment'. This will cause values to be silently truncated if they do not fit in the default precision and scale. Explicitly specify the SQL server column type that can accommodate all the values in 'OnModelCreating' using 'HasColumnType', specify precision and scale using 'HasPrecision', or configure a value converter using 'HasConversion'.
2026-05-18 21:32:47.164 +08:00 [WRN] No store type was specified for the decimal property 'TotalAmount' on entity type 'Payment'. This will cause values to be silently truncated if they do not fit in the default precision and scale. Explicitly specify the SQL server column type that can accommodate all the values in 'OnModelCreating' using 'HasColumnType', specify precision and scale using 'HasPrecision', or configure a value converter using 'HasConversion'.
2026-05-18 21:32:47.164 +08:00 [WRN] No store type was specified for the decimal property 'SubTotal' on entity type 'PaymentItem'. This will cause values to be silently truncated if they do not fit in the default precision and scale. Explicitly specify the SQL server column type that can accommodate all the values in 'OnModelCreating' using 'HasColumnType', specify precision and scale using 'HasPrecision', or configure a value converter using 'HasConversion'.
2026-05-18 21:32:47.164 +08:00 [WRN] No store type was specified for the decimal property 'UnitPrice' on entity type 'PaymentItem'. This will cause values to be silently truncated if they do not fit in the default precision and scale. Explicitly specify the SQL server column type that can accommodate all the values in 'OnModelCreating' using 'HasColumnType', specify precision and scale using 'HasPrecision', or configure a value converter using 'HasConversion'.
2026-05-18 21:32:47.164 +08:00 [WRN] No store type was specified for the decimal property 'TotalAmount' on entity type 'Prescription'. This will cause values to be silently truncated if they do not fit in the default precision and scale. Explicitly specify the SQL server column type that can accommodate all the values in 'OnModelCreating' using 'HasColumnType', specify precision and scale using 'HasPrecision', or configure a value converter using 'HasConversion'.
2026-05-18 21:32:47.164 +08:00 [WRN] No store type was specified for the decimal property 'Quantity' on entity type 'PrescriptionItem'. This will cause values to be silently truncated if they do not fit in the default precision and scale. Explicitly specify the SQL server column type that can accommodate all the values in 'OnModelCreating' using 'HasColumnType', specify precision and scale using 'HasPrecision', or configure a value converter using 'HasConversion'.
2026-05-18 21:32:47.165 +08:00 [WRN] No store type was specified for the decimal property 'SubTotal' on entity type 'PrescriptionItem'. This will cause values to be silently truncated if they do not fit in the default precision and scale. Explicitly specify the SQL server column type that can accommodate all the values in 'OnModelCreating' using 'HasColumnType', specify precision and scale using 'HasPrecision', or configure a value converter using 'HasConversion'.
2026-05-18 21:32:47.165 +08:00 [WRN] No store type was specified for the decimal property 'UnitPrice' on entity type 'PrescriptionItem'. This will cause values to be silently truncated if they do not fit in the default precision and scale. Explicitly specify the SQL server column type that can accommodate all the values in 'OnModelCreating' using 'HasColumnType', specify precision and scale using 'HasPrecision', or configure a value converter using 'HasConversion'.
2026-05-18 21:32:47.165 +08:00 [WRN] No store type was specified for the decimal property 'ConsultationFee' on entity type 'User'. This will cause values to be silently truncated if they do not fit in the default precision and scale. Explicitly specify the SQL server column type that can accommodate all the values in 'OnModelCreating' using 'HasColumnType', specify precision and scale using 'HasPrecision', or configure a value converter using 'HasConversion'.
2026-05-18 21:32:47.474 +08:00 [INF] Executed DbCommand (14ms) [Parameters=[], CommandType='"Text"', CommandTimeout='30']
SELECT 1
2026-05-18 21:32:47.505 +08:00 [INF] Executed DbCommand (3ms) [Parameters=[], CommandType='"Text"', CommandTimeout='60']
IF SERVERPROPERTY('EngineEdition') <> 5
BEGIN
    ALTER DATABASE [ClinicSystem_Dev] SET SINGLE_USER WITH ROLLBACK IMMEDIATE;
END;
2026-05-18 21:32:47.518 +08:00 [INF] Executed DbCommand (13ms) [Parameters=[], CommandType='"Text"', CommandTimeout='60']
DROP DATABASE [ClinicSystem_Dev];
2026-05-18 21:32:48.407 +08:00 [WRN] Entity 'Patient' has a global query filter defined and is the required end of a relationship with the entity 'Appointment'. This may lead to unexpected results when the required entity is filtered out. Either configure the navigation as optional, or define matching query filters for both entities in the navigation. See https://go.microsoft.com/fwlink/?linkid=2131316 for more information.
2026-05-18 21:32:48.407 +08:00 [WRN] Entity 'Patient' has a global query filter defined and is the required end of a relationship with the entity 'FamilyMember'. This may lead to unexpected results when the required entity is filtered out. Either configure the navigation as optional, or define matching query filters for both entities in the navigation. See https://go.microsoft.com/fwlink/?linkid=2131316 for more information.
2026-05-18 21:32:48.407 +08:00 [WRN] Entity 'Patient' has a global query filter defined and is the required end of a relationship with the entity 'MedicalRecord'. This may lead to unexpected results when the required entity is filtered out. Either configure the navigation as optional, or define matching query filters for both entities in the navigation. See https://go.microsoft.com/fwlink/?linkid=2131316 for more information.
2026-05-18 21:32:48.407 +08:00 [WRN] Entity 'Patient' has a global query filter defined and is the required end of a relationship with the entity 'Payment'. This may lead to unexpected results when the required entity is filtered out. Either configure the navigation as optional, or define matching query filters for both entities in the navigation. See https://go.microsoft.com/fwlink/?linkid=2131316 for more information.
2026-05-18 21:32:48.436 +08:00 [WRN] No store type was specified for the decimal property 'Price' on entity type 'ChargeItem'. This will cause values to be silently truncated if they do not fit in the default precision and scale. Explicitly specify the SQL server column type that can accommodate all the values in 'OnModelCreating' using 'HasColumnType', specify precision and scale using 'HasPrecision', or configure a value converter using 'HasConversion'.
2026-05-18 21:32:48.436 +08:00 [WRN] No store type was specified for the decimal property 'CostPrice' on entity type 'Drug'. This will cause values to be silently truncated if they do not fit in the default precision and scale. Explicitly specify the SQL server column type that can accommodate all the values in 'OnModelCreating' using 'HasColumnType', specify precision and scale using 'HasPrecision', or configure a value converter using 'HasConversion'.
2026-05-18 21:32:48.436 +08:00 [WRN] No store type was specified for the decimal property 'Price' on entity type 'Drug'. This will cause values to be silently truncated if they do not fit in the default precision and scale. Explicitly specify the SQL server column type that can accommodate all the values in 'OnModelCreating' using 'HasColumnType', specify precision and scale using 'HasPrecision', or configure a value converter using 'HasConversion'.
2026-05-18 21:32:48.436 +08:00 [WRN] No store type was specified for the decimal property 'ActualAmount' on entity type 'Payment'. This will cause values to be silently truncated if they do not fit in the default precision and scale. Explicitly specify the SQL server column type that can accommodate all the values in 'OnModelCreating' using 'HasColumnType', specify precision and scale using 'HasPrecision', or configure a value converter using 'HasConversion'.
2026-05-18 21:32:48.436 +08:00 [WRN] No store type was specified for the decimal property 'DiscountAmount' on entity type 'Payment'. This will cause values to be silently truncated if they do not fit in the default precision and scale. Explicitly specify the SQL server column type that can accommodate all the values in 'OnModelCreating' using 'HasColumnType', specify precision and scale using 'HasPrecision', or configure a value converter using 'HasConversion'.
2026-05-18 21:32:48.436 +08:00 [WRN] No store type was specified for the decimal property 'TotalAmount' on entity type 'Payment'. This will cause values to be silently truncated if they do not fit in the default precision and scale. Explicitly specify the SQL server column type that can accommodate all the values in 'OnModelCreating' using 'HasColumnType', specify precision and scale using 'HasPrecision', or configure a value converter using 'HasConversion'.
2026-05-18 21:32:48.436 +08:00 [WRN] No store type was specified for the decimal property 'SubTotal' on entity type 'PaymentItem'. This will cause values to be silently truncated if they do not fit in the default precision and scale. Explicitly specify the SQL server column type that can accommodate all the values in 'OnModelCreating' using 'HasColumnType', specify precision and scale using 'HasPrecision', or configure a value converter using 'HasConversion'.
2026-05-18 21:32:48.436 +08:00 [WRN] No store type was specified for the decimal property 'UnitPrice' on entity type 'PaymentItem'. This will cause values to be silently truncated if they do not fit in the default precision and scale. Explicitly specify the SQL server column type that can accommodate all the values in 'OnModelCreating' using 'HasColumnType', specify precision and scale using 'HasPrecision', or configure a value converter using 'HasConversion'.
2026-05-18 21:32:48.436 +08:00 [WRN] No store type was specified for the decimal property 'TotalAmount' on entity type 'Prescription'. This will cause values to be silently truncated if they do not fit in the default precision and scale. Explicitly specify the SQL server column type that can accommodate all the values in 'OnModelCreating' using 'HasColumnType', specify precision and scale using 'HasPrecision', or configure a value converter using 'HasConversion'.
2026-05-18 21:32:48.436 +08:00 [WRN] No store type was specified for the decimal property 'Quantity' on entity type 'PrescriptionItem'. This will cause values to be silently truncated if they do not fit in the default precision and scale. Explicitly specify the SQL server column type that can accommodate all the values in 'OnModelCreating' using 'HasColumnType', specify precision and scale using 'HasPrecision', or configure a value converter using 'HasConversion'.
2026-05-18 21:32:48.436 +08:00 [WRN] No store type was specified for the decimal property 'SubTotal' on entity type 'PrescriptionItem'. This will cause values to be silently truncated if they do not fit in the default precision and scale. Explicitly specify the SQL server column type that can accommodate all the values in 'OnModelCreating' using 'HasColumnType', specify precision and scale using 'HasPrecision', or configure a value converter using 'HasConversion'.
2026-05-18 21:32:48.437 +08:00 [WRN] No store type was specified for the decimal property 'UnitPrice' on entity type 'PrescriptionItem'. This will cause values to be silently truncated if they do not fit in the default precision and scale. Explicitly specify the SQL server column type that can accommodate all the values in 'OnModelCreating' using 'HasColumnType', specify precision and scale using 'HasPrecision', or configure a value converter using 'HasConversion'.
2026-05-18 21:32:48.437 +08:00 [WRN] No store type was specified for the decimal property 'ConsultationFee' on entity type 'User'. This will cause values to be silently truncated if they do not fit in the default precision and scale. Explicitly specify the SQL server column type that can accommodate all the values in 'OnModelCreating' using 'HasColumnType', specify precision and scale using 'HasPrecision', or configure a value converter using 'HasConversion'.
2026-05-18 21:32:48.611 +08:00 [INF] Executed DbCommand (144ms) [Parameters=[], CommandType='"Text"', CommandTimeout='60']
CREATE DATABASE [ClinicSystem_Dev];
2026-05-18 21:32:48.640 +08:00 [INF] Executed DbCommand (29ms) [Parameters=[], CommandType='"Text"', CommandTimeout='60']
IF SERVERPROPERTY('EngineEdition') <> 5
BEGIN
    ALTER DATABASE [ClinicSystem_Dev] SET READ_COMMITTED_SNAPSHOT ON;
END;
2026-05-18 21:32:48.645 +08:00 [INF] Executed DbCommand (0ms) [Parameters=[], CommandType='"Text"', CommandTimeout='30']
SELECT 1
2026-05-18 21:32:48.790 +08:00 [INF] Executed DbCommand (4ms) [Parameters=[], CommandType='"Text"', CommandTimeout='30']
CREATE TABLE [ChargeItems] (
    [Id] int NOT NULL IDENTITY,
    [Code] nvarchar(20) NOT NULL,
    [Name] nvarchar(100) NOT NULL,
    [Category] nvarchar(20) NOT NULL,
    [Price] decimal(18,2) NOT NULL,
    [Unit] nvarchar(10) NULL,
    [IsActive] bit NOT NULL,
    [Remark] nvarchar(200) NULL,
    [CreatedAt] datetime2 NOT NULL,
    CONSTRAINT [PK_ChargeItems] PRIMARY KEY ([Id])
);
2026-05-18 21:32:48.792 +08:00 [INF] Executed DbCommand (1ms) [Parameters=[], CommandType='"Text"', CommandTimeout='30']
CREATE TABLE [Departments] (
    [Id] int NOT NULL IDENTITY,
    [Name] nvarchar(50) NOT NULL,
    [Description] nvarchar(200) NULL,
    [IsActive] bit NOT NULL,
    [SortOrder] int NOT NULL,
    [CreatedAt] datetime2 NOT NULL,
    CONSTRAINT [PK_Departments] PRIMARY KEY ([Id])
);
2026-05-18 21:32:48.793 +08:00 [INF] Executed DbCommand (1ms) [Parameters=[], CommandType='"Text"', CommandTimeout='30']
CREATE TABLE [Drugs] (
    [Id] int NOT NULL IDENTITY,
    [Code] nvarchar(20) NOT NULL,
    [Name] nvarchar(100) NOT NULL,
    [CommonName] nvarchar(100) NULL,
    [Specification] nvarchar(100) NULL,
    [Manufacturer] nvarchar(100) NULL,
    [Category] nvarchar(20) NOT NULL,
    [DosageForm] nvarchar(20) NULL,
    [Unit] nvarchar(10) NULL,
    [Price] decimal(18,2) NOT NULL,
    [CostPrice] decimal(18,2) NULL,
    [IsPrescription] bit NOT NULL,
    [IsActive] bit NOT NULL,
    [Remark] nvarchar(200) NULL,
    [CreatedAt] datetime2 NOT NULL,
    CONSTRAINT [PK_Drugs] PRIMARY KEY ([Id])
);
2026-05-18 21:32:48.795 +08:00 [INF] Executed DbCommand (2ms) [Parameters=[], CommandType='"Text"', CommandTimeout='30']
CREATE TABLE [Patients] (
    [Id] int NOT NULL IDENTITY,
    [Name] nvarchar(50) NOT NULL,
    [Gender] nvarchar(max) NULL,
    [DateOfBirth] datetime2 NULL,
    [Phone] nvarchar(20) NULL,
    [IdCard] nvarchar(18) NULL,
    [Address] nvarchar(200) NULL,
    [MedicalInsuranceNo] nvarchar(50) NULL,
    [Allergies] nvarchar(500) NULL,
    [MedicalHistory] nvarchar(1000) NULL,
    [Remark] nvarchar(500) NULL,
    [IsDeleted] bit NOT NULL,
    [CreatedAt] datetime2 NOT NULL,
    [UpdatedAt] datetime2 NOT NULL,
    CONSTRAINT [PK_Patients] PRIMARY KEY ([Id])
);
2026-05-18 21:32:48.797 +08:00 [INF] Executed DbCommand (2ms) [Parameters=[], CommandType='"Text"', CommandTimeout='30']
CREATE TABLE [Users] (
    [Id] int NOT NULL IDENTITY,
    [Username] nvarchar(50) NOT NULL,
    [PasswordHash] nvarchar(max) NOT NULL,
    [DisplayName] nvarchar(50) NOT NULL,
    [Phone] nvarchar(20) NULL,
    [Email] nvarchar(100) NULL,
    [Role] int NOT NULL,
    [IsActive] bit NOT NULL,
    [DepartmentId] int NULL,
    [CreatedAt] datetime2 NOT NULL,
    [LastLoginAt] datetime2 NULL,
    [Title] nvarchar(50) NULL,
    [Introduction] nvarchar(500) NULL,
    [ConsultationFee] decimal(18,2) NULL,
    [MaxDailyPatients] int NULL,
    CONSTRAINT [PK_Users] PRIMARY KEY ([Id]),
    CONSTRAINT [FK_Users_Departments_DepartmentId] FOREIGN KEY ([DepartmentId]) REFERENCES [Departments] ([Id]) ON DELETE SET NULL
);
2026-05-18 21:32:48.798 +08:00 [INF] Executed DbCommand (1ms) [Parameters=[], CommandType='"Text"', CommandTimeout='30']
CREATE TABLE [FamilyMembers] (
    [Id] int NOT NULL IDENTITY,
    [PatientId] int NOT NULL,
    [Name] nvarchar(50) NOT NULL,
    [Relationship] nvarchar(20) NOT NULL,
    [Phone] nvarchar(20) NULL,
    [IdCard] nvarchar(18) NULL,
    [CreatedAt] datetime2 NOT NULL,
    CONSTRAINT [PK_FamilyMembers] PRIMARY KEY ([Id]),
    CONSTRAINT [FK_FamilyMembers_Patients_PatientId] FOREIGN KEY ([PatientId]) REFERENCES [Patients] ([Id]) ON DELETE CASCADE
);
2026-05-18 21:32:48.800 +08:00 [INF] Executed DbCommand (2ms) [Parameters=[], CommandType='"Text"', CommandTimeout='30']
CREATE TABLE [Appointments] (
    [Id] int NOT NULL IDENTITY,
    [AppointmentNo] nvarchar(20) NOT NULL,
    [PatientId] int NOT NULL,
    [DoctorId] int NOT NULL,
    [DepartmentId] int NULL,
    [RegisterUserId] int NULL,
    [AppointmentDate] datetime2 NOT NULL,
    [TimeSlot] nvarchar(20) NOT NULL,
    [QueueNumber] int NOT NULL,
    [Status] int NOT NULL,
    [Source] nvarchar(20) NULL,
    [Remark] nvarchar(200) NULL,
    [CreatedAt] datetime2 NOT NULL,
    [CancelledAt] datetime2 NULL,
    [CancelReason] nvarchar(200) NULL,
    CONSTRAINT [PK_Appointments] PRIMARY KEY ([Id]),
    CONSTRAINT [FK_Appointments_Departments_DepartmentId] FOREIGN KEY ([DepartmentId]) REFERENCES [Departments] ([Id]) ON DELETE SET NULL,
    CONSTRAINT [FK_Appointments_Patients_PatientId] FOREIGN KEY ([PatientId]) REFERENCES [Patients] ([Id]) ON DELETE CASCADE,
    CONSTRAINT [FK_Appointments_Users_DoctorId] FOREIGN KEY ([DoctorId]) REFERENCES [Users] ([Id]),
    CONSTRAINT [FK_Appointments_Users_RegisterUserId] FOREIGN KEY ([RegisterUserId]) REFERENCES [Users] ([Id])
);
2026-05-18 21:32:48.801 +08:00 [INF] Executed DbCommand (1ms) [Parameters=[], CommandType='"Text"', CommandTimeout='30']
CREATE TABLE [DoctorSchedules] (
    [Id] int NOT NULL IDENTITY,
    [DoctorId] int NOT NULL,
    [DayOfWeek] int NOT NULL,
    [TimeSlot] nvarchar(20) NOT NULL,
    [StartTime] time NOT NULL,
    [EndTime] time NOT NULL,
    [MaxPatients] int NOT NULL,
    [IsActive] bit NOT NULL,
    [CreatedAt] datetime2 NOT NULL,
    CONSTRAINT [PK_DoctorSchedules] PRIMARY KEY ([Id]),
    CONSTRAINT [FK_DoctorSchedules_Users_DoctorId] FOREIGN KEY ([DoctorId]) REFERENCES [Users] ([Id]) ON DELETE CASCADE
);
2026-05-18 21:32:48.802 +08:00 [INF] Executed DbCommand (1ms) [Parameters=[], CommandType='"Text"', CommandTimeout='30']
CREATE TABLE [SpecialSchedules] (
    [Id] int NOT NULL IDENTITY,
    [DoctorId] int NOT NULL,
    [Date] datetime2 NOT NULL,
    [IsWorkDay] bit NOT NULL,
    [TimeSlot] nvarchar(20) NULL,
    [StartTime] time NULL,
    [EndTime] time NULL,
    [MaxPatients] int NULL,
    [Reason] nvarchar(200) NULL,
    [CreatedAt] datetime2 NOT NULL,
    CONSTRAINT [PK_SpecialSchedules] PRIMARY KEY ([Id]),
    CONSTRAINT [FK_SpecialSchedules_Users_DoctorId] FOREIGN KEY ([DoctorId]) REFERENCES [Users] ([Id]) ON DELETE CASCADE
);
2026-05-18 21:32:48.805 +08:00 [INF] Executed DbCommand (2ms) [Parameters=[], CommandType='"Text"', CommandTimeout='30']
CREATE TABLE [MedicalRecords] (
    [Id] int NOT NULL IDENTITY,
    [RecordNo] nvarchar(20) NOT NULL,
    [PatientId] int NOT NULL,
    [DoctorId] int NOT NULL,
    [AppointmentId] int NOT NULL,
    [VisitDate] datetime2 NOT NULL,
    [ChiefComplaint] nvarchar(2000) NULL,
    [PresentIllness] nvarchar(4000) NULL,
    [PastHistory] nvarchar(2000) NULL,
    [PhysicalExamination] nvarchar(4000) NULL,
    [AuxiliaryExamination] nvarchar(2000) NULL,
    [TcmObservation] nvarchar(2000) NULL,
    [TcmAuscultation] nvarchar(2000) NULL,
    [TcmInquiry] nvarchar(2000) NULL,
    [TcmPalpation] nvarchar(2000) NULL,
    [WesternDiagnosis] nvarchar(500) NULL,
    [TcmDiagnosis] nvarchar(500) NULL,
    [TcmSyndrome] nvarchar(500) NULL,
    [DoctorAdvice] nvarchar(2000) NULL,
    [Remark] nvarchar(500) NULL,
    [CreatedAt] datetime2 NOT NULL,
    [UpdatedAt] datetime2 NOT NULL,
    CONSTRAINT [PK_MedicalRecords] PRIMARY KEY ([Id]),
    CONSTRAINT [FK_MedicalRecords_Appointments_AppointmentId] FOREIGN KEY ([AppointmentId]) REFERENCES [Appointments] ([Id]),
    CONSTRAINT [FK_MedicalRecords_Patients_PatientId] FOREIGN KEY ([PatientId]) REFERENCES [Patients] ([Id]),
    CONSTRAINT [FK_MedicalRecords_Users_DoctorId] FOREIGN KEY ([DoctorId]) REFERENCES [Users] ([Id])
);
2026-05-18 21:32:48.806 +08:00 [INF] Executed DbCommand (2ms) [Parameters=[], CommandType='"Text"', CommandTimeout='30']
CREATE TABLE [Payments] (
    [Id] int NOT NULL IDENTITY,
    [PaymentNo] nvarchar(20) NOT NULL,
    [PatientId] int NOT NULL,
    [AppointmentId] int NULL,
    [OperatorId] int NOT NULL,
    [TotalAmount] decimal(18,2) NOT NULL,
    [DiscountAmount] decimal(18,2) NULL,
    [ActualAmount] decimal(18,2) NOT NULL,
    [PaymentMethod] nvarchar(20) NOT NULL,
    [Status] nvarchar(20) NOT NULL,
    [Remark] nvarchar(200) NULL,
    [CreatedAt] datetime2 NOT NULL,
    [RefundedAt] datetime2 NULL,
    CONSTRAINT [PK_Payments] PRIMARY KEY ([Id]),
    CONSTRAINT [FK_Payments_Appointments_AppointmentId] FOREIGN KEY ([AppointmentId]) REFERENCES [Appointments] ([Id]),
    CONSTRAINT [FK_Payments_Patients_PatientId] FOREIGN KEY ([PatientId]) REFERENCES [Patients] ([Id]) ON DELETE CASCADE,
    CONSTRAINT [FK_Payments_Users_OperatorId] FOREIGN KEY ([OperatorId]) REFERENCES [Users] ([Id]) ON DELETE CASCADE
);
2026-05-18 21:32:48.808 +08:00 [INF] Executed DbCommand (1ms) [Parameters=[], CommandType='"Text"', CommandTimeout='30']
CREATE TABLE [Prescriptions] (
    [Id] int NOT NULL IDENTITY,
    [PrescriptionNo] nvarchar(20) NOT NULL,
    [MedicalRecordId] int NOT NULL,
    [Type] nvarchar(20) NOT NULL,
    [DecoctingMethod] nvarchar(200) NULL,
    [Direction] nvarchar(500) NULL,
    [TotalAmount] decimal(18,2) NOT NULL,
    [PharmacistId] int NULL,
    [Status] nvarchar(20) NOT NULL,
    [CreatedAt] datetime2 NOT NULL,
    [DispensedAt] datetime2 NULL,
    CONSTRAINT [PK_Prescriptions] PRIMARY KEY ([Id]),
    CONSTRAINT [FK_Prescriptions_MedicalRecords_MedicalRecordId] FOREIGN KEY ([MedicalRecordId]) REFERENCES [MedicalRecords] ([Id]) ON DELETE CASCADE,
    CONSTRAINT [FK_Prescriptions_Users_PharmacistId] FOREIGN KEY ([PharmacistId]) REFERENCES [Users] ([Id])
);
2026-05-18 21:32:48.809 +08:00 [INF] Executed DbCommand (1ms) [Parameters=[], CommandType='"Text"', CommandTimeout='30']
CREATE TABLE [PaymentItems] (
    [Id] int NOT NULL IDENTITY,
    [PaymentId] int NOT NULL,
    [ItemType] nvarchar(20) NOT NULL,
    [ItemId] int NULL,
    [ItemName] nvarchar(100) NOT NULL,
    [Quantity] int NOT NULL,
    [UnitPrice] decimal(18,2) NOT NULL,
    [SubTotal] decimal(18,2) NOT NULL,
    CONSTRAINT [PK_PaymentItems] PRIMARY KEY ([Id]),
    CONSTRAINT [FK_PaymentItems_Payments_PaymentId] FOREIGN KEY ([PaymentId]) REFERENCES [Payments] ([Id]) ON DELETE CASCADE
);
2026-05-18 21:32:48.810 +08:00 [INF] Executed DbCommand (1ms) [Parameters=[], CommandType='"Text"', CommandTimeout='30']
CREATE TABLE [PrescriptionItems] (
    [Id] int NOT NULL IDENTITY,
    [PrescriptionId] int NOT NULL,
    [DrugId] int NOT NULL,
    [DrugName] nvarchar(100) NOT NULL,
    [Specification] nvarchar(100) NULL,
    [Quantity] decimal(18,2) NOT NULL,
    [Dosage] nvarchar(50) NULL,
    [Frequency] nvarchar(20) NULL,
    [Usage] nvarchar(50) NULL,
    [Days] nvarchar(20) NULL,
    [Remark] nvarchar(200) NULL,
    [UnitPrice] decimal(18,2) NOT NULL,
    [SubTotal] decimal(18,2) NOT NULL,
    CONSTRAINT [PK_PrescriptionItems] PRIMARY KEY ([Id]),
    CONSTRAINT [FK_PrescriptionItems_Drugs_DrugId] FOREIGN KEY ([DrugId]) REFERENCES [Drugs] ([Id]) ON DELETE CASCADE,
    CONSTRAINT [FK_PrescriptionItems_Prescriptions_PrescriptionId] FOREIGN KEY ([PrescriptionId]) REFERENCES [Prescriptions] ([Id]) ON DELETE CASCADE
);
2026-05-18 21:32:48.823 +08:00 [INF] Executed DbCommand (13ms) [Parameters=[], CommandType='"Text"', CommandTimeout='30']
IF EXISTS (SELECT * FROM [sys].[identity_columns] WHERE [name] IN (N'Id', N'CreatedAt', N'Description', N'IsActive', N'Name', N'SortOrder') AND [object_id] = OBJECT_ID(N'[Departments]'))
    SET IDENTITY_INSERT [Departments] ON;
INSERT INTO [Departments] ([Id], [CreatedAt], [Description], [IsActive], [Name], [SortOrder])
VALUES (1, '2026-05-18T13:32:47.6112686Z', N'内科诊疗', CAST(1 AS bit), N'内科', 1),
(2, '2026-05-18T13:32:47.6112692Z', N'外科诊疗', CAST(1 AS bit), N'外科', 2),
(3, '2026-05-18T13:32:47.6112694Z', N'妇科诊疗', CAST(1 AS bit), N'妇科', 3),
(4, '2026-05-18T13:32:47.6112695Z', N'儿科诊疗', CAST(1 AS bit), N'儿科', 4),
(5, '2026-05-18T13:32:47.6112696Z', N'中医诊疗（中西医结合）', CAST(1 AS bit), N'中医科', 5),
(6, '2026-05-18T13:32:47.6112697Z', N'药品管理', CAST(1 AS bit), N'药房', 6);
IF EXISTS (SELECT * FROM [sys].[identity_columns] WHERE [name] IN (N'Id', N'CreatedAt', N'Description', N'IsActive', N'Name', N'SortOrder') AND [object_id] = OBJECT_ID(N'[Departments]'))
    SET IDENTITY_INSERT [Departments] OFF;
2026-05-18 21:32:48.834 +08:00 [INF] Executed DbCommand (10ms) [Parameters=[], CommandType='"Text"', CommandTimeout='30']
IF EXISTS (SELECT * FROM [sys].[identity_columns] WHERE [name] IN (N'Id', N'ConsultationFee', N'CreatedAt', N'DepartmentId', N'DisplayName', N'Email', N'Introduction', N'IsActive', N'LastLoginAt', N'MaxDailyPatients', N'PasswordHash', N'Phone', N'Role', N'Title', N'Username') AND [object_id] = OBJECT_ID(N'[Users]'))
    SET IDENTITY_INSERT [Users] ON;
INSERT INTO [Users] ([Id], [ConsultationFee], [CreatedAt], [DepartmentId], [DisplayName], [Email], [Introduction], [IsActive], [LastLoginAt], [MaxDailyPatients], [PasswordHash], [Phone], [Role], [Title], [Username])
VALUES (1, NULL, '2025-01-01T00:00:00.0000000Z', NULL, N'系统管理员', NULL, NULL, CAST(1 AS bit), NULL, NULL, N'$2a$11$a8IeRyB15iqhC7X.QZgyqOj7bl4X7L7C7S0fGg5YH9XEGzTYUhz4.', NULL, 1, NULL, N'admin'),
(4, NULL, '2025-01-01T00:00:00.0000000Z', NULL, N'王收银', NULL, NULL, CAST(1 AS bit), NULL, NULL, N'$2a$11$kMIvpls32/5VoEuS4sMdxuGSmlGnaPsDaciNgENdkao8kU6bvAMu.', NULL, 4, NULL, N'cashier1'),
(5, NULL, '2025-01-01T00:00:00.0000000Z', NULL, N'赵药师', NULL, NULL, CAST(1 AS bit), NULL, NULL, N'$2a$11$7h2OnANo0SFLLpGLlxwJ8usXw4zZgigwysbbhK7EJ6RJo9yshDSp2', NULL, 5, NULL, N'pharmacist1'),
(2, 50.0, '2025-01-01T00:00:00.0000000Z', 1, N'张医生', NULL, NULL, CAST(1 AS bit), NULL, 30, N'$2a$11$AA.MxnW86JlcsQ8ffj0YO.F4fUfnNFAOhMTzVQ9TA8h8Kaxprc8bi', N'13800000001', 2, N'主任医师', N'doctor1'),
(3, 30.0, '2025-01-01T00:00:00.0000000Z', 2, N'李医生', NULL, NULL, CAST(1 AS bit), NULL, 40, N'$2a$11$X7bFSJjGb0PC9VFV9dR3OuFDcJcg/KGJ7y2PXOQHtxVOtXUFVzJ82', N'13800000002', 2, N'副主任医师', N'doctor2');
IF EXISTS (SELECT * FROM [sys].[identity_columns] WHERE [name] IN (N'Id', N'ConsultationFee', N'CreatedAt', N'DepartmentId', N'DisplayName', N'Email', N'Introduction', N'IsActive', N'LastLoginAt', N'MaxDailyPatients', N'PasswordHash', N'Phone', N'Role', N'Title', N'Username') AND [object_id] = OBJECT_ID(N'[Users]'))
    SET IDENTITY_INSERT [Users] OFF;
2026-05-18 21:32:48.844 +08:00 [INF] Executed DbCommand (10ms) [Parameters=[], CommandType='"Text"', CommandTimeout='30']
IF EXISTS (SELECT * FROM [sys].[identity_columns] WHERE [name] IN (N'Id', N'CreatedAt', N'DayOfWeek', N'DoctorId', N'EndTime', N'IsActive', N'MaxPatients', N'StartTime', N'TimeSlot') AND [object_id] = OBJECT_ID(N'[DoctorSchedules]'))
    SET IDENTITY_INSERT [DoctorSchedules] ON;
INSERT INTO [DoctorSchedules] ([Id], [CreatedAt], [DayOfWeek], [DoctorId], [EndTime], [IsActive], [MaxPatients], [StartTime], [TimeSlot])
VALUES (1, '2025-01-01T00:00:00.0000000', 1, 2, '12:00:00', CAST(1 AS bit), 20, '08:00:00', N'上午'),
(2, '2025-01-01T00:00:00.0000000', 1, 2, '18:00:00', CAST(1 AS bit), 15, '14:00:00', N'下午'),
(3, '2025-01-01T00:00:00.0000000', 2, 2, '12:00:00', CAST(1 AS bit), 20, '08:00:00', N'上午'),
(4, '2025-01-01T00:00:00.0000000', 2, 2, '18:00:00', CAST(1 AS bit), 15, '14:00:00', N'下午'),
(5, '2025-01-01T00:00:00.0000000', 3, 2, '12:00:00', CAST(1 AS bit), 20, '08:00:00', N'上午'),
(6, '2025-01-01T00:00:00.0000000', 4, 2, '12:00:00', CAST(1 AS bit), 20, '08:00:00', N'上午'),
(7, '2025-01-01T00:00:00.0000000', 5, 2, '12:00:00', CAST(1 AS bit), 20, '08:00:00', N'上午'),
(8, '2025-01-01T00:00:00.0000000', 1, 3, '12:00:00', CAST(1 AS bit), 25, '08:00:00', N'上午'),
(9, '2025-01-01T00:00:00.0000000', 2, 3, '12:00:00', CAST(1 AS bit), 25, '08:00:00', N'上午'),
(10, '2025-01-01T00:00:00.0000000', 3, 3, '12:00:00', CAST(1 AS bit), 25, '08:00:00', N'上午'),
(11, '2025-01-01T00:00:00.0000000', 4, 3, '12:00:00', CAST(1 AS bit), 25, '08:00:00', N'上午'),
(12, '2025-01-01T00:00:00.0000000', 5, 3, '12:00:00', CAST(1 AS bit), 25, '08:00:00', N'上午'),
(13, '2025-01-01T00:00:00.0000000', 6, 3, '12:00:00', CAST(1 AS bit), 15, '08:00:00', N'上午');
IF EXISTS (SELECT * FROM [sys].[identity_columns] WHERE [name] IN (N'Id', N'CreatedAt', N'DayOfWeek', N'DoctorId', N'EndTime', N'IsActive', N'MaxPatients', N'StartTime', N'TimeSlot') AND [object_id] = OBJECT_ID(N'[DoctorSchedules]'))
    SET IDENTITY_INSERT [DoctorSchedules] OFF;
2026-05-18 21:32:48.845 +08:00 [INF] Executed DbCommand (1ms) [Parameters=[], CommandType='"Text"', CommandTimeout='30']
CREATE UNIQUE INDEX [IX_Appointments_AppointmentNo] ON [Appointments] ([AppointmentNo]);
2026-05-18 21:32:48.846 +08:00 [INF] Executed DbCommand (1ms) [Parameters=[], CommandType='"Text"', CommandTimeout='30']
CREATE INDEX [IX_Appointments_DepartmentId] ON [Appointments] ([DepartmentId]);
2026-05-18 21:32:48.847 +08:00 [INF] Executed DbCommand (1ms) [Parameters=[], CommandType='"Text"', CommandTimeout='30']
CREATE INDEX [IX_Appointments_DoctorId] ON [Appointments] ([DoctorId]);
2026-05-18 21:32:48.847 +08:00 [INF] Executed DbCommand (1ms) [Parameters=[], CommandType='"Text"', CommandTimeout='30']
CREATE INDEX [IX_Appointments_PatientId] ON [Appointments] ([PatientId]);
2026-05-18 21:32:48.848 +08:00 [INF] Executed DbCommand (1ms) [Parameters=[], CommandType='"Text"', CommandTimeout='30']
CREATE INDEX [IX_Appointments_RegisterUserId] ON [Appointments] ([RegisterUserId]);
2026-05-18 21:32:48.848 +08:00 [INF] Executed DbCommand (0ms) [Parameters=[], CommandType='"Text"', CommandTimeout='30']
CREATE UNIQUE INDEX [IX_ChargeItems_Code] ON [ChargeItems] ([Code]);
2026-05-18 21:32:48.850 +08:00 [INF] Executed DbCommand (1ms) [Parameters=[], CommandType='"Text"', CommandTimeout='30']
CREATE INDEX [IX_DoctorSchedules_DoctorId] ON [DoctorSchedules] ([DoctorId]);
2026-05-18 21:32:48.850 +08:00 [INF] Executed DbCommand (0ms) [Parameters=[], CommandType='"Text"', CommandTimeout='30']
CREATE UNIQUE INDEX [IX_Drugs_Code] ON [Drugs] ([Code]);
2026-05-18 21:32:48.851 +08:00 [INF] Executed DbCommand (0ms) [Parameters=[], CommandType='"Text"', CommandTimeout='30']
CREATE INDEX [IX_FamilyMembers_PatientId] ON [FamilyMembers] ([PatientId]);
2026-05-18 21:32:48.851 +08:00 [INF] Executed DbCommand (0ms) [Parameters=[], CommandType='"Text"', CommandTimeout='30']
CREATE INDEX [IX_MedicalRecords_AppointmentId] ON [MedicalRecords] ([AppointmentId]);
2026-05-18 21:32:48.852 +08:00 [INF] Executed DbCommand (0ms) [Parameters=[], CommandType='"Text"', CommandTimeout='30']
CREATE INDEX [IX_MedicalRecords_DoctorId] ON [MedicalRecords] ([DoctorId]);
2026-05-18 21:32:48.852 +08:00 [INF] Executed DbCommand (0ms) [Parameters=[], CommandType='"Text"', CommandTimeout='30']
CREATE INDEX [IX_MedicalRecords_PatientId] ON [MedicalRecords] ([PatientId]);
2026-05-18 21:32:48.853 +08:00 [INF] Executed DbCommand (0ms) [Parameters=[], CommandType='"Text"', CommandTimeout='30']
CREATE UNIQUE INDEX [IX_MedicalRecords_RecordNo] ON [MedicalRecords] ([RecordNo]);
2026-05-18 21:32:48.853 +08:00 [INF] Executed DbCommand (0ms) [Parameters=[], CommandType='"Text"', CommandTimeout='30']
CREATE INDEX [IX_Patients_IdCard] ON [Patients] ([IdCard]);
2026-05-18 21:32:48.854 +08:00 [INF] Executed DbCommand (1ms) [Parameters=[], CommandType='"Text"', CommandTimeout='30']
CREATE INDEX [IX_Patients_Phone] ON [Patients] ([Phone]);
2026-05-18 21:32:48.855 +08:00 [INF] Executed DbCommand (0ms) [Parameters=[], CommandType='"Text"', CommandTimeout='30']
CREATE INDEX [IX_PaymentItems_PaymentId] ON [PaymentItems] ([PaymentId]);
2026-05-18 21:32:48.855 +08:00 [INF] Executed DbCommand (1ms) [Parameters=[], CommandType='"Text"', CommandTimeout='30']
CREATE INDEX [IX_Payments_AppointmentId] ON [Payments] ([AppointmentId]);
2026-05-18 21:32:48.856 +08:00 [INF] Executed DbCommand (0ms) [Parameters=[], CommandType='"Text"', CommandTimeout='30']
CREATE INDEX [IX_Payments_OperatorId] ON [Payments] ([OperatorId]);
2026-05-18 21:32:48.856 +08:00 [INF] Executed DbCommand (1ms) [Parameters=[], CommandType='"Text"', CommandTimeout='30']
CREATE INDEX [IX_Payments_PatientId] ON [Payments] ([PatientId]);
2026-05-18 21:32:48.857 +08:00 [INF] Executed DbCommand (0ms) [Parameters=[], CommandType='"Text"', CommandTimeout='30']
CREATE UNIQUE INDEX [IX_Payments_PaymentNo] ON [Payments] ([PaymentNo]);
2026-05-18 21:32:48.857 +08:00 [INF] Executed DbCommand (0ms) [Parameters=[], CommandType='"Text"', CommandTimeout='30']
CREATE INDEX [IX_PrescriptionItems_DrugId] ON [PrescriptionItems] ([DrugId]);
2026-05-18 21:32:48.858 +08:00 [INF] Executed DbCommand (0ms) [Parameters=[], CommandType='"Text"', CommandTimeout='30']
CREATE INDEX [IX_PrescriptionItems_PrescriptionId] ON [PrescriptionItems] ([PrescriptionId]);
2026-05-18 21:32:48.858 +08:00 [INF] Executed DbCommand (0ms) [Parameters=[], CommandType='"Text"', CommandTimeout='30']
CREATE INDEX [IX_Prescriptions_MedicalRecordId] ON [Prescriptions] ([MedicalRecordId]);
2026-05-18 21:32:48.859 +08:00 [INF] Executed DbCommand (0ms) [Parameters=[], CommandType='"Text"', CommandTimeout='30']
CREATE INDEX [IX_Prescriptions_PharmacistId] ON [Prescriptions] ([PharmacistId]);
2026-05-18 21:32:48.859 +08:00 [INF] Executed DbCommand (0ms) [Parameters=[], CommandType='"Text"', CommandTimeout='30']
CREATE UNIQUE INDEX [IX_Prescriptions_PrescriptionNo] ON [Prescriptions] ([PrescriptionNo]);
2026-05-18 21:32:48.860 +08:00 [INF] Executed DbCommand (0ms) [Parameters=[], CommandType='"Text"', CommandTimeout='30']
CREATE INDEX [IX_SpecialSchedules_DoctorId] ON [SpecialSchedules] ([DoctorId]);
2026-05-18 21:32:48.861 +08:00 [INF] Executed DbCommand (1ms) [Parameters=[], CommandType='"Text"', CommandTimeout='30']
CREATE INDEX [IX_Users_DepartmentId] ON [Users] ([DepartmentId]);
2026-05-18 21:32:48.862 +08:00 [INF] Executed DbCommand (1ms) [Parameters=[], CommandType='"Text"', CommandTimeout='30']
CREATE UNIQUE INDEX [IX_Users_Username] ON [Users] ([Username]);
2026-05-18 21:32:48.986 +08:00 [INF] Now listening on: https://localhost:4887
2026-05-18 21:32:48.986 +08:00 [INF] Now listening on: http://localhost:4888
2026-05-18 21:32:48.987 +08:00 [INF] Application started. Press Ctrl+C to shut down.
2026-05-18 21:32:48.987 +08:00 [INF] Hosting environment: Development
2026-05-18 21:32:48.988 +08:00 [INF] Content root path: D:\ClinicSystem\src\ClinicSystem.Api
2026-05-18 21:33:17.781 +08:00 [INF] Executed DbCommand (24ms) [Parameters=[@__queryDate_0='?' (DbType = DateTime2), @__nextDay_1='?' (DbType = DateTime2)], CommandType='"Text"', CommandTimeout='30']
SELECT [a].[Id], [a].[AppointmentNo], [a].[TimeSlot], [a].[QueueNumber], [a].[Status], [t].[Name], [u].[DisplayName], [d].[Name]
FROM [Appointments] AS [a]
INNER JOIN (
    SELECT [p].[Id], [p].[Name]
    FROM [Patients] AS [p]
    WHERE [p].[IsDeleted] = CAST(0 AS bit)
) AS [t] ON [a].[PatientId] = [t].[Id]
INNER JOIN [Users] AS [u] ON [a].[DoctorId] = [u].[Id]
LEFT JOIN [Departments] AS [d] ON [a].[DepartmentId] = [d].[Id]
WHERE [a].[AppointmentDate] >= @__queryDate_0 AND [a].[AppointmentDate] < @__nextDay_1
ORDER BY [a].[TimeSlot], [a].[QueueNumber]
2026-05-18 21:33:47.577 +08:00 [INF] Executed DbCommand (1ms) [Parameters=[@__queryDate_0='?' (DbType = DateTime2), @__nextDay_1='?' (DbType = DateTime2)], CommandType='"Text"', CommandTimeout='30']
SELECT [a].[Id], [a].[AppointmentNo], [a].[TimeSlot], [a].[QueueNumber], [a].[Status], [t].[Name], [u].[DisplayName], [d].[Name]
FROM [Appointments] AS [a]
INNER JOIN (
    SELECT [p].[Id], [p].[Name]
    FROM [Patients] AS [p]
    WHERE [p].[IsDeleted] = CAST(0 AS bit)
) AS [t] ON [a].[PatientId] = [t].[Id]
INNER JOIN [Users] AS [u] ON [a].[DoctorId] = [u].[Id]
LEFT JOIN [Departments] AS [d] ON [a].[DepartmentId] = [d].[Id]
WHERE [a].[AppointmentDate] >= @__queryDate_0 AND [a].[AppointmentDate] < @__nextDay_1
ORDER BY [a].[TimeSlot], [a].[QueueNumber]
2026-05-18 21:34:17.217 +08:00 [INF] Executed DbCommand (4ms) [Parameters=[@__queryDate_0='?' (DbType = DateTime2), @__nextDay_1='?' (DbType = DateTime2)], CommandType='"Text"', CommandTimeout='30']
SELECT [a].[Id], [a].[AppointmentNo], [a].[TimeSlot], [a].[QueueNumber], [a].[Status], [t].[Name], [u].[DisplayName], [d].[Name]
FROM [Appointments] AS [a]
INNER JOIN (
    SELECT [p].[Id], [p].[Name]
    FROM [Patients] AS [p]
    WHERE [p].[IsDeleted] = CAST(0 AS bit)
) AS [t] ON [a].[PatientId] = [t].[Id]
INNER JOIN [Users] AS [u] ON [a].[DoctorId] = [u].[Id]
LEFT JOIN [Departments] AS [d] ON [a].[DepartmentId] = [d].[Id]
WHERE [a].[AppointmentDate] >= @__queryDate_0 AND [a].[AppointmentDate] < @__nextDay_1
ORDER BY [a].[TimeSlot], [a].[QueueNumber]
2026-05-18 21:34:47.518 +08:00 [INF] Executed DbCommand (1ms) [Parameters=[@__queryDate_0='?' (DbType = DateTime2), @__nextDay_1='?' (DbType = DateTime2)], CommandType='"Text"', CommandTimeout='30']
SELECT [a].[Id], [a].[AppointmentNo], [a].[TimeSlot], [a].[QueueNumber], [a].[Status], [t].[Name], [u].[DisplayName], [d].[Name]
FROM [Appointments] AS [a]
INNER JOIN (
    SELECT [p].[Id], [p].[Name]
    FROM [Patients] AS [p]
    WHERE [p].[IsDeleted] = CAST(0 AS bit)
) AS [t] ON [a].[PatientId] = [t].[Id]
INNER JOIN [Users] AS [u] ON [a].[DoctorId] = [u].[Id]
LEFT JOIN [Departments] AS [d] ON [a].[DepartmentId] = [d].[Id]
WHERE [a].[AppointmentDate] >= @__queryDate_0 AND [a].[AppointmentDate] < @__nextDay_1
ORDER BY [a].[TimeSlot], [a].[QueueNumber]
2026-05-18 21:35:17.221 +08:00 [INF] Executed DbCommand (4ms) [Parameters=[@__queryDate_0='?' (DbType = DateTime2), @__nextDay_1='?' (DbType = DateTime2)], CommandType='"Text"', CommandTimeout='30']
SELECT [a].[Id], [a].[AppointmentNo], [a].[TimeSlot], [a].[QueueNumber], [a].[Status], [t].[Name], [u].[DisplayName], [d].[Name]
FROM [Appointments] AS [a]
INNER JOIN (
    SELECT [p].[Id], [p].[Name]
    FROM [Patients] AS [p]
    WHERE [p].[IsDeleted] = CAST(0 AS bit)
) AS [t] ON [a].[PatientId] = [t].[Id]
INNER JOIN [Users] AS [u] ON [a].[DoctorId] = [u].[Id]
LEFT JOIN [Departments] AS [d] ON [a].[DepartmentId] = [d].[Id]
WHERE [a].[AppointmentDate] >= @__queryDate_0 AND [a].[AppointmentDate] < @__nextDay_1
ORDER BY [a].[TimeSlot], [a].[QueueNumber]
2026-05-18 21:35:47.529 +08:00 [INF] Executed DbCommand (4ms) [Parameters=[@__queryDate_0='?' (DbType = DateTime2), @__nextDay_1='?' (DbType = DateTime2)], CommandType='"Text"', CommandTimeout='30']
SELECT [a].[Id], [a].[AppointmentNo], [a].[TimeSlot], [a].[QueueNumber], [a].[Status], [t].[Name], [u].[DisplayName], [d].[Name]
FROM [Appointments] AS [a]
INNER JOIN (
    SELECT [p].[Id], [p].[Name]
    FROM [Patients] AS [p]
    WHERE [p].[IsDeleted] = CAST(0 AS bit)
) AS [t] ON [a].[PatientId] = [t].[Id]
INNER JOIN [Users] AS [u] ON [a].[DoctorId] = [u].[Id]
LEFT JOIN [Departments] AS [d] ON [a].[DepartmentId] = [d].[Id]
WHERE [a].[AppointmentDate] >= @__queryDate_0 AND [a].[AppointmentDate] < @__nextDay_1
ORDER BY [a].[TimeSlot], [a].[QueueNumber]
2026-05-18 21:36:17.214 +08:00 [INF] Executed DbCommand (1ms) [Parameters=[@__queryDate_0='?' (DbType = DateTime2), @__nextDay_1='?' (DbType = DateTime2)], CommandType='"Text"', CommandTimeout='30']
SELECT [a].[Id], [a].[AppointmentNo], [a].[TimeSlot], [a].[QueueNumber], [a].[Status], [t].[Name], [u].[DisplayName], [d].[Name]
FROM [Appointments] AS [a]
INNER JOIN (
    SELECT [p].[Id], [p].[Name]
    FROM [Patients] AS [p]
    WHERE [p].[IsDeleted] = CAST(0 AS bit)
) AS [t] ON [a].[PatientId] = [t].[Id]
INNER JOIN [Users] AS [u] ON [a].[DoctorId] = [u].[Id]
LEFT JOIN [Departments] AS [d] ON [a].[DepartmentId] = [d].[Id]
WHERE [a].[AppointmentDate] >= @__queryDate_0 AND [a].[AppointmentDate] < @__nextDay_1
ORDER BY [a].[TimeSlot], [a].[QueueNumber]
2026-05-18 21:36:47.518 +08:00 [INF] Executed DbCommand (4ms) [Parameters=[@__queryDate_0='?' (DbType = DateTime2), @__nextDay_1='?' (DbType = DateTime2)], CommandType='"Text"', CommandTimeout='30']
SELECT [a].[Id], [a].[AppointmentNo], [a].[TimeSlot], [a].[QueueNumber], [a].[Status], [t].[Name], [u].[DisplayName], [d].[Name]
FROM [Appointments] AS [a]
INNER JOIN (
    SELECT [p].[Id], [p].[Name]
    FROM [Patients] AS [p]
    WHERE [p].[IsDeleted] = CAST(0 AS bit)
) AS [t] ON [a].[PatientId] = [t].[Id]
INNER JOIN [Users] AS [u] ON [a].[DoctorId] = [u].[Id]
LEFT JOIN [Departments] AS [d] ON [a].[DepartmentId] = [d].[Id]
WHERE [a].[AppointmentDate] >= @__queryDate_0 AND [a].[AppointmentDate] < @__nextDay_1
ORDER BY [a].[TimeSlot], [a].[QueueNumber]
2026-05-18 21:37:17.211 +08:00 [INF] Executed DbCommand (4ms) [Parameters=[@__queryDate_0='?' (DbType = DateTime2), @__nextDay_1='?' (DbType = DateTime2)], CommandType='"Text"', CommandTimeout='30']
SELECT [a].[Id], [a].[AppointmentNo], [a].[TimeSlot], [a].[QueueNumber], [a].[Status], [t].[Name], [u].[DisplayName], [d].[Name]
FROM [Appointments] AS [a]
INNER JOIN (
    SELECT [p].[Id], [p].[Name]
    FROM [Patients] AS [p]
    WHERE [p].[IsDeleted] = CAST(0 AS bit)
) AS [t] ON [a].[PatientId] = [t].[Id]
INNER JOIN [Users] AS [u] ON [a].[DoctorId] = [u].[Id]
LEFT JOIN [Departments] AS [d] ON [a].[DepartmentId] = [d].[Id]
WHERE [a].[AppointmentDate] >= @__queryDate_0 AND [a].[AppointmentDate] < @__nextDay_1
ORDER BY [a].[TimeSlot], [a].[QueueNumber]
2026-05-18 21:37:47.518 +08:00 [INF] Executed DbCommand (4ms) [Parameters=[@__queryDate_0='?' (DbType = DateTime2), @__nextDay_1='?' (DbType = DateTime2)], CommandType='"Text"', CommandTimeout='30']
SELECT [a].[Id], [a].[AppointmentNo], [a].[TimeSlot], [a].[QueueNumber], [a].[Status], [t].[Name], [u].[DisplayName], [d].[Name]
FROM [Appointments] AS [a]
INNER JOIN (
    SELECT [p].[Id], [p].[Name]
    FROM [Patients] AS [p]
    WHERE [p].[IsDeleted] = CAST(0 AS bit)
) AS [t] ON [a].[PatientId] = [t].[Id]
INNER JOIN [Users] AS [u] ON [a].[DoctorId] = [u].[Id]
LEFT JOIN [Departments] AS [d] ON [a].[DepartmentId] = [d].[Id]
WHERE [a].[AppointmentDate] >= @__queryDate_0 AND [a].[AppointmentDate] < @__nextDay_1
ORDER BY [a].[TimeSlot], [a].[QueueNumber]
2026-05-18 21:38:17.283 +08:00 [INF] Executed DbCommand (16ms) [Parameters=[@__queryDate_0='?' (DbType = DateTime2), @__nextDay_1='?' (DbType = DateTime2)], CommandType='"Text"', CommandTimeout='30']
SELECT [a].[Id], [a].[AppointmentNo], [a].[TimeSlot], [a].[QueueNumber], [a].[Status], [t].[Name], [u].[DisplayName], [d].[Name]
FROM [Appointments] AS [a]
INNER JOIN (
    SELECT [p].[Id], [p].[Name]
    FROM [Patients] AS [p]
    WHERE [p].[IsDeleted] = CAST(0 AS bit)
) AS [t] ON [a].[PatientId] = [t].[Id]
INNER JOIN [Users] AS [u] ON [a].[DoctorId] = [u].[Id]
LEFT JOIN [Departments] AS [d] ON [a].[DepartmentId] = [d].[Id]
WHERE [a].[AppointmentDate] >= @__queryDate_0 AND [a].[AppointmentDate] < @__nextDay_1
ORDER BY [a].[TimeSlot], [a].[QueueNumber]
2026-05-18 21:38:47.528 +08:00 [INF] Executed DbCommand (4ms) [Parameters=[@__queryDate_0='?' (DbType = DateTime2), @__nextDay_1='?' (DbType = DateTime2)], CommandType='"Text"', CommandTimeout='30']
SELECT [a].[Id], [a].[AppointmentNo], [a].[TimeSlot], [a].[QueueNumber], [a].[Status], [t].[Name], [u].[DisplayName], [d].[Name]
FROM [Appointments] AS [a]
INNER JOIN (
    SELECT [p].[Id], [p].[Name]
    FROM [Patients] AS [p]
    WHERE [p].[IsDeleted] = CAST(0 AS bit)
) AS [t] ON [a].[PatientId] = [t].[Id]
INNER JOIN [Users] AS [u] ON [a].[DoctorId] = [u].[Id]
LEFT JOIN [Departments] AS [d] ON [a].[DepartmentId] = [d].[Id]
WHERE [a].[AppointmentDate] >= @__queryDate_0 AND [a].[AppointmentDate] < @__nextDay_1
ORDER BY [a].[TimeSlot], [a].[QueueNumber]
2026-05-18 21:39:17.216 +08:00 [INF] Executed DbCommand (4ms) [Parameters=[@__queryDate_0='?' (DbType = DateTime2), @__nextDay_1='?' (DbType = DateTime2)], CommandType='"Text"', CommandTimeout='30']
SELECT [a].[Id], [a].[AppointmentNo], [a].[TimeSlot], [a].[QueueNumber], [a].[Status], [t].[Name], [u].[DisplayName], [d].[Name]
FROM [Appointments] AS [a]
INNER JOIN (
    SELECT [p].[Id], [p].[Name]
    FROM [Patients] AS [p]
    WHERE [p].[IsDeleted] = CAST(0 AS bit)
) AS [t] ON [a].[PatientId] = [t].[Id]
INNER JOIN [Users] AS [u] ON [a].[DoctorId] = [u].[Id]
LEFT JOIN [Departments] AS [d] ON [a].[DepartmentId] = [d].[Id]
WHERE [a].[AppointmentDate] >= @__queryDate_0 AND [a].[AppointmentDate] < @__nextDay_1
ORDER BY [a].[TimeSlot], [a].[QueueNumber]
2026-05-18 21:39:47.525 +08:00 [INF] Executed DbCommand (5ms) [Parameters=[@__queryDate_0='?' (DbType = DateTime2), @__nextDay_1='?' (DbType = DateTime2)], CommandType='"Text"', CommandTimeout='30']
SELECT [a].[Id], [a].[AppointmentNo], [a].[TimeSlot], [a].[QueueNumber], [a].[Status], [t].[Name], [u].[DisplayName], [d].[Name]
FROM [Appointments] AS [a]
INNER JOIN (
    SELECT [p].[Id], [p].[Name]
    FROM [Patients] AS [p]
    WHERE [p].[IsDeleted] = CAST(0 AS bit)
) AS [t] ON [a].[PatientId] = [t].[Id]
INNER JOIN [Users] AS [u] ON [a].[DoctorId] = [u].[Id]
LEFT JOIN [Departments] AS [d] ON [a].[DepartmentId] = [d].[Id]
WHERE [a].[AppointmentDate] >= @__queryDate_0 AND [a].[AppointmentDate] < @__nextDay_1
ORDER BY [a].[TimeSlot], [a].[QueueNumber]
2026-05-18 21:39:49.018 +08:00 [INF] Executed DbCommand (5ms) [Parameters=[], CommandType='"Text"', CommandTimeout='30']
SELECT [u].[Id], [u].[ConsultationFee], [u].[CreatedAt], [u].[DepartmentId], [u].[DisplayName], [u].[Email], [u].[Introduction], [u].[IsActive], [u].[LastLoginAt], [u].[MaxDailyPatients], [u].[PasswordHash], [u].[Phone], [u].[Role], [u].[Title], [u].[Username], [d].[Id], [d].[CreatedAt], [d].[Description], [d].[IsActive], [d].[Name], [d].[SortOrder]
FROM [Users] AS [u]
LEFT JOIN [Departments] AS [d] ON [u].[DepartmentId] = [d].[Id]
WHERE [u].[Role] = 2 AND [u].[IsActive] = CAST(1 AS bit)
2026-05-18 21:39:49.116 +08:00 [INF] Executed DbCommand (0ms) [Parameters=[@__queryDate_0='?' (DbType = DateTime2), @__nextDay_1='?' (DbType = DateTime2)], CommandType='"Text"', CommandTimeout='30']
SELECT [a].[Id], [a].[AppointmentNo], [a].[TimeSlot], [a].[QueueNumber], [a].[Status], [t].[Name], [u].[DisplayName], [d].[Name]
FROM [Appointments] AS [a]
INNER JOIN (
    SELECT [p].[Id], [p].[Name]
    FROM [Patients] AS [p]
    WHERE [p].[IsDeleted] = CAST(0 AS bit)
) AS [t] ON [a].[PatientId] = [t].[Id]
INNER JOIN [Users] AS [u] ON [a].[DoctorId] = [u].[Id]
LEFT JOIN [Departments] AS [d] ON [a].[DepartmentId] = [d].[Id]
WHERE [a].[AppointmentDate] >= @__queryDate_0 AND [a].[AppointmentDate] < @__nextDay_1
ORDER BY [a].[TimeSlot], [a].[QueueNumber]
2026-05-18 21:39:49.124 +08:00 [INF] Executed DbCommand (3ms) [Parameters=[@__doc_Id_0='?' (DbType = Int32), @__8__locals1_dateOnly_1='?' (DbType = DateTime2)], CommandType='"Text"', CommandTimeout='30']
SELECT TOP(1) [s].[Id], [s].[CreatedAt], [s].[Date], [s].[DoctorId], [s].[EndTime], [s].[IsWorkDay], [s].[MaxPatients], [s].[Reason], [s].[StartTime], [s].[TimeSlot]
FROM [SpecialSchedules] AS [s]
WHERE [s].[DoctorId] = @__doc_Id_0 AND [s].[Date] = @__8__locals1_dateOnly_1
2026-05-18 21:39:49.133 +08:00 [INF] Executed DbCommand (3ms) [Parameters=[], CommandType='"Text"', CommandTimeout='30']
SELECT [d].[Id], [d].[Name], [d].[Description], [d].[SortOrder]
FROM [Departments] AS [d]
WHERE [d].[IsActive] = CAST(1 AS bit)
ORDER BY [d].[SortOrder]
2026-05-18 21:39:49.141 +08:00 [INF] Executed DbCommand (4ms) [Parameters=[@__doc_Id_0='?' (DbType = Int32), @__8__locals1_dayOfWeek_1='?' (DbType = Int32)], CommandType='"Text"', CommandTimeout='30']
SELECT [d].[Id], [d].[CreatedAt], [d].[DayOfWeek], [d].[DoctorId], [d].[EndTime], [d].[IsActive], [d].[MaxPatients], [d].[StartTime], [d].[TimeSlot]
FROM [DoctorSchedules] AS [d]
WHERE [d].[DoctorId] = @__doc_Id_0 AND [d].[DayOfWeek] = @__8__locals1_dayOfWeek_1 AND [d].[IsActive] = CAST(1 AS bit)
2026-05-18 21:39:49.154 +08:00 [INF] Executed DbCommand (1ms) [Parameters=[], CommandType='"Text"', CommandTimeout='30']
SELECT COUNT(*)
FROM [Appointments] AS [a]
2026-05-18 21:39:49.161 +08:00 [INF] Executed DbCommand (2ms) [Parameters=[@__8__locals2_doc_Id_0='?' (DbType = Int32), @__8__locals1_dateOnly_1='?' (DbType = DateTime2), @__rs_TimeSlot_2='?' (Size = 20)], CommandType='"Text"', CommandTimeout='30']
SELECT COUNT(*)
FROM [Appointments] AS [a]
WHERE [a].[DoctorId] = @__8__locals2_doc_Id_0 AND [a].[AppointmentDate] = @__8__locals1_dateOnly_1 AND [a].[TimeSlot] = @__rs_TimeSlot_2 AND [a].[Status] <> 4
2026-05-18 21:39:49.166 +08:00 [INF] Executed DbCommand (3ms) [Parameters=[@__8__locals2_doc_Id_0='?' (DbType = Int32), @__8__locals1_dateOnly_1='?' (DbType = DateTime2), @__rs_TimeSlot_2='?' (Size = 20)], CommandType='"Text"', CommandTimeout='30']
SELECT COUNT(*)
FROM [Appointments] AS [a]
WHERE [a].[DoctorId] = @__8__locals2_doc_Id_0 AND [a].[AppointmentDate] = @__8__locals1_dateOnly_1 AND [a].[TimeSlot] = @__rs_TimeSlot_2 AND [a].[Status] <> 4
2026-05-18 21:39:49.166 +08:00 [INF] Executed DbCommand (3ms) [Parameters=[@__p_0='?' (DbType = Int32), @__p_1='?' (DbType = Int32)], CommandType='"Text"', CommandTimeout='30']
SELECT [t].[Id], [t].[AppointmentNo], [t].[AppointmentDate], [t].[TimeSlot], [t].[QueueNumber], [t].[Status], [t].[Source], [t].[Remark], [t].[CreatedAt], [t].[PatientId], [t0].[Name], [t0].[Phone], [t0].[Gender], [t].[DoctorId], [u].[DisplayName], [u].[Title], [t].[DepartmentId], [d].[Name]
FROM (
    SELECT [a].[Id], [a].[AppointmentDate], [a].[AppointmentNo], [a].[CreatedAt], [a].[DepartmentId], [a].[DoctorId], [a].[PatientId], [a].[QueueNumber], [a].[Remark], [a].[Source], [a].[Status], [a].[TimeSlot]
    FROM [Appointments] AS [a]
    ORDER BY [a].[CreatedAt] DESC
    OFFSET @__p_0 ROWS FETCH NEXT @__p_1 ROWS ONLY
) AS [t]
INNER JOIN (
    SELECT [p].[Id], [p].[Gender], [p].[Name], [p].[Phone]
    FROM [Patients] AS [p]
    WHERE [p].[IsDeleted] = CAST(0 AS bit)
) AS [t0] ON [t].[PatientId] = [t0].[Id]
INNER JOIN [Users] AS [u] ON [t].[DoctorId] = [u].[Id]
LEFT JOIN [Departments] AS [d] ON [t].[DepartmentId] = [d].[Id]
ORDER BY [t].[CreatedAt] DESC
2026-05-18 21:39:49.167 +08:00 [INF] Executed DbCommand (0ms) [Parameters=[@__doc_Id_0='?' (DbType = Int32), @__8__locals1_dateOnly_1='?' (DbType = DateTime2)], CommandType='"Text"', CommandTimeout='30']
SELECT TOP(1) [s].[Id], [s].[CreatedAt], [s].[Date], [s].[DoctorId], [s].[EndTime], [s].[IsWorkDay], [s].[MaxPatients], [s].[Reason], [s].[StartTime], [s].[TimeSlot]
FROM [SpecialSchedules] AS [s]
WHERE [s].[DoctorId] = @__doc_Id_0 AND [s].[Date] = @__8__locals1_dateOnly_1
2026-05-18 21:39:49.168 +08:00 [INF] Executed DbCommand (0ms) [Parameters=[@__doc_Id_0='?' (DbType = Int32), @__8__locals1_dayOfWeek_1='?' (DbType = Int32)], CommandType='"Text"', CommandTimeout='30']
SELECT [d].[Id], [d].[CreatedAt], [d].[DayOfWeek], [d].[DoctorId], [d].[EndTime], [d].[IsActive], [d].[MaxPatients], [d].[StartTime], [d].[TimeSlot]
FROM [DoctorSchedules] AS [d]
WHERE [d].[DoctorId] = @__doc_Id_0 AND [d].[DayOfWeek] = @__8__locals1_dayOfWeek_1 AND [d].[IsActive] = CAST(1 AS bit)
2026-05-18 21:39:49.168 +08:00 [INF] Executed DbCommand (0ms) [Parameters=[@__8__locals2_doc_Id_0='?' (DbType = Int32), @__8__locals1_dateOnly_1='?' (DbType = DateTime2), @__rs_TimeSlot_2='?' (Size = 20)], CommandType='"Text"', CommandTimeout='30']
SELECT COUNT(*)
FROM [Appointments] AS [a]
WHERE [a].[DoctorId] = @__8__locals2_doc_Id_0 AND [a].[AppointmentDate] = @__8__locals1_dateOnly_1 AND [a].[TimeSlot] = @__rs_TimeSlot_2 AND [a].[Status] <> 4
2026-05-18 21:39:55.312 +08:00 [INF] Executed DbCommand (1ms) [Parameters=[], CommandType='"Text"', CommandTimeout='30']
SELECT COUNT(*)
FROM [Patients] AS [p]
WHERE [p].[IsDeleted] = CAST(0 AS bit)
2026-05-18 21:39:55.318 +08:00 [INF] Executed DbCommand (1ms) [Parameters=[@__p_0='?' (DbType = Int32), @__p_1='?' (DbType = Int32)], CommandType='"Text"', CommandTimeout='30']
SELECT [p].[Id], [p].[Name], [p].[Gender], [p].[DateOfBirth], [p].[Phone], [p].[IdCard], [p].[Address], [p].[Allergies], [p].[MedicalHistory], [p].[CreatedAt]
FROM [Patients] AS [p]
WHERE [p].[IsDeleted] = CAST(0 AS bit)
ORDER BY [p].[CreatedAt] DESC
OFFSET @__p_0 ROWS FETCH NEXT @__p_1 ROWS ONLY
2026-05-18 21:39:58.258 +08:00 [INF] Executed DbCommand (0ms) [Parameters=[], CommandType='"Text"', CommandTimeout='30']
SELECT COUNT(*)
FROM [Patients] AS [p]
WHERE [p].[IsDeleted] = CAST(0 AS bit)
2026-05-18 21:39:58.259 +08:00 [INF] Executed DbCommand (0ms) [Parameters=[@__p_0='?' (DbType = Int32), @__p_1='?' (DbType = Int32)], CommandType='"Text"', CommandTimeout='30']
SELECT [p].[Id], [p].[Name], [p].[Gender], [p].[DateOfBirth], [p].[Phone], [p].[IdCard], [p].[Address], [p].[Allergies], [p].[MedicalHistory], [p].[CreatedAt]
FROM [Patients] AS [p]
WHERE [p].[IsDeleted] = CAST(0 AS bit)
ORDER BY [p].[CreatedAt] DESC
OFFSET @__p_0 ROWS FETCH NEXT @__p_1 ROWS ONLY
2026-05-18 21:40:06.112 +08:00 [INF] Executed DbCommand (2ms) [Parameters=[@p0='?' (Size = 200), @p1='?' (Size = 500), @p2='?' (DbType = DateTime2), @p3='?' (DbType = DateTime2), @p4='?' (Size = 4000), @p5='?' (Size = 18), @p6='?' (DbType = Boolean), @p7='?' (Size = 1000), @p8='?' (Size = 50), @p9='?' (Size = 50), @p10='?' (Size = 20), @p11='?' (Size = 500), @p12='?' (DbType = DateTime2)], CommandType='"Text"', CommandTimeout='30']
SET IMPLICIT_TRANSACTIONS OFF;
SET NOCOUNT ON;
INSERT INTO [Patients] ([Address], [Allergies], [CreatedAt], [DateOfBirth], [Gender], [IdCard], [IsDeleted], [MedicalHistory], [MedicalInsuranceNo], [Name], [Phone], [Remark], [UpdatedAt])
OUTPUT INSERTED.[Id]
VALUES (@p0, @p1, @p2, @p3, @p4, @p5, @p6, @p7, @p8, @p9, @p10, @p11, @p12);
2026-05-18 21:40:06.267 +08:00 [INF] Executed DbCommand (0ms) [Parameters=[], CommandType='"Text"', CommandTimeout='30']
SELECT COUNT(*)
FROM [Patients] AS [p]
WHERE [p].[IsDeleted] = CAST(0 AS bit)
2026-05-18 21:40:06.270 +08:00 [INF] Executed DbCommand (2ms) [Parameters=[@__p_0='?' (DbType = Int32), @__p_1='?' (DbType = Int32)], CommandType='"Text"', CommandTimeout='30']
SELECT [p].[Id], [p].[Name], [p].[Gender], [p].[DateOfBirth], [p].[Phone], [p].[IdCard], [p].[Address], [p].[Allergies], [p].[MedicalHistory], [p].[CreatedAt]
FROM [Patients] AS [p]
WHERE [p].[IsDeleted] = CAST(0 AS bit)
ORDER BY [p].[CreatedAt] DESC
OFFSET @__p_0 ROWS FETCH NEXT @__p_1 ROWS ONLY
2026-05-18 21:40:09.175 +08:00 [INF] Executed DbCommand (1ms) [Parameters=[], CommandType='"Text"', CommandTimeout='30']
SELECT [u].[Id], [u].[ConsultationFee], [u].[CreatedAt], [u].[DepartmentId], [u].[DisplayName], [u].[Email], [u].[Introduction], [u].[IsActive], [u].[LastLoginAt], [u].[MaxDailyPatients], [u].[PasswordHash], [u].[Phone], [u].[Role], [u].[Title], [u].[Username], [d].[Id], [d].[CreatedAt], [d].[Description], [d].[IsActive], [d].[Name], [d].[SortOrder]
FROM [Users] AS [u]
LEFT JOIN [Departments] AS [d] ON [u].[DepartmentId] = [d].[Id]
WHERE [u].[Role] = 2 AND [u].[IsActive] = CAST(1 AS bit)
2026-05-18 21:40:09.176 +08:00 [INF] Executed DbCommand (0ms) [Parameters=[@__doc_Id_0='?' (DbType = Int32), @__8__locals1_dateOnly_1='?' (DbType = DateTime2)], CommandType='"Text"', CommandTimeout='30']
SELECT TOP(1) [s].[Id], [s].[CreatedAt], [s].[Date], [s].[DoctorId], [s].[EndTime], [s].[IsWorkDay], [s].[MaxPatients], [s].[Reason], [s].[StartTime], [s].[TimeSlot]
FROM [SpecialSchedules] AS [s]
WHERE [s].[DoctorId] = @__doc_Id_0 AND [s].[Date] = @__8__locals1_dateOnly_1
2026-05-18 21:40:09.177 +08:00 [INF] Executed DbCommand (0ms) [Parameters=[@__doc_Id_0='?' (DbType = Int32), @__8__locals1_dayOfWeek_1='?' (DbType = Int32)], CommandType='"Text"', CommandTimeout='30']
SELECT [d].[Id], [d].[CreatedAt], [d].[DayOfWeek], [d].[DoctorId], [d].[EndTime], [d].[IsActive], [d].[MaxPatients], [d].[StartTime], [d].[TimeSlot]
FROM [DoctorSchedules] AS [d]
WHERE [d].[DoctorId] = @__doc_Id_0 AND [d].[DayOfWeek] = @__8__locals1_dayOfWeek_1 AND [d].[IsActive] = CAST(1 AS bit)
2026-05-18 21:40:09.178 +08:00 [INF] Executed DbCommand (0ms) [Parameters=[@__8__locals2_doc_Id_0='?' (DbType = Int32), @__8__locals1_dateOnly_1='?' (DbType = DateTime2), @__rs_TimeSlot_2='?' (Size = 20)], CommandType='"Text"', CommandTimeout='30']
SELECT COUNT(*)
FROM [Appointments] AS [a]
WHERE [a].[DoctorId] = @__8__locals2_doc_Id_0 AND [a].[AppointmentDate] = @__8__locals1_dateOnly_1 AND [a].[TimeSlot] = @__rs_TimeSlot_2 AND [a].[Status] <> 4
2026-05-18 21:40:09.178 +08:00 [INF] Executed DbCommand (0ms) [Parameters=[@__8__locals2_doc_Id_0='?' (DbType = Int32), @__8__locals1_dateOnly_1='?' (DbType = DateTime2), @__rs_TimeSlot_2='?' (Size = 20)], CommandType='"Text"', CommandTimeout='30']
SELECT COUNT(*)
FROM [Appointments] AS [a]
WHERE [a].[DoctorId] = @__8__locals2_doc_Id_0 AND [a].[AppointmentDate] = @__8__locals1_dateOnly_1 AND [a].[TimeSlot] = @__rs_TimeSlot_2 AND [a].[Status] <> 4
2026-05-18 21:40:09.179 +08:00 [INF] Executed DbCommand (0ms) [Parameters=[@__doc_Id_0='?' (DbType = Int32), @__8__locals1_dateOnly_1='?' (DbType = DateTime2)], CommandType='"Text"', CommandTimeout='30']
SELECT TOP(1) [s].[Id], [s].[CreatedAt], [s].[Date], [s].[DoctorId], [s].[EndTime], [s].[IsWorkDay], [s].[MaxPatients], [s].[Reason], [s].[StartTime], [s].[TimeSlot]
FROM [SpecialSchedules] AS [s]
WHERE [s].[DoctorId] = @__doc_Id_0 AND [s].[Date] = @__8__locals1_dateOnly_1
2026-05-18 21:40:09.180 +08:00 [INF] Executed DbCommand (0ms) [Parameters=[@__doc_Id_0='?' (DbType = Int32), @__8__locals1_dayOfWeek_1='?' (DbType = Int32)], CommandType='"Text"', CommandTimeout='30']
SELECT [d].[Id], [d].[CreatedAt], [d].[DayOfWeek], [d].[DoctorId], [d].[EndTime], [d].[IsActive], [d].[MaxPatients], [d].[StartTime], [d].[TimeSlot]
FROM [DoctorSchedules] AS [d]
WHERE [d].[DoctorId] = @__doc_Id_0 AND [d].[DayOfWeek] = @__8__locals1_dayOfWeek_1 AND [d].[IsActive] = CAST(1 AS bit)
2026-05-18 21:40:09.180 +08:00 [INF] Executed DbCommand (0ms) [Parameters=[@__8__locals2_doc_Id_0='?' (DbType = Int32), @__8__locals1_dateOnly_1='?' (DbType = DateTime2), @__rs_TimeSlot_2='?' (Size = 20)], CommandType='"Text"', CommandTimeout='30']
SELECT COUNT(*)
FROM [Appointments] AS [a]
WHERE [a].[DoctorId] = @__8__locals2_doc_Id_0 AND [a].[AppointmentDate] = @__8__locals1_dateOnly_1 AND [a].[TimeSlot] = @__rs_TimeSlot_2 AND [a].[Status] <> 4
2026-05-18 21:40:09.573 +08:00 [INF] Executed DbCommand (1ms) [Parameters=[], CommandType='"Text"', CommandTimeout='30']
SELECT [d].[Id], [d].[Name], [d].[Description], [d].[SortOrder]
FROM [Departments] AS [d]
WHERE [d].[IsActive] = CAST(1 AS bit)
ORDER BY [d].[SortOrder]
2026-05-18 21:40:09.573 +08:00 [INF] Executed DbCommand (1ms) [Parameters=[], CommandType='"Text"', CommandTimeout='30']
SELECT COUNT(*)
FROM [Appointments] AS [a]
2026-05-18 21:40:09.574 +08:00 [INF] Executed DbCommand (1ms) [Parameters=[@__p_0='?' (DbType = Int32), @__p_1='?' (DbType = Int32)], CommandType='"Text"', CommandTimeout='30']
SELECT [t].[Id], [t].[AppointmentNo], [t].[AppointmentDate], [t].[TimeSlot], [t].[QueueNumber], [t].[Status], [t].[Source], [t].[Remark], [t].[CreatedAt], [t].[PatientId], [t0].[Name], [t0].[Phone], [t0].[Gender], [t].[DoctorId], [u].[DisplayName], [u].[Title], [t].[DepartmentId], [d].[Name]
FROM (
    SELECT [a].[Id], [a].[AppointmentDate], [a].[AppointmentNo], [a].[CreatedAt], [a].[DepartmentId], [a].[DoctorId], [a].[PatientId], [a].[QueueNumber], [a].[Remark], [a].[Source], [a].[Status], [a].[TimeSlot]
    FROM [Appointments] AS [a]
    ORDER BY [a].[CreatedAt] DESC
    OFFSET @__p_0 ROWS FETCH NEXT @__p_1 ROWS ONLY
) AS [t]
INNER JOIN (
    SELECT [p].[Id], [p].[Gender], [p].[Name], [p].[Phone]
    FROM [Patients] AS [p]
    WHERE [p].[IsDeleted] = CAST(0 AS bit)
) AS [t0] ON [t].[PatientId] = [t0].[Id]
INNER JOIN [Users] AS [u] ON [t].[DoctorId] = [u].[Id]
LEFT JOIN [Departments] AS [d] ON [t].[DepartmentId] = [d].[Id]
ORDER BY [t].[CreatedAt] DESC
2026-05-18 21:40:09.578 +08:00 [INF] Executed DbCommand (1ms) [Parameters=[@__queryDate_0='?' (DbType = DateTime2), @__nextDay_1='?' (DbType = DateTime2)], CommandType='"Text"', CommandTimeout='30']
SELECT [a].[Id], [a].[AppointmentNo], [a].[TimeSlot], [a].[QueueNumber], [a].[Status], [t].[Name], [u].[DisplayName], [d].[Name]
FROM [Appointments] AS [a]
INNER JOIN (
    SELECT [p].[Id], [p].[Name]
    FROM [Patients] AS [p]
    WHERE [p].[IsDeleted] = CAST(0 AS bit)
) AS [t] ON [a].[PatientId] = [t].[Id]
INNER JOIN [Users] AS [u] ON [a].[DoctorId] = [u].[Id]
LEFT JOIN [Departments] AS [d] ON [a].[DepartmentId] = [d].[Id]
WHERE [a].[AppointmentDate] >= @__queryDate_0 AND [a].[AppointmentDate] < @__nextDay_1
ORDER BY [a].[TimeSlot], [a].[QueueNumber]
2026-05-18 21:40:11.757 +08:00 [INF] Executed DbCommand (0ms) [Parameters=[], CommandType='"Text"', CommandTimeout='30']
SELECT COUNT(*)
FROM [Patients] AS [p]
WHERE [p].[IsDeleted] = CAST(0 AS bit)
2026-05-18 21:40:11.758 +08:00 [INF] Executed DbCommand (0ms) [Parameters=[@__p_0='?' (DbType = Int32), @__p_1='?' (DbType = Int32)], CommandType='"Text"', CommandTimeout='30']
SELECT [p].[Id], [p].[Name], [p].[Gender], [p].[DateOfBirth], [p].[Phone], [p].[IdCard], [p].[Address], [p].[Allergies], [p].[MedicalHistory], [p].[CreatedAt]
FROM [Patients] AS [p]
WHERE [p].[IsDeleted] = CAST(0 AS bit)
ORDER BY [p].[CreatedAt] DESC
OFFSET @__p_0 ROWS FETCH NEXT @__p_1 ROWS ONLY
2026-05-18 21:40:14.908 +08:00 [INF] Executed DbCommand (3ms) [Parameters=[@__request_DoctorId_0='?' (DbType = Int32)], CommandType='"Text"', CommandTimeout='30']
SELECT TOP(1) [u].[Id], [u].[ConsultationFee], [u].[CreatedAt], [u].[DepartmentId], [u].[DisplayName], [u].[Email], [u].[Introduction], [u].[IsActive], [u].[LastLoginAt], [u].[MaxDailyPatients], [u].[PasswordHash], [u].[Phone], [u].[Role], [u].[Title], [u].[Username], [d].[Id], [d].[CreatedAt], [d].[Description], [d].[IsActive], [d].[Name], [d].[SortOrder]
FROM [Users] AS [u]
LEFT JOIN [Departments] AS [d] ON [u].[DepartmentId] = [d].[Id]
WHERE [u].[Id] = @__request_DoctorId_0 AND [u].[Role] = 2 AND [u].[IsActive] = CAST(1 AS bit)
2026-05-18 21:40:14.912 +08:00 [INF] Executed DbCommand (2ms) [Parameters=[@__request_DoctorId_0='?' (DbType = Int32), @__apptDate_1='?' (DbType = DateTime2), @__request_TimeSlot_2='?' (Size = 20)], CommandType='"Text"', CommandTimeout='30']
SELECT COUNT(*)
FROM [Appointments] AS [a]
WHERE [a].[DoctorId] = @__request_DoctorId_0 AND [a].[AppointmentDate] = @__apptDate_1 AND [a].[TimeSlot] = @__request_TimeSlot_2 AND [a].[Status] <> 4
2026-05-18 21:40:14.962 +08:00 [INF] Executed DbCommand (3ms) [Parameters=[@p0='?' (DbType = DateTime2), @p1='?' (Size = 20), @p2='?' (Size = 200), @p3='?' (DbType = DateTime2), @p4='?' (DbType = DateTime2), @p5='?' (DbType = Int32), @p6='?' (DbType = Int32), @p7='?' (DbType = Int32), @p8='?' (DbType = Int32), @p9='?' (DbType = Int32), @p10='?' (Size = 200), @p11='?' (Size = 20), @p12='?' (DbType = Int32), @p13='?' (Size = 20)], CommandType='"Text"', CommandTimeout='30']
SET IMPLICIT_TRANSACTIONS OFF;
SET NOCOUNT ON;
INSERT INTO [Appointments] ([AppointmentDate], [AppointmentNo], [CancelReason], [CancelledAt], [CreatedAt], [DepartmentId], [DoctorId], [PatientId], [QueueNumber], [RegisterUserId], [Remark], [Source], [Status], [TimeSlot])
OUTPUT INSERTED.[Id]
VALUES (@p0, @p1, @p2, @p3, @p4, @p5, @p6, @p7, @p8, @p9, @p10, @p11, @p12, @p13);
2026-05-18 21:40:14.983 +08:00 [INF] Executed DbCommand (7ms) [Parameters=[@__apt_Id_0='?' (DbType = Int32)], CommandType='"Text"', CommandTimeout='30']
SELECT TOP(1) [a].[Id], [a].[AppointmentDate], [a].[AppointmentNo], [a].[CancelReason], [a].[CancelledAt], [a].[CreatedAt], [a].[DepartmentId], [a].[DoctorId], [a].[PatientId], [a].[QueueNumber], [a].[RegisterUserId], [a].[Remark], [a].[Source], [a].[Status], [a].[TimeSlot], [t].[Id], [t].[Address], [t].[Allergies], [t].[CreatedAt], [t].[DateOfBirth], [t].[Gender], [t].[IdCard], [t].[IsDeleted], [t].[MedicalHistory], [t].[MedicalInsuranceNo], [t].[Name], [t].[Phone], [t].[Remark], [t].[UpdatedAt], [u].[Id], [u].[ConsultationFee], [u].[CreatedAt], [u].[DepartmentId], [u].[DisplayName], [u].[Email], [u].[Introduction], [u].[IsActive], [u].[LastLoginAt], [u].[MaxDailyPatients], [u].[PasswordHash], [u].[Phone], [u].[Role], [u].[Title], [u].[Username], [d].[Id], [d].[CreatedAt], [d].[Description], [d].[IsActive], [d].[Name], [d].[SortOrder]
FROM [Appointments] AS [a]
INNER JOIN (
    SELECT [p].[Id], [p].[Address], [p].[Allergies], [p].[CreatedAt], [p].[DateOfBirth], [p].[Gender], [p].[IdCard], [p].[IsDeleted], [p].[MedicalHistory], [p].[MedicalInsuranceNo], [p].[Name], [p].[Phone], [p].[Remark], [p].[UpdatedAt]
    FROM [Patients] AS [p]
    WHERE [p].[IsDeleted] = CAST(0 AS bit)
) AS [t] ON [a].[PatientId] = [t].[Id]
INNER JOIN [Users] AS [u] ON [a].[DoctorId] = [u].[Id]
LEFT JOIN [Departments] AS [d] ON [a].[DepartmentId] = [d].[Id]
WHERE [a].[Id] = @__apt_Id_0
2026-05-18 21:40:15.159 +08:00 [INF] Executed DbCommand (3ms) [Parameters=[], CommandType='"Text"', CommandTimeout='30']
SELECT [u].[Id], [u].[ConsultationFee], [u].[CreatedAt], [u].[DepartmentId], [u].[DisplayName], [u].[Email], [u].[Introduction], [u].[IsActive], [u].[LastLoginAt], [u].[MaxDailyPatients], [u].[PasswordHash], [u].[Phone], [u].[Role], [u].[Title], [u].[Username], [d].[Id], [d].[CreatedAt], [d].[Description], [d].[IsActive], [d].[Name], [d].[SortOrder]
FROM [Users] AS [u]
LEFT JOIN [Departments] AS [d] ON [u].[DepartmentId] = [d].[Id]
WHERE [u].[Role] = 2 AND [u].[IsActive] = CAST(1 AS bit)
2026-05-18 21:40:15.162 +08:00 [INF] Executed DbCommand (2ms) [Parameters=[@__doc_Id_0='?' (DbType = Int32), @__8__locals1_dateOnly_1='?' (DbType = DateTime2)], CommandType='"Text"', CommandTimeout='30']
SELECT TOP(1) [s].[Id], [s].[CreatedAt], [s].[Date], [s].[DoctorId], [s].[EndTime], [s].[IsWorkDay], [s].[MaxPatients], [s].[Reason], [s].[StartTime], [s].[TimeSlot]
FROM [SpecialSchedules] AS [s]
WHERE [s].[DoctorId] = @__doc_Id_0 AND [s].[Date] = @__8__locals1_dateOnly_1
2026-05-18 21:40:15.166 +08:00 [INF] Executed DbCommand (3ms) [Parameters=[@__doc_Id_0='?' (DbType = Int32), @__8__locals1_dayOfWeek_1='?' (DbType = Int32)], CommandType='"Text"', CommandTimeout='30']
SELECT [d].[Id], [d].[CreatedAt], [d].[DayOfWeek], [d].[DoctorId], [d].[EndTime], [d].[IsActive], [d].[MaxPatients], [d].[StartTime], [d].[TimeSlot]
FROM [DoctorSchedules] AS [d]
WHERE [d].[DoctorId] = @__doc_Id_0 AND [d].[DayOfWeek] = @__8__locals1_dayOfWeek_1 AND [d].[IsActive] = CAST(1 AS bit)
2026-05-18 21:40:15.172 +08:00 [INF] Executed DbCommand (5ms) [Parameters=[@__8__locals2_doc_Id_0='?' (DbType = Int32), @__8__locals1_dateOnly_1='?' (DbType = DateTime2), @__rs_TimeSlot_2='?' (Size = 20)], CommandType='"Text"', CommandTimeout='30']
SELECT COUNT(*)
FROM [Appointments] AS [a]
WHERE [a].[DoctorId] = @__8__locals2_doc_Id_0 AND [a].[AppointmentDate] = @__8__locals1_dateOnly_1 AND [a].[TimeSlot] = @__rs_TimeSlot_2 AND [a].[Status] <> 4
2026-05-18 21:40:15.173 +08:00 [INF] Executed DbCommand (0ms) [Parameters=[@__8__locals2_doc_Id_0='?' (DbType = Int32), @__8__locals1_dateOnly_1='?' (DbType = DateTime2), @__rs_TimeSlot_2='?' (Size = 20)], CommandType='"Text"', CommandTimeout='30']
SELECT COUNT(*)
FROM [Appointments] AS [a]
WHERE [a].[DoctorId] = @__8__locals2_doc_Id_0 AND [a].[AppointmentDate] = @__8__locals1_dateOnly_1 AND [a].[TimeSlot] = @__rs_TimeSlot_2 AND [a].[Status] <> 4
2026-05-18 21:40:15.175 +08:00 [INF] Executed DbCommand (1ms) [Parameters=[@__doc_Id_0='?' (DbType = Int32), @__8__locals1_dateOnly_1='?' (DbType = DateTime2)], CommandType='"Text"', CommandTimeout='30']
SELECT TOP(1) [s].[Id], [s].[CreatedAt], [s].[Date], [s].[DoctorId], [s].[EndTime], [s].[IsWorkDay], [s].[MaxPatients], [s].[Reason], [s].[StartTime], [s].[TimeSlot]
FROM [SpecialSchedules] AS [s]
WHERE [s].[DoctorId] = @__doc_Id_0 AND [s].[Date] = @__8__locals1_dateOnly_1
2026-05-18 21:40:15.177 +08:00 [INF] Executed DbCommand (2ms) [Parameters=[@__doc_Id_0='?' (DbType = Int32), @__8__locals1_dayOfWeek_1='?' (DbType = Int32)], CommandType='"Text"', CommandTimeout='30']
SELECT [d].[Id], [d].[CreatedAt], [d].[DayOfWeek], [d].[DoctorId], [d].[EndTime], [d].[IsActive], [d].[MaxPatients], [d].[StartTime], [d].[TimeSlot]
FROM [DoctorSchedules] AS [d]
WHERE [d].[DoctorId] = @__doc_Id_0 AND [d].[DayOfWeek] = @__8__locals1_dayOfWeek_1 AND [d].[IsActive] = CAST(1 AS bit)
2026-05-18 21:40:15.178 +08:00 [INF] Executed DbCommand (0ms) [Parameters=[@__8__locals2_doc_Id_0='?' (DbType = Int32), @__8__locals1_dateOnly_1='?' (DbType = DateTime2), @__rs_TimeSlot_2='?' (Size = 20)], CommandType='"Text"', CommandTimeout='30']
SELECT COUNT(*)
FROM [Appointments] AS [a]
WHERE [a].[DoctorId] = @__8__locals2_doc_Id_0 AND [a].[AppointmentDate] = @__8__locals1_dateOnly_1 AND [a].[TimeSlot] = @__rs_TimeSlot_2 AND [a].[Status] <> 4
2026-05-18 21:40:15.315 +08:00 [INF] Executed DbCommand (3ms) [Parameters=[], CommandType='"Text"', CommandTimeout='30']
SELECT COUNT(*)
FROM [Appointments] AS [a]
2026-05-18 21:40:15.321 +08:00 [INF] Executed DbCommand (6ms) [Parameters=[@__p_0='?' (DbType = Int32), @__p_1='?' (DbType = Int32)], CommandType='"Text"', CommandTimeout='30']
SELECT [t].[Id], [t].[AppointmentNo], [t].[AppointmentDate], [t].[TimeSlot], [t].[QueueNumber], [t].[Status], [t].[Source], [t].[Remark], [t].[CreatedAt], [t].[PatientId], [t0].[Name], [t0].[Phone], [t0].[Gender], [t].[DoctorId], [u].[DisplayName], [u].[Title], [t].[DepartmentId], [d].[Name]
FROM (
    SELECT [a].[Id], [a].[AppointmentDate], [a].[AppointmentNo], [a].[CreatedAt], [a].[DepartmentId], [a].[DoctorId], [a].[PatientId], [a].[QueueNumber], [a].[Remark], [a].[Source], [a].[Status], [a].[TimeSlot]
    FROM [Appointments] AS [a]
    ORDER BY [a].[CreatedAt] DESC
    OFFSET @__p_0 ROWS FETCH NEXT @__p_1 ROWS ONLY
) AS [t]
INNER JOIN (
    SELECT [p].[Id], [p].[Gender], [p].[Name], [p].[Phone]
    FROM [Patients] AS [p]
    WHERE [p].[IsDeleted] = CAST(0 AS bit)
) AS [t0] ON [t].[PatientId] = [t0].[Id]
INNER JOIN [Users] AS [u] ON [t].[DoctorId] = [u].[Id]
LEFT JOIN [Departments] AS [d] ON [t].[DepartmentId] = [d].[Id]
ORDER BY [t].[CreatedAt] DESC
2026-05-18 21:40:33.420 +08:00 [INF] Executed DbCommand (1ms) [Parameters=[@__s_0='?' (DbType = Int32)], CommandType='"Text"', CommandTimeout='30']
SELECT COUNT(*)
FROM [Appointments] AS [a]
WHERE [a].[Status] = @__s_0
2026-05-18 21:40:33.428 +08:00 [INF] Executed DbCommand (5ms) [Parameters=[@__s_0='?' (DbType = Int32), @__p_1='?' (DbType = Int32), @__p_2='?' (DbType = Int32)], CommandType='"Text"', CommandTimeout='30']
SELECT [t].[Id], [t].[AppointmentNo], [t].[AppointmentDate], [t].[TimeSlot], [t].[QueueNumber], [t].[Status], [t].[Source], [t].[Remark], [t].[CreatedAt], [t].[PatientId], [t0].[Name], [t0].[Phone], [t0].[Gender], [t].[DoctorId], [u].[DisplayName], [u].[Title], [t].[DepartmentId], [d].[Name]
FROM (
    SELECT [a].[Id], [a].[AppointmentDate], [a].[AppointmentNo], [a].[CreatedAt], [a].[DepartmentId], [a].[DoctorId], [a].[PatientId], [a].[QueueNumber], [a].[Remark], [a].[Source], [a].[Status], [a].[TimeSlot]
    FROM [Appointments] AS [a]
    WHERE [a].[Status] = @__s_0
    ORDER BY [a].[CreatedAt] DESC
    OFFSET @__p_1 ROWS FETCH NEXT @__p_2 ROWS ONLY
) AS [t]
INNER JOIN (
    SELECT [p].[Id], [p].[Gender], [p].[Name], [p].[Phone]
    FROM [Patients] AS [p]
    WHERE [p].[IsDeleted] = CAST(0 AS bit)
) AS [t0] ON [t].[PatientId] = [t0].[Id]
INNER JOIN [Users] AS [u] ON [t].[DoctorId] = [u].[Id]
LEFT JOIN [Departments] AS [d] ON [t].[DepartmentId] = [d].[Id]
ORDER BY [t].[CreatedAt] DESC
2026-05-18 21:40:36.537 +08:00 [INF] Executed DbCommand (0ms) [Parameters=[@__s_0='?' (DbType = Int32)], CommandType='"Text"', CommandTimeout='30']
SELECT COUNT(*)
FROM [Appointments] AS [a]
WHERE [a].[Status] = @__s_0
2026-05-18 21:40:36.538 +08:00 [INF] Executed DbCommand (0ms) [Parameters=[@__s_0='?' (DbType = Int32), @__p_1='?' (DbType = Int32), @__p_2='?' (DbType = Int32)], CommandType='"Text"', CommandTimeout='30']
SELECT [t].[Id], [t].[AppointmentNo], [t].[AppointmentDate], [t].[TimeSlot], [t].[QueueNumber], [t].[Status], [t].[Source], [t].[Remark], [t].[CreatedAt], [t].[PatientId], [t0].[Name], [t0].[Phone], [t0].[Gender], [t].[DoctorId], [u].[DisplayName], [u].[Title], [t].[DepartmentId], [d].[Name]
FROM (
    SELECT [a].[Id], [a].[AppointmentDate], [a].[AppointmentNo], [a].[CreatedAt], [a].[DepartmentId], [a].[DoctorId], [a].[PatientId], [a].[QueueNumber], [a].[Remark], [a].[Source], [a].[Status], [a].[TimeSlot]
    FROM [Appointments] AS [a]
    WHERE [a].[Status] = @__s_0
    ORDER BY [a].[CreatedAt] DESC
    OFFSET @__p_1 ROWS FETCH NEXT @__p_2 ROWS ONLY
) AS [t]
INNER JOIN (
    SELECT [p].[Id], [p].[Gender], [p].[Name], [p].[Phone]
    FROM [Patients] AS [p]
    WHERE [p].[IsDeleted] = CAST(0 AS bit)
) AS [t0] ON [t].[PatientId] = [t0].[Id]
INNER JOIN [Users] AS [u] ON [t].[DoctorId] = [u].[Id]
LEFT JOIN [Departments] AS [d] ON [t].[DepartmentId] = [d].[Id]
ORDER BY [t].[CreatedAt] DESC
2026-05-18 21:40:39.272 +08:00 [INF] Executed DbCommand (3ms) [Parameters=[@__queryDate_0='?' (DbType = DateTime2), @__nextDay_1='?' (DbType = DateTime2)], CommandType='"Text"', CommandTimeout='30']
SELECT [a].[Id], [a].[AppointmentNo], [a].[TimeSlot], [a].[QueueNumber], [a].[Status], [t].[Name], [u].[DisplayName], [d].[Name]
FROM [Appointments] AS [a]
INNER JOIN (
    SELECT [p].[Id], [p].[Name]
    FROM [Patients] AS [p]
    WHERE [p].[IsDeleted] = CAST(0 AS bit)
) AS [t] ON [a].[PatientId] = [t].[Id]
INNER JOIN [Users] AS [u] ON [a].[DoctorId] = [u].[Id]
LEFT JOIN [Departments] AS [d] ON [a].[DepartmentId] = [d].[Id]
WHERE [a].[AppointmentDate] >= @__queryDate_0 AND [a].[AppointmentDate] < @__nextDay_1
ORDER BY [a].[TimeSlot], [a].[QueueNumber]
2026-05-18 21:40:39.733 +08:00 [INF] Executed DbCommand (0ms) [Parameters=[@__s_0='?' (DbType = Int32)], CommandType='"Text"', CommandTimeout='30']
SELECT COUNT(*)
FROM [Appointments] AS [a]
WHERE [a].[Status] = @__s_0
2026-05-18 21:40:39.734 +08:00 [INF] Executed DbCommand (0ms) [Parameters=[@__s_0='?' (DbType = Int32), @__p_1='?' (DbType = Int32), @__p_2='?' (DbType = Int32)], CommandType='"Text"', CommandTimeout='30']
SELECT [t].[Id], [t].[AppointmentNo], [t].[AppointmentDate], [t].[TimeSlot], [t].[QueueNumber], [t].[Status], [t].[Source], [t].[Remark], [t].[CreatedAt], [t].[PatientId], [t0].[Name], [t0].[Phone], [t0].[Gender], [t].[DoctorId], [u].[DisplayName], [u].[Title], [t].[DepartmentId], [d].[Name]
FROM (
    SELECT [a].[Id], [a].[AppointmentDate], [a].[AppointmentNo], [a].[CreatedAt], [a].[DepartmentId], [a].[DoctorId], [a].[PatientId], [a].[QueueNumber], [a].[Remark], [a].[Source], [a].[Status], [a].[TimeSlot]
    FROM [Appointments] AS [a]
    WHERE [a].[Status] = @__s_0
    ORDER BY [a].[CreatedAt] DESC
    OFFSET @__p_1 ROWS FETCH NEXT @__p_2 ROWS ONLY
) AS [t]
INNER JOIN (
    SELECT [p].[Id], [p].[Gender], [p].[Name], [p].[Phone]
    FROM [Patients] AS [p]
    WHERE [p].[IsDeleted] = CAST(0 AS bit)
) AS [t0] ON [t].[PatientId] = [t0].[Id]
INNER JOIN [Users] AS [u] ON [t].[DoctorId] = [u].[Id]
LEFT JOIN [Departments] AS [d] ON [t].[DepartmentId] = [d].[Id]
ORDER BY [t].[CreatedAt] DESC
2026-05-18 21:40:41.762 +08:00 [INF] Executed DbCommand (0ms) [Parameters=[@__s_0='?' (DbType = Int32)], CommandType='"Text"', CommandTimeout='30']
SELECT COUNT(*)
FROM [Appointments] AS [a]
WHERE [a].[Status] = @__s_0
2026-05-18 21:40:41.763 +08:00 [INF] Executed DbCommand (0ms) [Parameters=[@__s_0='?' (DbType = Int32), @__p_1='?' (DbType = Int32), @__p_2='?' (DbType = Int32)], CommandType='"Text"', CommandTimeout='30']
SELECT [t].[Id], [t].[AppointmentNo], [t].[AppointmentDate], [t].[TimeSlot], [t].[QueueNumber], [t].[Status], [t].[Source], [t].[Remark], [t].[CreatedAt], [t].[PatientId], [t0].[Name], [t0].[Phone], [t0].[Gender], [t].[DoctorId], [u].[DisplayName], [u].[Title], [t].[DepartmentId], [d].[Name]
FROM (
    SELECT [a].[Id], [a].[AppointmentDate], [a].[AppointmentNo], [a].[CreatedAt], [a].[DepartmentId], [a].[DoctorId], [a].[PatientId], [a].[QueueNumber], [a].[Remark], [a].[Source], [a].[Status], [a].[TimeSlot]
    FROM [Appointments] AS [a]
    WHERE [a].[Status] = @__s_0
    ORDER BY [a].[CreatedAt] DESC
    OFFSET @__p_1 ROWS FETCH NEXT @__p_2 ROWS ONLY
) AS [t]
INNER JOIN (
    SELECT [p].[Id], [p].[Gender], [p].[Name], [p].[Phone]
    FROM [Patients] AS [p]
    WHERE [p].[IsDeleted] = CAST(0 AS bit)
) AS [t0] ON [t].[PatientId] = [t0].[Id]
INNER JOIN [Users] AS [u] ON [t].[DoctorId] = [u].[Id]
LEFT JOIN [Departments] AS [d] ON [t].[DepartmentId] = [d].[Id]
ORDER BY [t].[CreatedAt] DESC
2026-05-18 21:40:50.752 +08:00 [INF] Executed DbCommand (5ms) [Parameters=[@__queryDate_0='?' (DbType = DateTime2), @__nextDay_1='?' (DbType = DateTime2)], CommandType='"Text"', CommandTimeout='30']
SELECT [a].[Id], [a].[AppointmentNo], [a].[TimeSlot], [a].[QueueNumber], [a].[Status], [t].[Name], [u].[DisplayName], [d].[Name]
FROM [Appointments] AS [a]
INNER JOIN (
    SELECT [p].[Id], [p].[Name]
    FROM [Patients] AS [p]
    WHERE [p].[IsDeleted] = CAST(0 AS bit)
) AS [t] ON [a].[PatientId] = [t].[Id]
INNER JOIN [Users] AS [u] ON [a].[DoctorId] = [u].[Id]
LEFT JOIN [Departments] AS [d] ON [a].[DepartmentId] = [d].[Id]
WHERE [a].[AppointmentDate] >= @__queryDate_0 AND [a].[AppointmentDate] < @__nextDay_1
ORDER BY [a].[TimeSlot], [a].[QueueNumber]
2026-05-18 21:40:59.435 +08:00 [INF] Executed DbCommand (1ms) [Parameters=[@__p_0='?' (DbType = Int32)], CommandType='"Text"', CommandTimeout='30']
SELECT TOP(1) [a].[Id], [a].[AppointmentDate], [a].[AppointmentNo], [a].[CancelReason], [a].[CancelledAt], [a].[CreatedAt], [a].[DepartmentId], [a].[DoctorId], [a].[PatientId], [a].[QueueNumber], [a].[RegisterUserId], [a].[Remark], [a].[Source], [a].[Status], [a].[TimeSlot]
FROM [Appointments] AS [a]
WHERE [a].[Id] = @__p_0
2026-05-18 21:40:59.440 +08:00 [INF] Executed DbCommand (2ms) [Parameters=[@p1='?' (DbType = Int32), @p0='?' (DbType = Int32)], CommandType='"Text"', CommandTimeout='30']
SET IMPLICIT_TRANSACTIONS OFF;
SET NOCOUNT ON;
UPDATE [Appointments] SET [Status] = @p0
OUTPUT 1
WHERE [Id] = @p1;
2026-05-18 21:40:59.757 +08:00 [INF] Executed DbCommand (1ms) [Parameters=[@__s_0='?' (DbType = Int32)], CommandType='"Text"', CommandTimeout='30']
SELECT COUNT(*)
FROM [Appointments] AS [a]
WHERE [a].[Status] = @__s_0
2026-05-18 21:40:59.761 +08:00 [INF] Executed DbCommand (3ms) [Parameters=[@__s_0='?' (DbType = Int32), @__p_1='?' (DbType = Int32), @__p_2='?' (DbType = Int32)], CommandType='"Text"', CommandTimeout='30']
SELECT [t].[Id], [t].[AppointmentNo], [t].[AppointmentDate], [t].[TimeSlot], [t].[QueueNumber], [t].[Status], [t].[Source], [t].[Remark], [t].[CreatedAt], [t].[PatientId], [t0].[Name], [t0].[Phone], [t0].[Gender], [t].[DoctorId], [u].[DisplayName], [u].[Title], [t].[DepartmentId], [d].[Name]
FROM (
    SELECT [a].[Id], [a].[AppointmentDate], [a].[AppointmentNo], [a].[CreatedAt], [a].[DepartmentId], [a].[DoctorId], [a].[PatientId], [a].[QueueNumber], [a].[Remark], [a].[Source], [a].[Status], [a].[TimeSlot]
    FROM [Appointments] AS [a]
    WHERE [a].[Status] = @__s_0
    ORDER BY [a].[CreatedAt] DESC
    OFFSET @__p_1 ROWS FETCH NEXT @__p_2 ROWS ONLY
) AS [t]
INNER JOIN (
    SELECT [p].[Id], [p].[Gender], [p].[Name], [p].[Phone]
    FROM [Patients] AS [p]
    WHERE [p].[IsDeleted] = CAST(0 AS bit)
) AS [t0] ON [t].[PatientId] = [t0].[Id]
INNER JOIN [Users] AS [u] ON [t].[DoctorId] = [u].[Id]
LEFT JOIN [Departments] AS [d] ON [t].[DepartmentId] = [d].[Id]
ORDER BY [t].[CreatedAt] DESC
2026-05-18 21:41:04.713 +08:00 [INF] Executed DbCommand (0ms) [Parameters=[@__s_0='?' (DbType = Int32)], CommandType='"Text"', CommandTimeout='30']
SELECT COUNT(*)
FROM [Appointments] AS [a]
WHERE [a].[Status] = @__s_0
2026-05-18 21:41:04.714 +08:00 [INF] Executed DbCommand (0ms) [Parameters=[@__s_0='?' (DbType = Int32), @__p_1='?' (DbType = Int32), @__p_2='?' (DbType = Int32)], CommandType='"Text"', CommandTimeout='30']
SELECT [t].[Id], [t].[AppointmentNo], [t].[AppointmentDate], [t].[TimeSlot], [t].[QueueNumber], [t].[Status], [t].[Source], [t].[Remark], [t].[CreatedAt], [t].[PatientId], [t0].[Name], [t0].[Phone], [t0].[Gender], [t].[DoctorId], [u].[DisplayName], [u].[Title], [t].[DepartmentId], [d].[Name]
FROM (
    SELECT [a].[Id], [a].[AppointmentDate], [a].[AppointmentNo], [a].[CreatedAt], [a].[DepartmentId], [a].[DoctorId], [a].[PatientId], [a].[QueueNumber], [a].[Remark], [a].[Source], [a].[Status], [a].[TimeSlot]
    FROM [Appointments] AS [a]
    WHERE [a].[Status] = @__s_0
    ORDER BY [a].[CreatedAt] DESC
    OFFSET @__p_1 ROWS FETCH NEXT @__p_2 ROWS ONLY
) AS [t]
INNER JOIN (
    SELECT [p].[Id], [p].[Gender], [p].[Name], [p].[Phone]
    FROM [Patients] AS [p]
    WHERE [p].[IsDeleted] = CAST(0 AS bit)
) AS [t0] ON [t].[PatientId] = [t0].[Id]
INNER JOIN [Users] AS [u] ON [t].[DoctorId] = [u].[Id]
LEFT JOIN [Departments] AS [d] ON [t].[DepartmentId] = [d].[Id]
ORDER BY [t].[CreatedAt] DESC
2026-05-18 21:41:09.581 +08:00 [INF] Executed DbCommand (0ms) [Parameters=[@__queryDate_0='?' (DbType = DateTime2), @__nextDay_1='?' (DbType = DateTime2)], CommandType='"Text"', CommandTimeout='30']
SELECT [a].[Id], [a].[AppointmentNo], [a].[TimeSlot], [a].[QueueNumber], [a].[Status], [t].[Name], [u].[DisplayName], [d].[Name]
FROM [Appointments] AS [a]
INNER JOIN (
    SELECT [p].[Id], [p].[Name]
    FROM [Patients] AS [p]
    WHERE [p].[IsDeleted] = CAST(0 AS bit)
) AS [t] ON [a].[PatientId] = [t].[Id]
INNER JOIN [Users] AS [u] ON [a].[DoctorId] = [u].[Id]
LEFT JOIN [Departments] AS [d] ON [a].[DepartmentId] = [d].[Id]
WHERE [a].[AppointmentDate] >= @__queryDate_0 AND [a].[AppointmentDate] < @__nextDay_1
ORDER BY [a].[TimeSlot], [a].[QueueNumber]
2026-05-18 21:41:19.376 +08:00 [INF] Executed DbCommand (1ms) [Parameters=[@__p_0='?' (DbType = Int32)], CommandType='"Text"', CommandTimeout='30']
SELECT TOP(1) [a].[Id], [a].[AppointmentDate], [a].[AppointmentNo], [a].[CancelReason], [a].[CancelledAt], [a].[CreatedAt], [a].[DepartmentId], [a].[DoctorId], [a].[PatientId], [a].[QueueNumber], [a].[RegisterUserId], [a].[Remark], [a].[Source], [a].[Status], [a].[TimeSlot]
FROM [Appointments] AS [a]
WHERE [a].[Id] = @__p_0
2026-05-18 21:41:19.378 +08:00 [INF] Executed DbCommand (2ms) [Parameters=[@p1='?' (DbType = Int32), @p0='?' (DbType = Int32)], CommandType='"Text"', CommandTimeout='30']
SET IMPLICIT_TRANSACTIONS OFF;
SET NOCOUNT ON;
UPDATE [Appointments] SET [Status] = @p0
OUTPUT 1
WHERE [Id] = @p1;
2026-05-18 21:41:19.694 +08:00 [INF] Executed DbCommand (1ms) [Parameters=[@__s_0='?' (DbType = Int32)], CommandType='"Text"', CommandTimeout='30']
SELECT COUNT(*)
FROM [Appointments] AS [a]
WHERE [a].[Status] = @__s_0
2026-05-18 21:41:19.699 +08:00 [INF] Executed DbCommand (5ms) [Parameters=[@__s_0='?' (DbType = Int32), @__p_1='?' (DbType = Int32), @__p_2='?' (DbType = Int32)], CommandType='"Text"', CommandTimeout='30']
SELECT [t].[Id], [t].[AppointmentNo], [t].[AppointmentDate], [t].[TimeSlot], [t].[QueueNumber], [t].[Status], [t].[Source], [t].[Remark], [t].[CreatedAt], [t].[PatientId], [t0].[Name], [t0].[Phone], [t0].[Gender], [t].[DoctorId], [u].[DisplayName], [u].[Title], [t].[DepartmentId], [d].[Name]
FROM (
    SELECT [a].[Id], [a].[AppointmentDate], [a].[AppointmentNo], [a].[CreatedAt], [a].[DepartmentId], [a].[DoctorId], [a].[PatientId], [a].[QueueNumber], [a].[Remark], [a].[Source], [a].[Status], [a].[TimeSlot]
    FROM [Appointments] AS [a]
    WHERE [a].[Status] = @__s_0
    ORDER BY [a].[CreatedAt] DESC
    OFFSET @__p_1 ROWS FETCH NEXT @__p_2 ROWS ONLY
) AS [t]
INNER JOIN (
    SELECT [p].[Id], [p].[Gender], [p].[Name], [p].[Phone]
    FROM [Patients] AS [p]
    WHERE [p].[IsDeleted] = CAST(0 AS bit)
) AS [t0] ON [t].[PatientId] = [t0].[Id]
INNER JOIN [Users] AS [u] ON [t].[DoctorId] = [u].[Id]
LEFT JOIN [Departments] AS [d] ON [t].[DepartmentId] = [d].[Id]
ORDER BY [t].[CreatedAt] DESC
2026-05-18 21:41:24.172 +08:00 [INF] Executed DbCommand (4ms) [Parameters=[@__queryDate_0='?' (DbType = DateTime2), @__nextDay_1='?' (DbType = DateTime2)], CommandType='"Text"', CommandTimeout='30']
SELECT [a].[Id], [a].[AppointmentNo], [a].[TimeSlot], [a].[QueueNumber], [a].[Status], [t].[Name], [u].[DisplayName], [d].[Name]
FROM [Appointments] AS [a]
INNER JOIN (
    SELECT [p].[Id], [p].[Name]
    FROM [Patients] AS [p]
    WHERE [p].[IsDeleted] = CAST(0 AS bit)
) AS [t] ON [a].[PatientId] = [t].[Id]
INNER JOIN [Users] AS [u] ON [a].[DoctorId] = [u].[Id]
LEFT JOIN [Departments] AS [d] ON [a].[DepartmentId] = [d].[Id]
WHERE [a].[AppointmentDate] >= @__queryDate_0 AND [a].[AppointmentDate] < @__nextDay_1
ORDER BY [a].[TimeSlot], [a].[QueueNumber]
2026-05-18 21:41:29.571 +08:00 [INF] Executed DbCommand (1ms) [Parameters=[], CommandType='"Text"', CommandTimeout='30']
SELECT COUNT(*)
FROM [Patients] AS [p]
WHERE [p].[IsDeleted] = CAST(0 AS bit)
2026-05-18 21:41:29.573 +08:00 [INF] Executed DbCommand (1ms) [Parameters=[@__p_0='?' (DbType = Int32), @__p_1='?' (DbType = Int32)], CommandType='"Text"', CommandTimeout='30']
SELECT [p].[Id], [p].[Name], [p].[Gender], [p].[DateOfBirth], [p].[Phone], [p].[IdCard], [p].[Address], [p].[Allergies], [p].[MedicalHistory], [p].[CreatedAt]
FROM [Patients] AS [p]
WHERE [p].[IsDeleted] = CAST(0 AS bit)
ORDER BY [p].[CreatedAt] DESC
OFFSET @__p_0 ROWS FETCH NEXT @__p_1 ROWS ONLY
2026-05-18 21:41:32.090 +08:00 [INF] Executed DbCommand (36ms) [Parameters=[@__queryDate_0='?' (DbType = DateTime2), @__nextDay_1='?' (DbType = DateTime2)], CommandType='"Text"', CommandTimeout='30']
SELECT [a].[Id], [a].[AppointmentNo], [a].[TimeSlot], [a].[QueueNumber], [a].[Status], [t].[Name], [u].[DisplayName], [d].[Name]
FROM [Appointments] AS [a]
INNER JOIN (
    SELECT [p].[Id], [p].[Name]
    FROM [Patients] AS [p]
    WHERE [p].[IsDeleted] = CAST(0 AS bit)
) AS [t] ON [a].[PatientId] = [t].[Id]
INNER JOIN [Users] AS [u] ON [a].[DoctorId] = [u].[Id]
LEFT JOIN [Departments] AS [d] ON [a].[DepartmentId] = [d].[Id]
WHERE [a].[AppointmentDate] >= @__queryDate_0 AND [a].[AppointmentDate] < @__nextDay_1
ORDER BY [a].[TimeSlot], [a].[QueueNumber]
2026-05-18 21:41:33.633 +08:00 [INF] Executed DbCommand (2ms) [Parameters=[], CommandType='"Text"', CommandTimeout='30']
SELECT [d].[Id], [d].[Code], [d].[Name], [d].[Specification], [d].[Manufacturer], [d].[Category], [d].[DosageForm], [d].[Unit], [d].[Price], [d].[IsPrescription]
FROM [Drugs] AS [d]
WHERE [d].[IsActive] = CAST(1 AS bit)
ORDER BY [d].[Category], [d].[Name]
2026-05-18 21:41:36.350 +08:00 [INF] Executed DbCommand (1ms) [Parameters=[@__p_0='?' (DbType = Int32)], CommandType='"Text"', CommandTimeout='30']
SELECT TOP(1) [a].[Id], [a].[AppointmentDate], [a].[AppointmentNo], [a].[CancelReason], [a].[CancelledAt], [a].[CreatedAt], [a].[DepartmentId], [a].[DoctorId], [a].[PatientId], [a].[QueueNumber], [a].[RegisterUserId], [a].[Remark], [a].[Source], [a].[Status], [a].[TimeSlot]
FROM [Appointments] AS [a]
WHERE [a].[Id] = @__p_0
2026-05-18 21:41:36.662 +08:00 [INF] Executed DbCommand (1ms) [Parameters=[@__queryDate_0='?' (DbType = DateTime2), @__nextDay_1='?' (DbType = DateTime2)], CommandType='"Text"', CommandTimeout='30']
SELECT [a].[Id], [a].[AppointmentNo], [a].[TimeSlot], [a].[QueueNumber], [a].[Status], [t].[Name], [u].[DisplayName], [d].[Name]
FROM [Appointments] AS [a]
INNER JOIN (
    SELECT [p].[Id], [p].[Name]
    FROM [Patients] AS [p]
    WHERE [p].[IsDeleted] = CAST(0 AS bit)
) AS [t] ON [a].[PatientId] = [t].[Id]
INNER JOIN [Users] AS [u] ON [a].[DoctorId] = [u].[Id]
LEFT JOIN [Departments] AS [d] ON [a].[DepartmentId] = [d].[Id]
WHERE [a].[AppointmentDate] >= @__queryDate_0 AND [a].[AppointmentDate] < @__nextDay_1
ORDER BY [a].[TimeSlot], [a].[QueueNumber]
2026-05-18 21:41:38.549 +08:00 [INF] Executed DbCommand (0ms) [Parameters=[@__queryDate_0='?' (DbType = DateTime2), @__nextDay_1='?' (DbType = DateTime2)], CommandType='"Text"', CommandTimeout='30']
SELECT [a].[Id], [a].[AppointmentNo], [a].[TimeSlot], [a].[QueueNumber], [a].[Status], [t].[Name], [u].[DisplayName], [d].[Name]
FROM [Appointments] AS [a]
INNER JOIN (
    SELECT [p].[Id], [p].[Name]
    FROM [Patients] AS [p]
    WHERE [p].[IsDeleted] = CAST(0 AS bit)
) AS [t] ON [a].[PatientId] = [t].[Id]
INNER JOIN [Users] AS [u] ON [a].[DoctorId] = [u].[Id]
LEFT JOIN [Departments] AS [d] ON [a].[DepartmentId] = [d].[Id]
WHERE [a].[AppointmentDate] >= @__queryDate_0 AND [a].[AppointmentDate] < @__nextDay_1
ORDER BY [a].[TimeSlot], [a].[QueueNumber]
2026-05-18 21:41:39.661 +08:00 [INF] Executed DbCommand (0ms) [Parameters=[@__queryDate_0='?' (DbType = DateTime2), @__nextDay_1='?' (DbType = DateTime2)], CommandType='"Text"', CommandTimeout='30']
SELECT [a].[Id], [a].[AppointmentNo], [a].[TimeSlot], [a].[QueueNumber], [a].[Status], [t].[Name], [u].[DisplayName], [d].[Name]
FROM [Appointments] AS [a]
INNER JOIN (
    SELECT [p].[Id], [p].[Name]
    FROM [Patients] AS [p]
    WHERE [p].[IsDeleted] = CAST(0 AS bit)
) AS [t] ON [a].[PatientId] = [t].[Id]
INNER JOIN [Users] AS [u] ON [a].[DoctorId] = [u].[Id]
LEFT JOIN [Departments] AS [d] ON [a].[DepartmentId] = [d].[Id]
WHERE [a].[AppointmentDate] >= @__queryDate_0 AND [a].[AppointmentDate] < @__nextDay_1
ORDER BY [a].[TimeSlot], [a].[QueueNumber]
2026-05-18 21:41:40.639 +08:00 [INF] Executed DbCommand (3ms) [Parameters=[], CommandType='"Text"', CommandTimeout='30']
SELECT [u].[Id], [u].[ConsultationFee], [u].[CreatedAt], [u].[DepartmentId], [u].[DisplayName], [u].[Email], [u].[Introduction], [u].[IsActive], [u].[LastLoginAt], [u].[MaxDailyPatients], [u].[PasswordHash], [u].[Phone], [u].[Role], [u].[Title], [u].[Username], [d].[Id], [d].[CreatedAt], [d].[Description], [d].[IsActive], [d].[Name], [d].[SortOrder]
FROM [Users] AS [u]
LEFT JOIN [Departments] AS [d] ON [u].[DepartmentId] = [d].[Id]
WHERE [u].[Role] = 2 AND [u].[IsActive] = CAST(1 AS bit)
2026-05-18 21:41:40.642 +08:00 [INF] Executed DbCommand (2ms) [Parameters=[@__doc_Id_0='?' (DbType = Int32), @__8__locals1_dateOnly_1='?' (DbType = DateTime2)], CommandType='"Text"', CommandTimeout='30']
SELECT TOP(1) [s].[Id], [s].[CreatedAt], [s].[Date], [s].[DoctorId], [s].[EndTime], [s].[IsWorkDay], [s].[MaxPatients], [s].[Reason], [s].[StartTime], [s].[TimeSlot]
FROM [SpecialSchedules] AS [s]
WHERE [s].[DoctorId] = @__doc_Id_0 AND [s].[Date] = @__8__locals1_dateOnly_1
2026-05-18 21:41:40.645 +08:00 [INF] Executed DbCommand (2ms) [Parameters=[@__doc_Id_0='?' (DbType = Int32), @__8__locals1_dayOfWeek_1='?' (DbType = Int32)], CommandType='"Text"', CommandTimeout='30']
SELECT [d].[Id], [d].[CreatedAt], [d].[DayOfWeek], [d].[DoctorId], [d].[EndTime], [d].[IsActive], [d].[MaxPatients], [d].[StartTime], [d].[TimeSlot]
FROM [DoctorSchedules] AS [d]
WHERE [d].[DoctorId] = @__doc_Id_0 AND [d].[DayOfWeek] = @__8__locals1_dayOfWeek_1 AND [d].[IsActive] = CAST(1 AS bit)
2026-05-18 21:41:40.647 +08:00 [INF] Executed DbCommand (2ms) [Parameters=[@__8__locals2_doc_Id_0='?' (DbType = Int32), @__8__locals1_dateOnly_1='?' (DbType = DateTime2), @__rs_TimeSlot_2='?' (Size = 20)], CommandType='"Text"', CommandTimeout='30']
SELECT COUNT(*)
FROM [Appointments] AS [a]
WHERE [a].[DoctorId] = @__8__locals2_doc_Id_0 AND [a].[AppointmentDate] = @__8__locals1_dateOnly_1 AND [a].[TimeSlot] = @__rs_TimeSlot_2 AND [a].[Status] <> 4
2026-05-18 21:41:40.648 +08:00 [INF] Executed DbCommand (0ms) [Parameters=[@__8__locals2_doc_Id_0='?' (DbType = Int32), @__8__locals1_dateOnly_1='?' (DbType = DateTime2), @__rs_TimeSlot_2='?' (Size = 20)], CommandType='"Text"', CommandTimeout='30']
SELECT COUNT(*)
FROM [Appointments] AS [a]
WHERE [a].[DoctorId] = @__8__locals2_doc_Id_0 AND [a].[AppointmentDate] = @__8__locals1_dateOnly_1 AND [a].[TimeSlot] = @__rs_TimeSlot_2 AND [a].[Status] <> 4
2026-05-18 21:41:40.649 +08:00 [INF] Executed DbCommand (0ms) [Parameters=[@__doc_Id_0='?' (DbType = Int32), @__8__locals1_dateOnly_1='?' (DbType = DateTime2)], CommandType='"Text"', CommandTimeout='30']
SELECT TOP(1) [s].[Id], [s].[CreatedAt], [s].[Date], [s].[DoctorId], [s].[EndTime], [s].[IsWorkDay], [s].[MaxPatients], [s].[Reason], [s].[StartTime], [s].[TimeSlot]
FROM [SpecialSchedules] AS [s]
WHERE [s].[DoctorId] = @__doc_Id_0 AND [s].[Date] = @__8__locals1_dateOnly_1
2026-05-18 21:41:40.649 +08:00 [INF] Executed DbCommand (0ms) [Parameters=[@__doc_Id_0='?' (DbType = Int32), @__8__locals1_dayOfWeek_1='?' (DbType = Int32)], CommandType='"Text"', CommandTimeout='30']
SELECT [d].[Id], [d].[CreatedAt], [d].[DayOfWeek], [d].[DoctorId], [d].[EndTime], [d].[IsActive], [d].[MaxPatients], [d].[StartTime], [d].[TimeSlot]
FROM [DoctorSchedules] AS [d]
WHERE [d].[DoctorId] = @__doc_Id_0 AND [d].[DayOfWeek] = @__8__locals1_dayOfWeek_1 AND [d].[IsActive] = CAST(1 AS bit)
2026-05-18 21:41:40.650 +08:00 [INF] Executed DbCommand (0ms) [Parameters=[@__8__locals2_doc_Id_0='?' (DbType = Int32), @__8__locals1_dateOnly_1='?' (DbType = DateTime2), @__rs_TimeSlot_2='?' (Size = 20)], CommandType='"Text"', CommandTimeout='30']
SELECT COUNT(*)
FROM [Appointments] AS [a]
WHERE [a].[DoctorId] = @__8__locals2_doc_Id_0 AND [a].[AppointmentDate] = @__8__locals1_dateOnly_1 AND [a].[TimeSlot] = @__rs_TimeSlot_2 AND [a].[Status] <> 4
2026-05-18 21:41:41.058 +08:00 [INF] Executed DbCommand (1ms) [Parameters=[], CommandType='"Text"', CommandTimeout='30']
SELECT COUNT(*)
FROM [Appointments] AS [a]
2026-05-18 21:41:41.058 +08:00 [INF] Executed DbCommand (1ms) [Parameters=[@__queryDate_0='?' (DbType = DateTime2), @__nextDay_1='?' (DbType = DateTime2)], CommandType='"Text"', CommandTimeout='30']
SELECT [a].[Id], [a].[AppointmentNo], [a].[TimeSlot], [a].[QueueNumber], [a].[Status], [t].[Name], [u].[DisplayName], [d].[Name]
FROM [Appointments] AS [a]
INNER JOIN (
    SELECT [p].[Id], [p].[Name]
    FROM [Patients] AS [p]
    WHERE [p].[IsDeleted] = CAST(0 AS bit)
) AS [t] ON [a].[PatientId] = [t].[Id]
INNER JOIN [Users] AS [u] ON [a].[DoctorId] = [u].[Id]
LEFT JOIN [Departments] AS [d] ON [a].[DepartmentId] = [d].[Id]
WHERE [a].[AppointmentDate] >= @__queryDate_0 AND [a].[AppointmentDate] < @__nextDay_1
ORDER BY [a].[TimeSlot], [a].[QueueNumber]
2026-05-18 21:41:41.058 +08:00 [INF] Executed DbCommand (2ms) [Parameters=[], CommandType='"Text"', CommandTimeout='30']
SELECT [d].[Id], [d].[Name], [d].[Description], [d].[SortOrder]
FROM [Departments] AS [d]
WHERE [d].[IsActive] = CAST(1 AS bit)
ORDER BY [d].[SortOrder]
2026-05-18 21:41:41.064 +08:00 [INF] Executed DbCommand (6ms) [Parameters=[@__p_0='?' (DbType = Int32), @__p_1='?' (DbType = Int32)], CommandType='"Text"', CommandTimeout='30']
SELECT [t].[Id], [t].[AppointmentNo], [t].[AppointmentDate], [t].[TimeSlot], [t].[QueueNumber], [t].[Status], [t].[Source], [t].[Remark], [t].[CreatedAt], [t].[PatientId], [t0].[Name], [t0].[Phone], [t0].[Gender], [t].[DoctorId], [u].[DisplayName], [u].[Title], [t].[DepartmentId], [d].[Name]
FROM (
    SELECT [a].[Id], [a].[AppointmentDate], [a].[AppointmentNo], [a].[CreatedAt], [a].[DepartmentId], [a].[DoctorId], [a].[PatientId], [a].[QueueNumber], [a].[Remark], [a].[Source], [a].[Status], [a].[TimeSlot]
    FROM [Appointments] AS [a]
    ORDER BY [a].[CreatedAt] DESC
    OFFSET @__p_0 ROWS FETCH NEXT @__p_1 ROWS ONLY
) AS [t]
INNER JOIN (
    SELECT [p].[Id], [p].[Gender], [p].[Name], [p].[Phone]
    FROM [Patients] AS [p]
    WHERE [p].[IsDeleted] = CAST(0 AS bit)
) AS [t0] ON [t].[PatientId] = [t0].[Id]
INNER JOIN [Users] AS [u] ON [t].[DoctorId] = [u].[Id]
LEFT JOIN [Departments] AS [d] ON [t].[DepartmentId] = [d].[Id]
ORDER BY [t].[CreatedAt] DESC
2026-05-18 21:41:48.545 +08:00 [INF] Executed DbCommand (1ms) [Parameters=[@__s_0='?' (DbType = Int32)], CommandType='"Text"', CommandTimeout='30']
SELECT COUNT(*)
FROM [Appointments] AS [a]
WHERE [a].[Status] = @__s_0
2026-05-18 21:41:48.549 +08:00 [INF] Executed DbCommand (4ms) [Parameters=[@__s_0='?' (DbType = Int32), @__p_1='?' (DbType = Int32), @__p_2='?' (DbType = Int32)], CommandType='"Text"', CommandTimeout='30']
SELECT [t].[Id], [t].[AppointmentNo], [t].[AppointmentDate], [t].[TimeSlot], [t].[QueueNumber], [t].[Status], [t].[Source], [t].[Remark], [t].[CreatedAt], [t].[PatientId], [t0].[Name], [t0].[Phone], [t0].[Gender], [t].[DoctorId], [u].[DisplayName], [u].[Title], [t].[DepartmentId], [d].[Name]
FROM (
    SELECT [a].[Id], [a].[AppointmentDate], [a].[AppointmentNo], [a].[CreatedAt], [a].[DepartmentId], [a].[DoctorId], [a].[PatientId], [a].[QueueNumber], [a].[Remark], [a].[Source], [a].[Status], [a].[TimeSlot]
    FROM [Appointments] AS [a]
    WHERE [a].[Status] = @__s_0
    ORDER BY [a].[CreatedAt] DESC
    OFFSET @__p_1 ROWS FETCH NEXT @__p_2 ROWS ONLY
) AS [t]
INNER JOIN (
    SELECT [p].[Id], [p].[Gender], [p].[Name], [p].[Phone]
    FROM [Patients] AS [p]
    WHERE [p].[IsDeleted] = CAST(0 AS bit)
) AS [t0] ON [t].[PatientId] = [t0].[Id]
INNER JOIN [Users] AS [u] ON [t].[DoctorId] = [u].[Id]
LEFT JOIN [Departments] AS [d] ON [t].[DepartmentId] = [d].[Id]
ORDER BY [t].[CreatedAt] DESC
2026-05-18 21:41:50.868 +08:00 [INF] Executed DbCommand (1ms) [Parameters=[@__s_0='?' (DbType = Int32)], CommandType='"Text"', CommandTimeout='30']
SELECT COUNT(*)
FROM [Appointments] AS [a]
WHERE [a].[Status] = @__s_0
2026-05-18 21:41:50.871 +08:00 [INF] Executed DbCommand (3ms) [Parameters=[@__s_0='?' (DbType = Int32), @__p_1='?' (DbType = Int32), @__p_2='?' (DbType = Int32)], CommandType='"Text"', CommandTimeout='30']
SELECT [t].[Id], [t].[AppointmentNo], [t].[AppointmentDate], [t].[TimeSlot], [t].[QueueNumber], [t].[Status], [t].[Source], [t].[Remark], [t].[CreatedAt], [t].[PatientId], [t0].[Name], [t0].[Phone], [t0].[Gender], [t].[DoctorId], [u].[DisplayName], [u].[Title], [t].[DepartmentId], [d].[Name]
FROM (
    SELECT [a].[Id], [a].[AppointmentDate], [a].[AppointmentNo], [a].[CreatedAt], [a].[DepartmentId], [a].[DoctorId], [a].[PatientId], [a].[QueueNumber], [a].[Remark], [a].[Source], [a].[Status], [a].[TimeSlot]
    FROM [Appointments] AS [a]
    WHERE [a].[Status] = @__s_0
    ORDER BY [a].[CreatedAt] DESC
    OFFSET @__p_1 ROWS FETCH NEXT @__p_2 ROWS ONLY
) AS [t]
INNER JOIN (
    SELECT [p].[Id], [p].[Gender], [p].[Name], [p].[Phone]
    FROM [Patients] AS [p]
    WHERE [p].[IsDeleted] = CAST(0 AS bit)
) AS [t0] ON [t].[PatientId] = [t0].[Id]
INNER JOIN [Users] AS [u] ON [t].[DoctorId] = [u].[Id]
LEFT JOIN [Departments] AS [d] ON [t].[DepartmentId] = [d].[Id]
ORDER BY [t].[CreatedAt] DESC
2026-05-18 21:41:54.651 +08:00 [INF] Executed DbCommand (4ms) [Parameters=[@__queryDate_0='?' (DbType = DateTime2), @__nextDay_1='?' (DbType = DateTime2)], CommandType='"Text"', CommandTimeout='30']
SELECT [a].[Id], [a].[AppointmentNo], [a].[TimeSlot], [a].[QueueNumber], [a].[Status], [t].[Name], [u].[DisplayName], [d].[Name]
FROM [Appointments] AS [a]
INNER JOIN (
    SELECT [p].[Id], [p].[Name]
    FROM [Patients] AS [p]
    WHERE [p].[IsDeleted] = CAST(0 AS bit)
) AS [t] ON [a].[PatientId] = [t].[Id]
INNER JOIN [Users] AS [u] ON [a].[DoctorId] = [u].[Id]
LEFT JOIN [Departments] AS [d] ON [a].[DepartmentId] = [d].[Id]
WHERE [a].[AppointmentDate] >= @__queryDate_0 AND [a].[AppointmentDate] < @__nextDay_1
ORDER BY [a].[TimeSlot], [a].[QueueNumber]
2026-05-18 21:41:56.755 +08:00 [INF] Executed DbCommand (2ms) [Parameters=[], CommandType='"Text"', CommandTimeout='30']
SELECT [d].[Id], [d].[Name], [d].[Description], [d].[SortOrder]
FROM [Departments] AS [d]
WHERE [d].[IsActive] = CAST(1 AS bit)
ORDER BY [d].[SortOrder]
2026-05-18 21:42:03.118 +08:00 [INF] Executed DbCommand (1ms) [Parameters=[], CommandType='"Text"', CommandTimeout='30']
SELECT COUNT(*)
FROM [Patients] AS [p]
WHERE [p].[IsDeleted] = CAST(0 AS bit)
2026-05-18 21:42:03.121 +08:00 [INF] Executed DbCommand (2ms) [Parameters=[@__p_0='?' (DbType = Int32), @__p_1='?' (DbType = Int32)], CommandType='"Text"', CommandTimeout='30']
SELECT [p].[Id], [p].[Name], [p].[Gender], [p].[DateOfBirth], [p].[Phone], [p].[IdCard], [p].[Address], [p].[Allergies], [p].[MedicalHistory], [p].[CreatedAt]
FROM [Patients] AS [p]
WHERE [p].[IsDeleted] = CAST(0 AS bit)
ORDER BY [p].[CreatedAt] DESC
OFFSET @__p_0 ROWS FETCH NEXT @__p_1 ROWS ONLY
2026-05-18 21:42:07.388 +08:00 [INF] Executed DbCommand (0ms) [Parameters=[], CommandType='"Text"', CommandTimeout='30']
SELECT COUNT(*)
FROM [Patients] AS [p]
WHERE [p].[IsDeleted] = CAST(0 AS bit)
2026-05-18 21:42:07.389 +08:00 [INF] Executed DbCommand (0ms) [Parameters=[@__p_0='?' (DbType = Int32), @__p_1='?' (DbType = Int32)], CommandType='"Text"', CommandTimeout='30']
SELECT [p].[Id], [p].[Name], [p].[Gender], [p].[DateOfBirth], [p].[Phone], [p].[IdCard], [p].[Address], [p].[Allergies], [p].[MedicalHistory], [p].[CreatedAt]
FROM [Patients] AS [p]
WHERE [p].[IsDeleted] = CAST(0 AS bit)
ORDER BY [p].[CreatedAt] DESC
OFFSET @__p_0 ROWS FETCH NEXT @__p_1 ROWS ONLY
2026-05-18 21:42:08.002 +08:00 [INF] Executed DbCommand (2ms) [Parameters=[], CommandType='"Text"', CommandTimeout='30']
SELECT [u].[Id], [u].[ConsultationFee], [u].[CreatedAt], [u].[DepartmentId], [u].[DisplayName], [u].[Email], [u].[Introduction], [u].[IsActive], [u].[LastLoginAt], [u].[MaxDailyPatients], [u].[PasswordHash], [u].[Phone], [u].[Role], [u].[Title], [u].[Username], [d].[Id], [d].[CreatedAt], [d].[Description], [d].[IsActive], [d].[Name], [d].[SortOrder]
FROM [Users] AS [u]
LEFT JOIN [Departments] AS [d] ON [u].[DepartmentId] = [d].[Id]
WHERE [u].[Role] = 2 AND [u].[IsActive] = CAST(1 AS bit)
2026-05-18 21:42:08.005 +08:00 [INF] Executed DbCommand (2ms) [Parameters=[@__doc_Id_0='?' (DbType = Int32), @__8__locals1_dateOnly_1='?' (DbType = DateTime2)], CommandType='"Text"', CommandTimeout='30']
SELECT TOP(1) [s].[Id], [s].[CreatedAt], [s].[Date], [s].[DoctorId], [s].[EndTime], [s].[IsWorkDay], [s].[MaxPatients], [s].[Reason], [s].[StartTime], [s].[TimeSlot]
FROM [SpecialSchedules] AS [s]
WHERE [s].[DoctorId] = @__doc_Id_0 AND [s].[Date] = @__8__locals1_dateOnly_1
2026-05-18 21:42:08.007 +08:00 [INF] Executed DbCommand (2ms) [Parameters=[@__doc_Id_0='?' (DbType = Int32), @__8__locals1_dayOfWeek_1='?' (DbType = Int32)], CommandType='"Text"', CommandTimeout='30']
SELECT [d].[Id], [d].[CreatedAt], [d].[DayOfWeek], [d].[DoctorId], [d].[EndTime], [d].[IsActive], [d].[MaxPatients], [d].[StartTime], [d].[TimeSlot]
FROM [DoctorSchedules] AS [d]
WHERE [d].[DoctorId] = @__doc_Id_0 AND [d].[DayOfWeek] = @__8__locals1_dayOfWeek_1 AND [d].[IsActive] = CAST(1 AS bit)
2026-05-18 21:42:08.010 +08:00 [INF] Executed DbCommand (2ms) [Parameters=[@__8__locals2_doc_Id_0='?' (DbType = Int32), @__8__locals1_dateOnly_1='?' (DbType = DateTime2), @__rs_TimeSlot_2='?' (Size = 20)], CommandType='"Text"', CommandTimeout='30']
SELECT COUNT(*)
FROM [Appointments] AS [a]
WHERE [a].[DoctorId] = @__8__locals2_doc_Id_0 AND [a].[AppointmentDate] = @__8__locals1_dateOnly_1 AND [a].[TimeSlot] = @__rs_TimeSlot_2 AND [a].[Status] <> 4
2026-05-18 21:42:08.010 +08:00 [INF] Executed DbCommand (0ms) [Parameters=[@__8__locals2_doc_Id_0='?' (DbType = Int32), @__8__locals1_dateOnly_1='?' (DbType = DateTime2), @__rs_TimeSlot_2='?' (Size = 20)], CommandType='"Text"', CommandTimeout='30']
SELECT COUNT(*)
FROM [Appointments] AS [a]
WHERE [a].[DoctorId] = @__8__locals2_doc_Id_0 AND [a].[AppointmentDate] = @__8__locals1_dateOnly_1 AND [a].[TimeSlot] = @__rs_TimeSlot_2 AND [a].[Status] <> 4
2026-05-18 21:42:08.011 +08:00 [INF] Executed DbCommand (0ms) [Parameters=[@__doc_Id_0='?' (DbType = Int32), @__8__locals1_dateOnly_1='?' (DbType = DateTime2)], CommandType='"Text"', CommandTimeout='30']
SELECT TOP(1) [s].[Id], [s].[CreatedAt], [s].[Date], [s].[DoctorId], [s].[EndTime], [s].[IsWorkDay], [s].[MaxPatients], [s].[Reason], [s].[StartTime], [s].[TimeSlot]
FROM [SpecialSchedules] AS [s]
WHERE [s].[DoctorId] = @__doc_Id_0 AND [s].[Date] = @__8__locals1_dateOnly_1
2026-05-18 21:42:08.012 +08:00 [INF] Executed DbCommand (0ms) [Parameters=[@__doc_Id_0='?' (DbType = Int32), @__8__locals1_dayOfWeek_1='?' (DbType = Int32)], CommandType='"Text"', CommandTimeout='30']
SELECT [d].[Id], [d].[CreatedAt], [d].[DayOfWeek], [d].[DoctorId], [d].[EndTime], [d].[IsActive], [d].[MaxPatients], [d].[StartTime], [d].[TimeSlot]
FROM [DoctorSchedules] AS [d]
WHERE [d].[DoctorId] = @__doc_Id_0 AND [d].[DayOfWeek] = @__8__locals1_dayOfWeek_1 AND [d].[IsActive] = CAST(1 AS bit)
2026-05-18 21:42:08.012 +08:00 [INF] Executed DbCommand (0ms) [Parameters=[@__8__locals2_doc_Id_0='?' (DbType = Int32), @__8__locals1_dateOnly_1='?' (DbType = DateTime2), @__rs_TimeSlot_2='?' (Size = 20)], CommandType='"Text"', CommandTimeout='30']
SELECT COUNT(*)
FROM [Appointments] AS [a]
WHERE [a].[DoctorId] = @__8__locals2_doc_Id_0 AND [a].[AppointmentDate] = @__8__locals1_dateOnly_1 AND [a].[TimeSlot] = @__rs_TimeSlot_2 AND [a].[Status] <> 4
2026-05-18 21:42:08.415 +08:00 [INF] Executed DbCommand (1ms) [Parameters=[], CommandType='"Text"', CommandTimeout='30']
SELECT COUNT(*)
FROM [Appointments] AS [a]
2026-05-18 21:42:08.415 +08:00 [INF] Executed DbCommand (1ms) [Parameters=[@__queryDate_0='?' (DbType = DateTime2), @__nextDay_1='?' (DbType = DateTime2)], CommandType='"Text"', CommandTimeout='30']
SELECT [a].[Id], [a].[AppointmentNo], [a].[TimeSlot], [a].[QueueNumber], [a].[Status], [t].[Name], [u].[DisplayName], [d].[Name]
FROM [Appointments] AS [a]
INNER JOIN (
    SELECT [p].[Id], [p].[Name]
    FROM [Patients] AS [p]
    WHERE [p].[IsDeleted] = CAST(0 AS bit)
) AS [t] ON [a].[PatientId] = [t].[Id]
INNER JOIN [Users] AS [u] ON [a].[DoctorId] = [u].[Id]
LEFT JOIN [Departments] AS [d] ON [a].[DepartmentId] = [d].[Id]
WHERE [a].[AppointmentDate] >= @__queryDate_0 AND [a].[AppointmentDate] < @__nextDay_1
ORDER BY [a].[TimeSlot], [a].[QueueNumber]
2026-05-18 21:42:08.415 +08:00 [INF] Executed DbCommand (1ms) [Parameters=[], CommandType='"Text"', CommandTimeout='30']
SELECT [d].[Id], [d].[Name], [d].[Description], [d].[SortOrder]
FROM [Departments] AS [d]
WHERE [d].[IsActive] = CAST(1 AS bit)
ORDER BY [d].[SortOrder]
2026-05-18 21:42:08.420 +08:00 [INF] Executed DbCommand (4ms) [Parameters=[@__p_0='?' (DbType = Int32), @__p_1='?' (DbType = Int32)], CommandType='"Text"', CommandTimeout='30']
SELECT [t].[Id], [t].[AppointmentNo], [t].[AppointmentDate], [t].[TimeSlot], [t].[QueueNumber], [t].[Status], [t].[Source], [t].[Remark], [t].[CreatedAt], [t].[PatientId], [t0].[Name], [t0].[Phone], [t0].[Gender], [t].[DoctorId], [u].[DisplayName], [u].[Title], [t].[DepartmentId], [d].[Name]
FROM (
    SELECT [a].[Id], [a].[AppointmentDate], [a].[AppointmentNo], [a].[CreatedAt], [a].[DepartmentId], [a].[DoctorId], [a].[PatientId], [a].[QueueNumber], [a].[Remark], [a].[Source], [a].[Status], [a].[TimeSlot]
    FROM [Appointments] AS [a]
    ORDER BY [a].[CreatedAt] DESC
    OFFSET @__p_0 ROWS FETCH NEXT @__p_1 ROWS ONLY
) AS [t]
INNER JOIN (
    SELECT [p].[Id], [p].[Gender], [p].[Name], [p].[Phone]
    FROM [Patients] AS [p]
    WHERE [p].[IsDeleted] = CAST(0 AS bit)
) AS [t0] ON [t].[PatientId] = [t0].[Id]
INNER JOIN [Users] AS [u] ON [t].[DoctorId] = [u].[Id]
LEFT JOIN [Departments] AS [d] ON [t].[DepartmentId] = [d].[Id]
ORDER BY [t].[CreatedAt] DESC
2026-05-18 21:42:20.245 +08:00 [INF] Executed DbCommand (0ms) [Parameters=[], CommandType='"Text"', CommandTimeout='30']
SELECT COUNT(*)
FROM [Patients] AS [p]
WHERE [p].[IsDeleted] = CAST(0 AS bit)
2026-05-18 21:42:20.246 +08:00 [INF] Executed DbCommand (0ms) [Parameters=[@__p_0='?' (DbType = Int32), @__p_1='?' (DbType = Int32)], CommandType='"Text"', CommandTimeout='30']
SELECT [p].[Id], [p].[Name], [p].[Gender], [p].[DateOfBirth], [p].[Phone], [p].[IdCard], [p].[Address], [p].[Allergies], [p].[MedicalHistory], [p].[CreatedAt]
FROM [Patients] AS [p]
WHERE [p].[IsDeleted] = CAST(0 AS bit)
ORDER BY [p].[CreatedAt] DESC
OFFSET @__p_0 ROWS FETCH NEXT @__p_1 ROWS ONLY
2026-05-18 21:42:21.910 +08:00 [INF] Executed DbCommand (1ms) [Parameters=[], CommandType='"Text"', CommandTimeout='30']
SELECT [d].[Id], [d].[Name], [d].[Description], [d].[SortOrder]
FROM [Departments] AS [d]
WHERE [d].[IsActive] = CAST(1 AS bit)
ORDER BY [d].[SortOrder]
2026-05-18 21:42:23.202 +08:00 [INF] Executed DbCommand (1ms) [Parameters=[], CommandType='"Text"', CommandTimeout='30']
SELECT COUNT(*)
FROM [ChargeItems] AS [c]
2026-05-18 21:42:23.207 +08:00 [INF] Executed DbCommand (1ms) [Parameters=[@__p_0='?' (DbType = Int32), @__p_1='?' (DbType = Int32)], CommandType='"Text"', CommandTimeout='30']
SELECT [c].[Id], [c].[Category], [c].[Code], [c].[CreatedAt], [c].[IsActive], [c].[Name], [c].[Price], [c].[Remark], [c].[Unit]
FROM [ChargeItems] AS [c]
ORDER BY [c].[CreatedAt] DESC
OFFSET @__p_0 ROWS FETCH NEXT @__p_1 ROWS ONLY
2026-05-18 21:42:25.153 +08:00 [INF] Executed DbCommand (3ms) [Parameters=[], CommandType='"Text"', CommandTimeout='30']
SELECT [u].[Id], [u].[ConsultationFee], [u].[CreatedAt], [u].[DepartmentId], [u].[DisplayName], [u].[Email], [u].[Introduction], [u].[IsActive], [u].[LastLoginAt], [u].[MaxDailyPatients], [u].[PasswordHash], [u].[Phone], [u].[Role], [u].[Title], [u].[Username], [d].[Id], [d].[CreatedAt], [d].[Description], [d].[IsActive], [d].[Name], [d].[SortOrder]
FROM [Users] AS [u]
LEFT JOIN [Departments] AS [d] ON [u].[DepartmentId] = [d].[Id]
WHERE [u].[Role] = 2 AND [u].[IsActive] = CAST(1 AS bit)
2026-05-18 21:42:25.156 +08:00 [INF] Executed DbCommand (1ms) [Parameters=[@__doc_Id_0='?' (DbType = Int32), @__8__locals1_dateOnly_1='?' (DbType = DateTime2)], CommandType='"Text"', CommandTimeout='30']
SELECT TOP(1) [s].[Id], [s].[CreatedAt], [s].[Date], [s].[DoctorId], [s].[EndTime], [s].[IsWorkDay], [s].[MaxPatients], [s].[Reason], [s].[StartTime], [s].[TimeSlot]
FROM [SpecialSchedules] AS [s]
WHERE [s].[DoctorId] = @__doc_Id_0 AND [s].[Date] = @__8__locals1_dateOnly_1
2026-05-18 21:42:25.157 +08:00 [INF] Executed DbCommand (2ms) [Parameters=[@__doc_Id_0='?' (DbType = Int32), @__8__locals1_dayOfWeek_1='?' (DbType = Int32)], CommandType='"Text"', CommandTimeout='30']
SELECT [d].[Id], [d].[CreatedAt], [d].[DayOfWeek], [d].[DoctorId], [d].[EndTime], [d].[IsActive], [d].[MaxPatients], [d].[StartTime], [d].[TimeSlot]
FROM [DoctorSchedules] AS [d]
WHERE [d].[DoctorId] = @__doc_Id_0 AND [d].[DayOfWeek] = @__8__locals1_dayOfWeek_1 AND [d].[IsActive] = CAST(1 AS bit)
2026-05-18 21:42:25.160 +08:00 [INF] Executed DbCommand (2ms) [Parameters=[@__8__locals2_doc_Id_0='?' (DbType = Int32), @__8__locals1_dateOnly_1='?' (DbType = DateTime2), @__rs_TimeSlot_2='?' (Size = 20)], CommandType='"Text"', CommandTimeout='30']
SELECT COUNT(*)
FROM [Appointments] AS [a]
WHERE [a].[DoctorId] = @__8__locals2_doc_Id_0 AND [a].[AppointmentDate] = @__8__locals1_dateOnly_1 AND [a].[TimeSlot] = @__rs_TimeSlot_2 AND [a].[Status] <> 4
2026-05-18 21:42:25.160 +08:00 [INF] Executed DbCommand (0ms) [Parameters=[@__8__locals2_doc_Id_0='?' (DbType = Int32), @__8__locals1_dateOnly_1='?' (DbType = DateTime2), @__rs_TimeSlot_2='?' (Size = 20)], CommandType='"Text"', CommandTimeout='30']
SELECT COUNT(*)
FROM [Appointments] AS [a]
WHERE [a].[DoctorId] = @__8__locals2_doc_Id_0 AND [a].[AppointmentDate] = @__8__locals1_dateOnly_1 AND [a].[TimeSlot] = @__rs_TimeSlot_2 AND [a].[Status] <> 4
2026-05-18 21:42:25.162 +08:00 [INF] Executed DbCommand (1ms) [Parameters=[@__doc_Id_0='?' (DbType = Int32), @__8__locals1_dateOnly_1='?' (DbType = DateTime2)], CommandType='"Text"', CommandTimeout='30']
SELECT TOP(1) [s].[Id], [s].[CreatedAt], [s].[Date], [s].[DoctorId], [s].[EndTime], [s].[IsWorkDay], [s].[MaxPatients], [s].[Reason], [s].[StartTime], [s].[TimeSlot]
FROM [SpecialSchedules] AS [s]
WHERE [s].[DoctorId] = @__doc_Id_0 AND [s].[Date] = @__8__locals1_dateOnly_1
2026-05-18 21:42:25.165 +08:00 [INF] Executed DbCommand (3ms) [Parameters=[@__doc_Id_0='?' (DbType = Int32), @__8__locals1_dayOfWeek_1='?' (DbType = Int32)], CommandType='"Text"', CommandTimeout='30']
SELECT [d].[Id], [d].[CreatedAt], [d].[DayOfWeek], [d].[DoctorId], [d].[EndTime], [d].[IsActive], [d].[MaxPatients], [d].[StartTime], [d].[TimeSlot]
FROM [DoctorSchedules] AS [d]
WHERE [d].[DoctorId] = @__doc_Id_0 AND [d].[DayOfWeek] = @__8__locals1_dayOfWeek_1 AND [d].[IsActive] = CAST(1 AS bit)
2026-05-18 21:42:25.168 +08:00 [INF] Executed DbCommand (2ms) [Parameters=[@__8__locals2_doc_Id_0='?' (DbType = Int32), @__8__locals1_dateOnly_1='?' (DbType = DateTime2), @__rs_TimeSlot_2='?' (Size = 20)], CommandType='"Text"', CommandTimeout='30']
SELECT COUNT(*)
FROM [Appointments] AS [a]
WHERE [a].[DoctorId] = @__8__locals2_doc_Id_0 AND [a].[AppointmentDate] = @__8__locals1_dateOnly_1 AND [a].[TimeSlot] = @__rs_TimeSlot_2 AND [a].[Status] <> 4
2026-05-18 21:42:25.232 +08:00 [INF] Executed DbCommand (2ms) [Parameters=[], CommandType='"Text"', CommandTimeout='30']
SELECT COUNT(*)
FROM [Appointments] AS [a]
2026-05-18 21:42:25.232 +08:00 [INF] Executed DbCommand (2ms) [Parameters=[], CommandType='"Text"', CommandTimeout='30']
SELECT [d].[Id], [d].[Name], [d].[Description], [d].[SortOrder]
FROM [Departments] AS [d]
WHERE [d].[IsActive] = CAST(1 AS bit)
ORDER BY [d].[SortOrder]
2026-05-18 21:42:25.235 +08:00 [INF] Executed DbCommand (5ms) [Parameters=[@__queryDate_0='?' (DbType = DateTime2), @__nextDay_1='?' (DbType = DateTime2)], CommandType='"Text"', CommandTimeout='30']
SELECT [a].[Id], [a].[AppointmentNo], [a].[TimeSlot], [a].[QueueNumber], [a].[Status], [t].[Name], [u].[DisplayName], [d].[Name]
FROM [Appointments] AS [a]
INNER JOIN (
    SELECT [p].[Id], [p].[Name]
    FROM [Patients] AS [p]
    WHERE [p].[IsDeleted] = CAST(0 AS bit)
) AS [t] ON [a].[PatientId] = [t].[Id]
INNER JOIN [Users] AS [u] ON [a].[DoctorId] = [u].[Id]
LEFT JOIN [Departments] AS [d] ON [a].[DepartmentId] = [d].[Id]
WHERE [a].[AppointmentDate] >= @__queryDate_0 AND [a].[AppointmentDate] < @__nextDay_1
ORDER BY [a].[TimeSlot], [a].[QueueNumber]
2026-05-18 21:42:25.238 +08:00 [INF] Executed DbCommand (5ms) [Parameters=[@__p_0='?' (DbType = Int32), @__p_1='?' (DbType = Int32)], CommandType='"Text"', CommandTimeout='30']
SELECT [t].[Id], [t].[AppointmentNo], [t].[AppointmentDate], [t].[TimeSlot], [t].[QueueNumber], [t].[Status], [t].[Source], [t].[Remark], [t].[CreatedAt], [t].[PatientId], [t0].[Name], [t0].[Phone], [t0].[Gender], [t].[DoctorId], [u].[DisplayName], [u].[Title], [t].[DepartmentId], [d].[Name]
FROM (
    SELECT [a].[Id], [a].[AppointmentDate], [a].[AppointmentNo], [a].[CreatedAt], [a].[DepartmentId], [a].[DoctorId], [a].[PatientId], [a].[QueueNumber], [a].[Remark], [a].[Source], [a].[Status], [a].[TimeSlot]
    FROM [Appointments] AS [a]
    ORDER BY [a].[CreatedAt] DESC
    OFFSET @__p_0 ROWS FETCH NEXT @__p_1 ROWS ONLY
) AS [t]
INNER JOIN (
    SELECT [p].[Id], [p].[Gender], [p].[Name], [p].[Phone]
    FROM [Patients] AS [p]
    WHERE [p].[IsDeleted] = CAST(0 AS bit)
) AS [t0] ON [t].[PatientId] = [t0].[Id]
INNER JOIN [Users] AS [u] ON [t].[DoctorId] = [u].[Id]
LEFT JOIN [Departments] AS [d] ON [t].[DepartmentId] = [d].[Id]
ORDER BY [t].[CreatedAt] DESC
2026-05-18 21:42:32.030 +08:00 [INF] Executed DbCommand (1ms) [Parameters=[], CommandType='"Text"', CommandTimeout='30']
SELECT COUNT(*)
FROM [Appointments] AS [a]
2026-05-18 21:42:32.035 +08:00 [INF] Executed DbCommand (4ms) [Parameters=[@__p_0='?' (DbType = Int32), @__p_1='?' (DbType = Int32)], CommandType='"Text"', CommandTimeout='30']
SELECT [t].[Id], [t].[AppointmentNo], [t].[AppointmentDate], [t].[TimeSlot], [t].[QueueNumber], [t].[Status], [t].[Source], [t].[Remark], [t].[CreatedAt], [t].[PatientId], [t0].[Name], [t0].[Phone], [t0].[Gender], [t].[DoctorId], [u].[DisplayName], [u].[Title], [t].[DepartmentId], [d].[Name]
FROM (
    SELECT [a].[Id], [a].[AppointmentDate], [a].[AppointmentNo], [a].[CreatedAt], [a].[DepartmentId], [a].[DoctorId], [a].[PatientId], [a].[QueueNumber], [a].[Remark], [a].[Source], [a].[Status], [a].[TimeSlot]
    FROM [Appointments] AS [a]
    ORDER BY [a].[CreatedAt] DESC
    OFFSET @__p_0 ROWS FETCH NEXT @__p_1 ROWS ONLY
) AS [t]
INNER JOIN (
    SELECT [p].[Id], [p].[Gender], [p].[Name], [p].[Phone]
    FROM [Patients] AS [p]
    WHERE [p].[IsDeleted] = CAST(0 AS bit)
) AS [t0] ON [t].[PatientId] = [t0].[Id]
INNER JOIN [Users] AS [u] ON [t].[DoctorId] = [u].[Id]
LEFT JOIN [Departments] AS [d] ON [t].[DepartmentId] = [d].[Id]
ORDER BY [t].[CreatedAt] DESC
2026-05-18 21:42:37.784 +08:00 [INF] Executed DbCommand (1ms) [Parameters=[], CommandType='"Text"', CommandTimeout='30']
SELECT COUNT(*)
FROM [Patients] AS [p]
WHERE [p].[IsDeleted] = CAST(0 AS bit)
2026-05-18 21:42:37.785 +08:00 [INF] Executed DbCommand (1ms) [Parameters=[@__p_0='?' (DbType = Int32), @__p_1='?' (DbType = Int32)], CommandType='"Text"', CommandTimeout='30']
SELECT [p].[Id], [p].[Name], [p].[Gender], [p].[DateOfBirth], [p].[Phone], [p].[IdCard], [p].[Address], [p].[Allergies], [p].[MedicalHistory], [p].[CreatedAt]
FROM [Patients] AS [p]
WHERE [p].[IsDeleted] = CAST(0 AS bit)
ORDER BY [p].[CreatedAt] DESC
OFFSET @__p_0 ROWS FETCH NEXT @__p_1 ROWS ONLY
2026-05-18 21:42:39.286 +08:00 [INF] Executed DbCommand (1ms) [Parameters=[], CommandType='"Text"', CommandTimeout='30']
SELECT [d].[Id], [d].[Name], [d].[Description], [d].[SortOrder]
FROM [Departments] AS [d]
WHERE [d].[IsActive] = CAST(1 AS bit)
ORDER BY [d].[SortOrder]
