2026-05-18 00:01:01.313 +08:00 [WRN] Entity 'Patient' has a global query filter defined and is the required end of a relationship with the entity 'Appointment'. This may lead to unexpected results when the required entity is filtered out. Either configure the navigation as optional, or define matching query filters for both entities in the navigation. See https://go.microsoft.com/fwlink/?linkid=2131316 for more information.
2026-05-18 00:01:01.354 +08:00 [WRN] Entity 'Patient' has a global query filter defined and is the required end of a relationship with the entity 'MedicalRecord'. This may lead to unexpected results when the required entity is filtered out. Either configure the navigation as optional, or define matching query filters for both entities in the navigation. See https://go.microsoft.com/fwlink/?linkid=2131316 for more information.
2026-05-18 00:01:01.355 +08:00 [WRN] Entity 'Patient' has a global query filter defined and is the required end of a relationship with the entity 'Payment'. This may lead to unexpected results when the required entity is filtered out. Either configure the navigation as optional, or define matching query filters for both entities in the navigation. See https://go.microsoft.com/fwlink/?linkid=2131316 for more information.
2026-05-18 00:01:01.458 +08:00 [WRN] No store type was specified for the decimal property 'Price' on entity type 'ChargeItem'. This will cause values to be silently truncated if they do not fit in the default precision and scale. Explicitly specify the SQL server column type that can accommodate all the values in 'OnModelCreating' using 'HasColumnType', specify precision and scale using 'HasPrecision', or configure a value converter using 'HasConversion'.
2026-05-18 00:01:01.458 +08:00 [WRN] No store type was specified for the decimal property 'CostPrice' on entity type 'Drug'. This will cause values to be silently truncated if they do not fit in the default precision and scale. Explicitly specify the SQL server column type that can accommodate all the values in 'OnModelCreating' using 'HasColumnType', specify precision and scale using 'HasPrecision', or configure a value converter using 'HasConversion'.
2026-05-18 00:01:01.458 +08:00 [WRN] No store type was specified for the decimal property 'Price' on entity type 'Drug'. This will cause values to be silently truncated if they do not fit in the default precision and scale. Explicitly specify the SQL server column type that can accommodate all the values in 'OnModelCreating' using 'HasColumnType', specify precision and scale using 'HasPrecision', or configure a value converter using 'HasConversion'.
2026-05-18 00:01:01.458 +08:00 [WRN] No store type was specified for the decimal property 'ActualAmount' on entity type 'Payment'. This will cause values to be silently truncated if they do not fit in the default precision and scale. Explicitly specify the SQL server column type that can accommodate all the values in 'OnModelCreating' using 'HasColumnType', specify precision and scale using 'HasPrecision', or configure a value converter using 'HasConversion'.
2026-05-18 00:01:01.458 +08:00 [WRN] No store type was specified for the decimal property 'DiscountAmount' on entity type 'Payment'. This will cause values to be silently truncated if they do not fit in the default precision and scale. Explicitly specify the SQL server column type that can accommodate all the values in 'OnModelCreating' using 'HasColumnType', specify precision and scale using 'HasPrecision', or configure a value converter using 'HasConversion'.
2026-05-18 00:01:01.458 +08:00 [WRN] No store type was specified for the decimal property 'TotalAmount' on entity type 'Payment'. This will cause values to be silently truncated if they do not fit in the default precision and scale. Explicitly specify the SQL server column type that can accommodate all the values in 'OnModelCreating' using 'HasColumnType', specify precision and scale using 'HasPrecision', or configure a value converter using 'HasConversion'.
2026-05-18 00:01:01.459 +08:00 [WRN] No store type was specified for the decimal property 'SubTotal' on entity type 'PaymentItem'. This will cause values to be silently truncated if they do not fit in the default precision and scale. Explicitly specify the SQL server column type that can accommodate all the values in 'OnModelCreating' using 'HasColumnType', specify precision and scale using 'HasPrecision', or configure a value converter using 'HasConversion'.
2026-05-18 00:01:01.459 +08:00 [WRN] No store type was specified for the decimal property 'UnitPrice' on entity type 'PaymentItem'. This will cause values to be silently truncated if they do not fit in the default precision and scale. Explicitly specify the SQL server column type that can accommodate all the values in 'OnModelCreating' using 'HasColumnType', specify precision and scale using 'HasPrecision', or configure a value converter using 'HasConversion'.
2026-05-18 00:01:01.459 +08:00 [WRN] No store type was specified for the decimal property 'TotalAmount' on entity type 'Prescription'. This will cause values to be silently truncated if they do not fit in the default precision and scale. Explicitly specify the SQL server column type that can accommodate all the values in 'OnModelCreating' using 'HasColumnType', specify precision and scale using 'HasPrecision', or configure a value converter using 'HasConversion'.
2026-05-18 00:01:01.459 +08:00 [WRN] No store type was specified for the decimal property 'Quantity' on entity type 'PrescriptionItem'. This will cause values to be silently truncated if they do not fit in the default precision and scale. Explicitly specify the SQL server column type that can accommodate all the values in 'OnModelCreating' using 'HasColumnType', specify precision and scale using 'HasPrecision', or configure a value converter using 'HasConversion'.
2026-05-18 00:01:01.459 +08:00 [WRN] No store type was specified for the decimal property 'SubTotal' on entity type 'PrescriptionItem'. This will cause values to be silently truncated if they do not fit in the default precision and scale. Explicitly specify the SQL server column type that can accommodate all the values in 'OnModelCreating' using 'HasColumnType', specify precision and scale using 'HasPrecision', or configure a value converter using 'HasConversion'.
2026-05-18 00:01:01.459 +08:00 [WRN] No store type was specified for the decimal property 'UnitPrice' on entity type 'PrescriptionItem'. This will cause values to be silently truncated if they do not fit in the default precision and scale. Explicitly specify the SQL server column type that can accommodate all the values in 'OnModelCreating' using 'HasColumnType', specify precision and scale using 'HasPrecision', or configure a value converter using 'HasConversion'.
2026-05-18 00:01:01.459 +08:00 [WRN] No store type was specified for the decimal property 'ConsultationFee' on entity type 'User'. This will cause values to be silently truncated if they do not fit in the default precision and scale. Explicitly specify the SQL server column type that can accommodate all the values in 'OnModelCreating' using 'HasColumnType', specify precision and scale using 'HasPrecision', or configure a value converter using 'HasConversion'.
2026-05-18 00:01:01.953 +08:00 [INF] Executed DbCommand (18ms) [Parameters=[], CommandType='"Text"', CommandTimeout='30']
SELECT 1
2026-05-18 00:01:01.977 +08:00 [INF] Executed DbCommand (12ms) [Parameters=[], CommandType='"Text"', CommandTimeout='30']
SELECT OBJECT_ID(N'[__EFMigrationsHistory]');
2026-05-18 00:01:01.980 +08:00 [INF] Executed DbCommand (1ms) [Parameters=[], CommandType='"Text"', CommandTimeout='30']
SELECT 1
2026-05-18 00:01:01.981 +08:00 [INF] Executed DbCommand (0ms) [Parameters=[], CommandType='"Text"', CommandTimeout='30']
SELECT OBJECT_ID(N'[__EFMigrationsHistory]');
2026-05-18 00:01:01.996 +08:00 [INF] Executed DbCommand (1ms) [Parameters=[], CommandType='"Text"', CommandTimeout='30']
SELECT [MigrationId], [ProductVersion]
FROM [__EFMigrationsHistory]
ORDER BY [MigrationId];
2026-05-18 00:01:02.008 +08:00 [INF] No migrations were applied. The database is already up to date.
2026-05-18 00:01:02.228 +08:00 [INF] Application started. Press Ctrl+C to shut down.
2026-05-18 00:01:02.228 +08:00 [INF] Hosting environment: Development
2026-05-18 00:01:02.228 +08:00 [INF] Content root path: D:\ClinicSystem\src\ClinicSystem.Api
2026-05-18 00:01:41.156 +08:00 [INF] Executed DbCommand (43ms) [Parameters=[@__username_0='?' (Size = 50)], CommandType='"Text"', CommandTimeout='30']
SELECT TOP(1) [u].[Id], [u].[ConsultationFee], [u].[CreatedAt], [u].[DepartmentId], [u].[DisplayName], [u].[Email], [u].[Introduction], [u].[IsActive], [u].[LastLoginAt], [u].[MaxDailyPatients], [u].[PasswordHash], [u].[Phone], [u].[Role], [u].[Title], [u].[Username], [d].[Id], [d].[CreatedAt], [d].[Description], [d].[IsActive], [d].[Name], [d].[SortOrder]
FROM [Users] AS [u]
LEFT JOIN [Departments] AS [d] ON [u].[DepartmentId] = [d].[Id]
WHERE [u].[Username] = @__username_0 AND [u].[IsActive] = CAST(1 AS bit)
2026-05-18 00:01:41.490 +08:00 [INF] Executed DbCommand (4ms) [Parameters=[@p1='?' (DbType = Int32), @p0='?' (DbType = DateTime2)], CommandType='"Text"', CommandTimeout='30']
SET IMPLICIT_TRANSACTIONS OFF;
SET NOCOUNT ON;
UPDATE [Users] SET [LastLoginAt] = @p0
OUTPUT 1
WHERE [Id] = @p1;
2026-05-18 00:14:09.423 +08:00 [INF] Executed DbCommand (3ms) [Parameters=[@__username_0='?' (Size = 50)], CommandType='"Text"', CommandTimeout='30']
SELECT TOP(1) [u].[Id], [u].[ConsultationFee], [u].[CreatedAt], [u].[DepartmentId], [u].[DisplayName], [u].[Email], [u].[Introduction], [u].[IsActive], [u].[LastLoginAt], [u].[MaxDailyPatients], [u].[PasswordHash], [u].[Phone], [u].[Role], [u].[Title], [u].[Username], [d].[Id], [d].[CreatedAt], [d].[Description], [d].[IsActive], [d].[Name], [d].[SortOrder]
FROM [Users] AS [u]
LEFT JOIN [Departments] AS [d] ON [u].[DepartmentId] = [d].[Id]
WHERE [u].[Username] = @__username_0 AND [u].[IsActive] = CAST(1 AS bit)
2026-05-18 00:14:09.579 +08:00 [INF] Executed DbCommand (2ms) [Parameters=[@p1='?' (DbType = Int32), @p0='?' (DbType = DateTime2)], CommandType='"Text"', CommandTimeout='30']
SET IMPLICIT_TRANSACTIONS OFF;
SET NOCOUNT ON;
UPDATE [Users] SET [LastLoginAt] = @p0
OUTPUT 1
WHERE [Id] = @p1;
2026-05-18 00:15:53.442 +08:00 [WRN] Entity 'Patient' has a global query filter defined and is the required end of a relationship with the entity 'Appointment'. This may lead to unexpected results when the required entity is filtered out. Either configure the navigation as optional, or define matching query filters for both entities in the navigation. See https://go.microsoft.com/fwlink/?linkid=2131316 for more information.
2026-05-18 00:15:53.479 +08:00 [WRN] Entity 'Patient' has a global query filter defined and is the required end of a relationship with the entity 'MedicalRecord'. This may lead to unexpected results when the required entity is filtered out. Either configure the navigation as optional, or define matching query filters for both entities in the navigation. See https://go.microsoft.com/fwlink/?linkid=2131316 for more information.
2026-05-18 00:15:53.481 +08:00 [WRN] Entity 'Patient' has a global query filter defined and is the required end of a relationship with the entity 'Payment'. This may lead to unexpected results when the required entity is filtered out. Either configure the navigation as optional, or define matching query filters for both entities in the navigation. See https://go.microsoft.com/fwlink/?linkid=2131316 for more information.
2026-05-18 00:15:53.578 +08:00 [WRN] No store type was specified for the decimal property 'Price' on entity type 'ChargeItem'. This will cause values to be silently truncated if they do not fit in the default precision and scale. Explicitly specify the SQL server column type that can accommodate all the values in 'OnModelCreating' using 'HasColumnType', specify precision and scale using 'HasPrecision', or configure a value converter using 'HasConversion'.
2026-05-18 00:15:53.580 +08:00 [WRN] No store type was specified for the decimal property 'CostPrice' on entity type 'Drug'. This will cause values to be silently truncated if they do not fit in the default precision and scale. Explicitly specify the SQL server column type that can accommodate all the values in 'OnModelCreating' using 'HasColumnType', specify precision and scale using 'HasPrecision', or configure a value converter using 'HasConversion'.
2026-05-18 00:15:53.581 +08:00 [WRN] No store type was specified for the decimal property 'Price' on entity type 'Drug'. This will cause values to be silently truncated if they do not fit in the default precision and scale. Explicitly specify the SQL server column type that can accommodate all the values in 'OnModelCreating' using 'HasColumnType', specify precision and scale using 'HasPrecision', or configure a value converter using 'HasConversion'.
2026-05-18 00:15:53.582 +08:00 [WRN] No store type was specified for the decimal property 'ActualAmount' on entity type 'Payment'. This will cause values to be silently truncated if they do not fit in the default precision and scale. Explicitly specify the SQL server column type that can accommodate all the values in 'OnModelCreating' using 'HasColumnType', specify precision and scale using 'HasPrecision', or configure a value converter using 'HasConversion'.
2026-05-18 00:15:53.583 +08:00 [WRN] No store type was specified for the decimal property 'DiscountAmount' on entity type 'Payment'. This will cause values to be silently truncated if they do not fit in the default precision and scale. Explicitly specify the SQL server column type that can accommodate all the values in 'OnModelCreating' using 'HasColumnType', specify precision and scale using 'HasPrecision', or configure a value converter using 'HasConversion'.
2026-05-18 00:15:53.584 +08:00 [WRN] No store type was specified for the decimal property 'TotalAmount' on entity type 'Payment'. This will cause values to be silently truncated if they do not fit in the default precision and scale. Explicitly specify the SQL server column type that can accommodate all the values in 'OnModelCreating' using 'HasColumnType', specify precision and scale using 'HasPrecision', or configure a value converter using 'HasConversion'.
2026-05-18 00:15:53.585 +08:00 [WRN] No store type was specified for the decimal property 'SubTotal' on entity type 'PaymentItem'. This will cause values to be silently truncated if they do not fit in the default precision and scale. Explicitly specify the SQL server column type that can accommodate all the values in 'OnModelCreating' using 'HasColumnType', specify precision and scale using 'HasPrecision', or configure a value converter using 'HasConversion'.
2026-05-18 00:15:53.586 +08:00 [WRN] No store type was specified for the decimal property 'UnitPrice' on entity type 'PaymentItem'. This will cause values to be silently truncated if they do not fit in the default precision and scale. Explicitly specify the SQL server column type that can accommodate all the values in 'OnModelCreating' using 'HasColumnType', specify precision and scale using 'HasPrecision', or configure a value converter using 'HasConversion'.
2026-05-18 00:15:53.586 +08:00 [WRN] No store type was specified for the decimal property 'TotalAmount' on entity type 'Prescription'. This will cause values to be silently truncated if they do not fit in the default precision and scale. Explicitly specify the SQL server column type that can accommodate all the values in 'OnModelCreating' using 'HasColumnType', specify precision and scale using 'HasPrecision', or configure a value converter using 'HasConversion'.
2026-05-18 00:15:53.587 +08:00 [WRN] No store type was specified for the decimal property 'Quantity' on entity type 'PrescriptionItem'. This will cause values to be silently truncated if they do not fit in the default precision and scale. Explicitly specify the SQL server column type that can accommodate all the values in 'OnModelCreating' using 'HasColumnType', specify precision and scale using 'HasPrecision', or configure a value converter using 'HasConversion'.
2026-05-18 00:15:53.595 +08:00 [WRN] No store type was specified for the decimal property 'SubTotal' on entity type 'PrescriptionItem'. This will cause values to be silently truncated if they do not fit in the default precision and scale. Explicitly specify the SQL server column type that can accommodate all the values in 'OnModelCreating' using 'HasColumnType', specify precision and scale using 'HasPrecision', or configure a value converter using 'HasConversion'.
2026-05-18 00:15:53.598 +08:00 [WRN] No store type was specified for the decimal property 'UnitPrice' on entity type 'PrescriptionItem'. This will cause values to be silently truncated if they do not fit in the default precision and scale. Explicitly specify the SQL server column type that can accommodate all the values in 'OnModelCreating' using 'HasColumnType', specify precision and scale using 'HasPrecision', or configure a value converter using 'HasConversion'.
2026-05-18 00:15:53.601 +08:00 [WRN] No store type was specified for the decimal property 'ConsultationFee' on entity type 'User'. This will cause values to be silently truncated if they do not fit in the default precision and scale. Explicitly specify the SQL server column type that can accommodate all the values in 'OnModelCreating' using 'HasColumnType', specify precision and scale using 'HasPrecision', or configure a value converter using 'HasConversion'.
2026-05-18 00:15:53.917 +08:00 [INF] Executed DbCommand (13ms) [Parameters=[], CommandType='"Text"', CommandTimeout='30']
SELECT 1
2026-05-18 00:15:53.939 +08:00 [INF] Executed DbCommand (10ms) [Parameters=[], CommandType='"Text"', CommandTimeout='30']
SELECT OBJECT_ID(N'[__EFMigrationsHistory]');
2026-05-18 00:15:53.945 +08:00 [INF] Executed DbCommand (1ms) [Parameters=[], CommandType='"Text"', CommandTimeout='30']
SELECT 1
2026-05-18 00:15:53.949 +08:00 [INF] Executed DbCommand (0ms) [Parameters=[], CommandType='"Text"', CommandTimeout='30']
SELECT OBJECT_ID(N'[__EFMigrationsHistory]');
2026-05-18 00:15:53.965 +08:00 [INF] Executed DbCommand (1ms) [Parameters=[], CommandType='"Text"', CommandTimeout='30']
SELECT [MigrationId], [ProductVersion]
FROM [__EFMigrationsHistory]
ORDER BY [MigrationId];
2026-05-18 00:15:53.979 +08:00 [INF] No migrations were applied. The database is already up to date.
2026-05-18 00:15:54.089 +08:00 [INF] Now listening on: https://localhost:4887
2026-05-18 00:15:54.091 +08:00 [INF] Now listening on: http://localhost:4888
2026-05-18 00:15:54.093 +08:00 [INF] Application started. Press Ctrl+C to shut down.
2026-05-18 00:15:54.094 +08:00 [INF] Hosting environment: Development
2026-05-18 00:15:54.095 +08:00 [INF] Content root path: D:\ClinicSystem\src\ClinicSystem.Api
2026-05-18 00:16:43.916 +08:00 [INF] Executed DbCommand (20ms) [Parameters=[@__username_0='?' (Size = 50)], CommandType='"Text"', CommandTimeout='30']
SELECT TOP(1) [u].[Id], [u].[ConsultationFee], [u].[CreatedAt], [u].[DepartmentId], [u].[DisplayName], [u].[Email], [u].[Introduction], [u].[IsActive], [u].[LastLoginAt], [u].[MaxDailyPatients], [u].[PasswordHash], [u].[Phone], [u].[Role], [u].[Title], [u].[Username], [d].[Id], [d].[CreatedAt], [d].[Description], [d].[IsActive], [d].[Name], [d].[SortOrder]
FROM [Users] AS [u]
LEFT JOIN [Departments] AS [d] ON [u].[DepartmentId] = [d].[Id]
WHERE [u].[Username] = @__username_0 AND [u].[IsActive] = CAST(1 AS bit)
2026-05-18 00:16:44.219 +08:00 [INF] Executed DbCommand (3ms) [Parameters=[@p1='?' (DbType = Int32), @p0='?' (DbType = DateTime2)], CommandType='"Text"', CommandTimeout='30']
SET IMPLICIT_TRANSACTIONS OFF;
SET NOCOUNT ON;
UPDATE [Users] SET [LastLoginAt] = @p0
OUTPUT 1
WHERE [Id] = @p1;
2026-05-18 00:16:46.799 +08:00 [INF] Executed DbCommand (1ms) [Parameters=[], CommandType='"Text"', CommandTimeout='30']
SELECT COUNT(*)
FROM [Patients] AS [p]
WHERE [p].[IsDeleted] = CAST(0 AS bit)
2026-05-18 00:16:46.815 +08:00 [INF] Executed DbCommand (2ms) [Parameters=[@__p_0='?' (DbType = Int32), @__p_1='?' (DbType = Int32)], CommandType='"Text"', CommandTimeout='30']
SELECT [p].[Id], [p].[Name], [p].[Gender], [p].[DateOfBirth], [p].[Phone], [p].[IdCard], [p].[Address], [p].[Allergies], [p].[MedicalHistory], [p].[CreatedAt]
FROM [Patients] AS [p]
WHERE [p].[IsDeleted] = CAST(0 AS bit)
ORDER BY [p].[CreatedAt] DESC
OFFSET @__p_0 ROWS FETCH NEXT @__p_1 ROWS ONLY
2026-05-18 00:16:47.889 +08:00 [INF] Executed DbCommand (1ms) [Parameters=[], CommandType='"Text"', CommandTimeout='30']
SELECT [d].[Id], [d].[Name], [d].[Description], [d].[SortOrder]
FROM [Departments] AS [d]
WHERE [d].[IsActive] = CAST(1 AS bit)
ORDER BY [d].[SortOrder]
2026-05-18 00:16:48.995 +08:00 [INF] Executed DbCommand (0ms) [Parameters=[], CommandType='"Text"', CommandTimeout='30']
SELECT COUNT(*)
FROM [Patients] AS [p]
WHERE [p].[IsDeleted] = CAST(0 AS bit)
2026-05-18 00:16:49.002 +08:00 [INF] Executed DbCommand (0ms) [Parameters=[@__p_0='?' (DbType = Int32), @__p_1='?' (DbType = Int32)], CommandType='"Text"', CommandTimeout='30']
SELECT [p].[Id], [p].[Name], [p].[Gender], [p].[DateOfBirth], [p].[Phone], [p].[IdCard], [p].[Address], [p].[Allergies], [p].[MedicalHistory], [p].[CreatedAt]
FROM [Patients] AS [p]
WHERE [p].[IsDeleted] = CAST(0 AS bit)
ORDER BY [p].[CreatedAt] DESC
OFFSET @__p_0 ROWS FETCH NEXT @__p_1 ROWS ONLY
2026-05-18 00:16:50.620 +08:00 [INF] Executed DbCommand (0ms) [Parameters=[], CommandType='"Text"', CommandTimeout='30']
SELECT COUNT(*)
FROM [Patients] AS [p]
WHERE [p].[IsDeleted] = CAST(0 AS bit)
2026-05-18 00:16:50.624 +08:00 [INF] Executed DbCommand (0ms) [Parameters=[@__p_0='?' (DbType = Int32), @__p_1='?' (DbType = Int32)], CommandType='"Text"', CommandTimeout='30']
SELECT [p].[Id], [p].[Name], [p].[Gender], [p].[DateOfBirth], [p].[Phone], [p].[IdCard], [p].[Address], [p].[Allergies], [p].[MedicalHistory], [p].[CreatedAt]
FROM [Patients] AS [p]
WHERE [p].[IsDeleted] = CAST(0 AS bit)
ORDER BY [p].[CreatedAt] DESC
OFFSET @__p_0 ROWS FETCH NEXT @__p_1 ROWS ONLY
2026-05-18 00:16:55.427 +08:00 [INF] Executed DbCommand (0ms) [Parameters=[], CommandType='"Text"', CommandTimeout='30']
SELECT COUNT(*)
FROM [Patients] AS [p]
WHERE [p].[IsDeleted] = CAST(0 AS bit)
2026-05-18 00:16:55.431 +08:00 [INF] Executed DbCommand (0ms) [Parameters=[@__p_0='?' (DbType = Int32), @__p_1='?' (DbType = Int32)], CommandType='"Text"', CommandTimeout='30']
SELECT [p].[Id], [p].[Name], [p].[Gender], [p].[DateOfBirth], [p].[Phone], [p].[IdCard], [p].[Address], [p].[Allergies], [p].[MedicalHistory], [p].[CreatedAt]
FROM [Patients] AS [p]
WHERE [p].[IsDeleted] = CAST(0 AS bit)
ORDER BY [p].[CreatedAt] DESC
OFFSET @__p_0 ROWS FETCH NEXT @__p_1 ROWS ONLY
2026-05-18 00:17:06.998 +08:00 [INF] Executed DbCommand (1ms) [Parameters=[], CommandType='"Text"', CommandTimeout='30']
SELECT COUNT(*)
FROM [Patients] AS [p]
WHERE [p].[IsDeleted] = CAST(0 AS bit)
2026-05-18 00:17:07.003 +08:00 [INF] Executed DbCommand (1ms) [Parameters=[@__p_0='?' (DbType = Int32), @__p_1='?' (DbType = Int32)], CommandType='"Text"', CommandTimeout='30']
SELECT [p].[Id], [p].[Name], [p].[Gender], [p].[DateOfBirth], [p].[Phone], [p].[IdCard], [p].[Address], [p].[Allergies], [p].[MedicalHistory], [p].[CreatedAt]
FROM [Patients] AS [p]
WHERE [p].[IsDeleted] = CAST(0 AS bit)
ORDER BY [p].[CreatedAt] DESC
OFFSET @__p_0 ROWS FETCH NEXT @__p_1 ROWS ONLY
2026-05-18 00:21:05.236 +08:00 [WRN] Entity 'Patient' has a global query filter defined and is the required end of a relationship with the entity 'Appointment'. This may lead to unexpected results when the required entity is filtered out. Either configure the navigation as optional, or define matching query filters for both entities in the navigation. See https://go.microsoft.com/fwlink/?linkid=2131316 for more information.
2026-05-18 00:21:05.270 +08:00 [WRN] Entity 'Patient' has a global query filter defined and is the required end of a relationship with the entity 'MedicalRecord'. This may lead to unexpected results when the required entity is filtered out. Either configure the navigation as optional, or define matching query filters for both entities in the navigation. See https://go.microsoft.com/fwlink/?linkid=2131316 for more information.
2026-05-18 00:21:05.272 +08:00 [WRN] Entity 'Patient' has a global query filter defined and is the required end of a relationship with the entity 'Payment'. This may lead to unexpected results when the required entity is filtered out. Either configure the navigation as optional, or define matching query filters for both entities in the navigation. See https://go.microsoft.com/fwlink/?linkid=2131316 for more information.
2026-05-18 00:21:05.354 +08:00 [WRN] No store type was specified for the decimal property 'Price' on entity type 'ChargeItem'. This will cause values to be silently truncated if they do not fit in the default precision and scale. Explicitly specify the SQL server column type that can accommodate all the values in 'OnModelCreating' using 'HasColumnType', specify precision and scale using 'HasPrecision', or configure a value converter using 'HasConversion'.
2026-05-18 00:21:05.356 +08:00 [WRN] No store type was specified for the decimal property 'CostPrice' on entity type 'Drug'. This will cause values to be silently truncated if they do not fit in the default precision and scale. Explicitly specify the SQL server column type that can accommodate all the values in 'OnModelCreating' using 'HasColumnType', specify precision and scale using 'HasPrecision', or configure a value converter using 'HasConversion'.
2026-05-18 00:21:05.357 +08:00 [WRN] No store type was specified for the decimal property 'Price' on entity type 'Drug'. This will cause values to be silently truncated if they do not fit in the default precision and scale. Explicitly specify the SQL server column type that can accommodate all the values in 'OnModelCreating' using 'HasColumnType', specify precision and scale using 'HasPrecision', or configure a value converter using 'HasConversion'.
2026-05-18 00:21:05.358 +08:00 [WRN] No store type was specified for the decimal property 'ActualAmount' on entity type 'Payment'. This will cause values to be silently truncated if they do not fit in the default precision and scale. Explicitly specify the SQL server column type that can accommodate all the values in 'OnModelCreating' using 'HasColumnType', specify precision and scale using 'HasPrecision', or configure a value converter using 'HasConversion'.
2026-05-18 00:21:05.360 +08:00 [WRN] No store type was specified for the decimal property 'DiscountAmount' on entity type 'Payment'. This will cause values to be silently truncated if they do not fit in the default precision and scale. Explicitly specify the SQL server column type that can accommodate all the values in 'OnModelCreating' using 'HasColumnType', specify precision and scale using 'HasPrecision', or configure a value converter using 'HasConversion'.
2026-05-18 00:21:05.361 +08:00 [WRN] No store type was specified for the decimal property 'TotalAmount' on entity type 'Payment'. This will cause values to be silently truncated if they do not fit in the default precision and scale. Explicitly specify the SQL server column type that can accommodate all the values in 'OnModelCreating' using 'HasColumnType', specify precision and scale using 'HasPrecision', or configure a value converter using 'HasConversion'.
2026-05-18 00:21:05.363 +08:00 [WRN] No store type was specified for the decimal property 'SubTotal' on entity type 'PaymentItem'. This will cause values to be silently truncated if they do not fit in the default precision and scale. Explicitly specify the SQL server column type that can accommodate all the values in 'OnModelCreating' using 'HasColumnType', specify precision and scale using 'HasPrecision', or configure a value converter using 'HasConversion'.
2026-05-18 00:21:05.364 +08:00 [WRN] No store type was specified for the decimal property 'UnitPrice' on entity type 'PaymentItem'. This will cause values to be silently truncated if they do not fit in the default precision and scale. Explicitly specify the SQL server column type that can accommodate all the values in 'OnModelCreating' using 'HasColumnType', specify precision and scale using 'HasPrecision', or configure a value converter using 'HasConversion'.
2026-05-18 00:21:05.365 +08:00 [WRN] No store type was specified for the decimal property 'TotalAmount' on entity type 'Prescription'. This will cause values to be silently truncated if they do not fit in the default precision and scale. Explicitly specify the SQL server column type that can accommodate all the values in 'OnModelCreating' using 'HasColumnType', specify precision and scale using 'HasPrecision', or configure a value converter using 'HasConversion'.
2026-05-18 00:21:05.366 +08:00 [WRN] No store type was specified for the decimal property 'Quantity' on entity type 'PrescriptionItem'. This will cause values to be silently truncated if they do not fit in the default precision and scale. Explicitly specify the SQL server column type that can accommodate all the values in 'OnModelCreating' using 'HasColumnType', specify precision and scale using 'HasPrecision', or configure a value converter using 'HasConversion'.
2026-05-18 00:21:05.368 +08:00 [WRN] No store type was specified for the decimal property 'SubTotal' on entity type 'PrescriptionItem'. This will cause values to be silently truncated if they do not fit in the default precision and scale. Explicitly specify the SQL server column type that can accommodate all the values in 'OnModelCreating' using 'HasColumnType', specify precision and scale using 'HasPrecision', or configure a value converter using 'HasConversion'.
2026-05-18 00:21:05.369 +08:00 [WRN] No store type was specified for the decimal property 'UnitPrice' on entity type 'PrescriptionItem'. This will cause values to be silently truncated if they do not fit in the default precision and scale. Explicitly specify the SQL server column type that can accommodate all the values in 'OnModelCreating' using 'HasColumnType', specify precision and scale using 'HasPrecision', or configure a value converter using 'HasConversion'.
2026-05-18 00:21:05.370 +08:00 [WRN] No store type was specified for the decimal property 'ConsultationFee' on entity type 'User'. This will cause values to be silently truncated if they do not fit in the default precision and scale. Explicitly specify the SQL server column type that can accommodate all the values in 'OnModelCreating' using 'HasColumnType', specify precision and scale using 'HasPrecision', or configure a value converter using 'HasConversion'.
2026-05-18 00:21:05.672 +08:00 [INF] Executed DbCommand (13ms) [Parameters=[], CommandType='"Text"', CommandTimeout='30']
SELECT 1
2026-05-18 00:21:05.692 +08:00 [INF] Executed DbCommand (9ms) [Parameters=[], CommandType='"Text"', CommandTimeout='30']
SELECT OBJECT_ID(N'[__EFMigrationsHistory]');
2026-05-18 00:21:05.696 +08:00 [INF] Executed DbCommand (1ms) [Parameters=[], CommandType='"Text"', CommandTimeout='30']
SELECT 1
2026-05-18 00:21:05.698 +08:00 [INF] Executed DbCommand (0ms) [Parameters=[], CommandType='"Text"', CommandTimeout='30']
SELECT OBJECT_ID(N'[__EFMigrationsHistory]');
2026-05-18 00:21:05.710 +08:00 [INF] Executed DbCommand (1ms) [Parameters=[], CommandType='"Text"', CommandTimeout='30']
SELECT [MigrationId], [ProductVersion]
FROM [__EFMigrationsHistory]
ORDER BY [MigrationId];
2026-05-18 00:21:05.722 +08:00 [INF] No migrations were applied. The database is already up to date.
2026-05-18 00:21:05.841 +08:00 [INF] Now listening on: https://localhost:4887
2026-05-18 00:21:05.842 +08:00 [INF] Now listening on: http://localhost:4888
2026-05-18 00:21:05.844 +08:00 [INF] Application started. Press Ctrl+C to shut down.
2026-05-18 00:21:05.846 +08:00 [INF] Hosting environment: Development
2026-05-18 00:21:05.847 +08:00 [INF] Content root path: D:\ClinicSystem\src\ClinicSystem.Api
2026-05-18 00:21:28.899 +08:00 [INF] Executed DbCommand (18ms) [Parameters=[@__username_0='?' (Size = 50)], CommandType='"Text"', CommandTimeout='30']
SELECT TOP(1) [u].[Id], [u].[ConsultationFee], [u].[CreatedAt], [u].[DepartmentId], [u].[DisplayName], [u].[Email], [u].[Introduction], [u].[IsActive], [u].[LastLoginAt], [u].[MaxDailyPatients], [u].[PasswordHash], [u].[Phone], [u].[Role], [u].[Title], [u].[Username], [d].[Id], [d].[CreatedAt], [d].[Description], [d].[IsActive], [d].[Name], [d].[SortOrder]
FROM [Users] AS [u]
LEFT JOIN [Departments] AS [d] ON [u].[DepartmentId] = [d].[Id]
WHERE [u].[Username] = @__username_0 AND [u].[IsActive] = CAST(1 AS bit)
2026-05-18 00:21:29.204 +08:00 [INF] Executed DbCommand (3ms) [Parameters=[@p1='?' (DbType = Int32), @p0='?' (DbType = DateTime2)], CommandType='"Text"', CommandTimeout='30']
SET IMPLICIT_TRANSACTIONS OFF;
SET NOCOUNT ON;
UPDATE [Users] SET [LastLoginAt] = @p0
OUTPUT 1
WHERE [Id] = @p1;
2026-05-18 00:21:34.797 +08:00 [INF] Executed DbCommand (2ms) [Parameters=[], CommandType='"Text"', CommandTimeout='30']
SELECT COUNT(*)
FROM [Patients] AS [p]
WHERE [p].[IsDeleted] = CAST(0 AS bit)
2026-05-18 00:21:34.812 +08:00 [INF] Executed DbCommand (2ms) [Parameters=[@__p_0='?' (DbType = Int32), @__p_1='?' (DbType = Int32)], CommandType='"Text"', CommandTimeout='30']
SELECT [p].[Id], [p].[Name], [p].[Gender], [p].[DateOfBirth], [p].[Phone], [p].[IdCard], [p].[Address], [p].[Allergies], [p].[MedicalHistory], [p].[CreatedAt]
FROM [Patients] AS [p]
WHERE [p].[IsDeleted] = CAST(0 AS bit)
ORDER BY [p].[CreatedAt] DESC
OFFSET @__p_0 ROWS FETCH NEXT @__p_1 ROWS ONLY
2026-05-18 00:21:40.279 +08:00 [INF] Executed DbCommand (1ms) [Parameters=[], CommandType='"Text"', CommandTimeout='30']
SELECT COUNT(*)
FROM [Patients] AS [p]
WHERE [p].[IsDeleted] = CAST(0 AS bit)
2026-05-18 00:21:40.287 +08:00 [INF] Executed DbCommand (1ms) [Parameters=[@__p_0='?' (DbType = Int32), @__p_1='?' (DbType = Int32)], CommandType='"Text"', CommandTimeout='30']
SELECT [p].[Id], [p].[Name], [p].[Gender], [p].[DateOfBirth], [p].[Phone], [p].[IdCard], [p].[Address], [p].[Allergies], [p].[MedicalHistory], [p].[CreatedAt]
FROM [Patients] AS [p]
WHERE [p].[IsDeleted] = CAST(0 AS bit)
ORDER BY [p].[CreatedAt] DESC
OFFSET @__p_0 ROWS FETCH NEXT @__p_1 ROWS ONLY
2026-05-18 00:21:42.418 +08:00 [INF] Executed DbCommand (2ms) [Parameters=[], CommandType='"Text"', CommandTimeout='30']
SELECT [d].[Id], [d].[Name], [d].[Description], [d].[SortOrder]
FROM [Departments] AS [d]
WHERE [d].[IsActive] = CAST(1 AS bit)
ORDER BY [d].[SortOrder]
2026-05-18 19:37:37.596 +08:00 [WRN] Entity 'Patient' has a global query filter defined and is the required end of a relationship with the entity 'Appointment'. This may lead to unexpected results when the required entity is filtered out. Either configure the navigation as optional, or define matching query filters for both entities in the navigation. See https://go.microsoft.com/fwlink/?linkid=2131316 for more information.
2026-05-18 19:37:37.642 +08:00 [WRN] Entity 'Patient' has a global query filter defined and is the required end of a relationship with the entity 'MedicalRecord'. This may lead to unexpected results when the required entity is filtered out. Either configure the navigation as optional, or define matching query filters for both entities in the navigation. See https://go.microsoft.com/fwlink/?linkid=2131316 for more information.
2026-05-18 19:37:37.644 +08:00 [WRN] Entity 'Patient' has a global query filter defined and is the required end of a relationship with the entity 'Payment'. This may lead to unexpected results when the required entity is filtered out. Either configure the navigation as optional, or define matching query filters for both entities in the navigation. See https://go.microsoft.com/fwlink/?linkid=2131316 for more information.
2026-05-18 19:37:37.758 +08:00 [WRN] No store type was specified for the decimal property 'Price' on entity type 'ChargeItem'. This will cause values to be silently truncated if they do not fit in the default precision and scale. Explicitly specify the SQL server column type that can accommodate all the values in 'OnModelCreating' using 'HasColumnType', specify precision and scale using 'HasPrecision', or configure a value converter using 'HasConversion'.
2026-05-18 19:37:37.760 +08:00 [WRN] No store type was specified for the decimal property 'CostPrice' on entity type 'Drug'. This will cause values to be silently truncated if they do not fit in the default precision and scale. Explicitly specify the SQL server column type that can accommodate all the values in 'OnModelCreating' using 'HasColumnType', specify precision and scale using 'HasPrecision', or configure a value converter using 'HasConversion'.
2026-05-18 19:37:37.762 +08:00 [WRN] No store type was specified for the decimal property 'Price' on entity type 'Drug'. This will cause values to be silently truncated if they do not fit in the default precision and scale. Explicitly specify the SQL server column type that can accommodate all the values in 'OnModelCreating' using 'HasColumnType', specify precision and scale using 'HasPrecision', or configure a value converter using 'HasConversion'.
2026-05-18 19:37:37.763 +08:00 [WRN] No store type was specified for the decimal property 'ActualAmount' on entity type 'Payment'. This will cause values to be silently truncated if they do not fit in the default precision and scale. Explicitly specify the SQL server column type that can accommodate all the values in 'OnModelCreating' using 'HasColumnType', specify precision and scale using 'HasPrecision', or configure a value converter using 'HasConversion'.
2026-05-18 19:37:37.764 +08:00 [WRN] No store type was specified for the decimal property 'DiscountAmount' on entity type 'Payment'. This will cause values to be silently truncated if they do not fit in the default precision and scale. Explicitly specify the SQL server column type that can accommodate all the values in 'OnModelCreating' using 'HasColumnType', specify precision and scale using 'HasPrecision', or configure a value converter using 'HasConversion'.
2026-05-18 19:37:37.766 +08:00 [WRN] No store type was specified for the decimal property 'TotalAmount' on entity type 'Payment'. This will cause values to be silently truncated if they do not fit in the default precision and scale. Explicitly specify the SQL server column type that can accommodate all the values in 'OnModelCreating' using 'HasColumnType', specify precision and scale using 'HasPrecision', or configure a value converter using 'HasConversion'.
2026-05-18 19:37:37.767 +08:00 [WRN] No store type was specified for the decimal property 'SubTotal' on entity type 'PaymentItem'. This will cause values to be silently truncated if they do not fit in the default precision and scale. Explicitly specify the SQL server column type that can accommodate all the values in 'OnModelCreating' using 'HasColumnType', specify precision and scale using 'HasPrecision', or configure a value converter using 'HasConversion'.
2026-05-18 19:37:37.769 +08:00 [WRN] No store type was specified for the decimal property 'UnitPrice' on entity type 'PaymentItem'. This will cause values to be silently truncated if they do not fit in the default precision and scale. Explicitly specify the SQL server column type that can accommodate all the values in 'OnModelCreating' using 'HasColumnType', specify precision and scale using 'HasPrecision', or configure a value converter using 'HasConversion'.
2026-05-18 19:37:37.770 +08:00 [WRN] No store type was specified for the decimal property 'TotalAmount' on entity type 'Prescription'. This will cause values to be silently truncated if they do not fit in the default precision and scale. Explicitly specify the SQL server column type that can accommodate all the values in 'OnModelCreating' using 'HasColumnType', specify precision and scale using 'HasPrecision', or configure a value converter using 'HasConversion'.
2026-05-18 19:37:37.772 +08:00 [WRN] No store type was specified for the decimal property 'Quantity' on entity type 'PrescriptionItem'. This will cause values to be silently truncated if they do not fit in the default precision and scale. Explicitly specify the SQL server column type that can accommodate all the values in 'OnModelCreating' using 'HasColumnType', specify precision and scale using 'HasPrecision', or configure a value converter using 'HasConversion'.
2026-05-18 19:37:37.773 +08:00 [WRN] No store type was specified for the decimal property 'SubTotal' on entity type 'PrescriptionItem'. This will cause values to be silently truncated if they do not fit in the default precision and scale. Explicitly specify the SQL server column type that can accommodate all the values in 'OnModelCreating' using 'HasColumnType', specify precision and scale using 'HasPrecision', or configure a value converter using 'HasConversion'.
2026-05-18 19:37:37.774 +08:00 [WRN] No store type was specified for the decimal property 'UnitPrice' on entity type 'PrescriptionItem'. This will cause values to be silently truncated if they do not fit in the default precision and scale. Explicitly specify the SQL server column type that can accommodate all the values in 'OnModelCreating' using 'HasColumnType', specify precision and scale using 'HasPrecision', or configure a value converter using 'HasConversion'.
2026-05-18 19:37:37.776 +08:00 [WRN] No store type was specified for the decimal property 'ConsultationFee' on entity type 'User'. This will cause values to be silently truncated if they do not fit in the default precision and scale. Explicitly specify the SQL server column type that can accommodate all the values in 'OnModelCreating' using 'HasColumnType', specify precision and scale using 'HasPrecision', or configure a value converter using 'HasConversion'.
2026-05-18 19:37:38.318 +08:00 [INF] Executed DbCommand (17ms) [Parameters=[], CommandType='"Text"', CommandTimeout='30']
SELECT 1
2026-05-18 19:37:38.348 +08:00 [INF] Executed DbCommand (15ms) [Parameters=[], CommandType='"Text"', CommandTimeout='30']
SELECT OBJECT_ID(N'[__EFMigrationsHistory]');
2026-05-18 19:37:38.353 +08:00 [INF] Executed DbCommand (1ms) [Parameters=[], CommandType='"Text"', CommandTimeout='30']
SELECT 1
2026-05-18 19:37:38.357 +08:00 [INF] Executed DbCommand (0ms) [Parameters=[], CommandType='"Text"', CommandTimeout='30']
SELECT OBJECT_ID(N'[__EFMigrationsHistory]');
2026-05-18 19:37:38.376 +08:00 [INF] Executed DbCommand (2ms) [Parameters=[], CommandType='"Text"', CommandTimeout='30']
SELECT [MigrationId], [ProductVersion]
FROM [__EFMigrationsHistory]
ORDER BY [MigrationId];
2026-05-18 19:37:38.395 +08:00 [INF] No migrations were applied. The database is already up to date.
2026-05-18 19:37:38.838 +08:00 [INF] Now listening on: https://localhost:4887
2026-05-18 19:37:38.840 +08:00 [INF] Now listening on: http://localhost:4888
2026-05-18 19:37:38.912 +08:00 [INF] Application started. Press Ctrl+C to shut down.
2026-05-18 19:37:38.913 +08:00 [INF] Hosting environment: Development
2026-05-18 19:37:38.914 +08:00 [INF] Content root path: D:\ClinicSystem\src\ClinicSystem.Api
2026-05-18 19:38:09.010 +08:00 [INF] Executed DbCommand (17ms) [Parameters=[], CommandType='"Text"', CommandTimeout='30']
SELECT COUNT(*)
FROM [Patients] AS [p]
WHERE [p].[IsDeleted] = CAST(0 AS bit)
2026-05-18 19:38:09.078 +08:00 [INF] Executed DbCommand (21ms) [Parameters=[@__p_0='?' (DbType = Int32), @__p_1='?' (DbType = Int32)], CommandType='"Text"', CommandTimeout='30']
SELECT [p].[Id], [p].[Name], [p].[Gender], [p].[DateOfBirth], [p].[Phone], [p].[IdCard], [p].[Address], [p].[Allergies], [p].[MedicalHistory], [p].[CreatedAt]
FROM [Patients] AS [p]
WHERE [p].[IsDeleted] = CAST(0 AS bit)
ORDER BY [p].[CreatedAt] DESC
OFFSET @__p_0 ROWS FETCH NEXT @__p_1 ROWS ONLY
2026-05-18 19:38:10.660 +08:00 [INF] Executed DbCommand (1ms) [Parameters=[], CommandType='"Text"', CommandTimeout='30']
SELECT COUNT(*)
FROM [Patients] AS [p]
WHERE [p].[IsDeleted] = CAST(0 AS bit)
2026-05-18 19:38:10.666 +08:00 [INF] Executed DbCommand (1ms) [Parameters=[@__p_0='?' (DbType = Int32), @__p_1='?' (DbType = Int32)], CommandType='"Text"', CommandTimeout='30']
SELECT [p].[Id], [p].[Name], [p].[Gender], [p].[DateOfBirth], [p].[Phone], [p].[IdCard], [p].[Address], [p].[Allergies], [p].[MedicalHistory], [p].[CreatedAt]
FROM [Patients] AS [p]
WHERE [p].[IsDeleted] = CAST(0 AS bit)
ORDER BY [p].[CreatedAt] DESC
OFFSET @__p_0 ROWS FETCH NEXT @__p_1 ROWS ONLY
2026-05-18 19:38:15.633 +08:00 [INF] Executed DbCommand (2ms) [Parameters=[], CommandType='"Text"', CommandTimeout='30']
SELECT [d].[Id], [d].[Name], [d].[Description], [d].[SortOrder]
FROM [Departments] AS [d]
WHERE [d].[IsActive] = CAST(1 AS bit)
ORDER BY [d].[SortOrder]
2026-05-18 20:49:16.448 +08:00 [WRN] Entity 'Patient' has a global query filter defined and is the required end of a relationship with the entity 'Appointment'. This may lead to unexpected results when the required entity is filtered out. Either configure the navigation as optional, or define matching query filters for both entities in the navigation. See https://go.microsoft.com/fwlink/?linkid=2131316 for more information.
2026-05-18 20:49:16.492 +08:00 [WRN] Entity 'Patient' has a global query filter defined and is the required end of a relationship with the entity 'FamilyMember'. This may lead to unexpected results when the required entity is filtered out. Either configure the navigation as optional, or define matching query filters for both entities in the navigation. See https://go.microsoft.com/fwlink/?linkid=2131316 for more information.
2026-05-18 20:49:16.493 +08:00 [WRN] Entity 'Patient' has a global query filter defined and is the required end of a relationship with the entity 'MedicalRecord'. This may lead to unexpected results when the required entity is filtered out. Either configure the navigation as optional, or define matching query filters for both entities in the navigation. See https://go.microsoft.com/fwlink/?linkid=2131316 for more information.
2026-05-18 20:49:16.495 +08:00 [WRN] Entity 'Patient' has a global query filter defined and is the required end of a relationship with the entity 'Payment'. This may lead to unexpected results when the required entity is filtered out. Either configure the navigation as optional, or define matching query filters for both entities in the navigation. See https://go.microsoft.com/fwlink/?linkid=2131316 for more information.
2026-05-18 20:49:16.595 +08:00 [WRN] No store type was specified for the decimal property 'Price' on entity type 'ChargeItem'. This will cause values to be silently truncated if they do not fit in the default precision and scale. Explicitly specify the SQL server column type that can accommodate all the values in 'OnModelCreating' using 'HasColumnType', specify precision and scale using 'HasPrecision', or configure a value converter using 'HasConversion'.
2026-05-18 20:49:16.597 +08:00 [WRN] No store type was specified for the decimal property 'CostPrice' on entity type 'Drug'. This will cause values to be silently truncated if they do not fit in the default precision and scale. Explicitly specify the SQL server column type that can accommodate all the values in 'OnModelCreating' using 'HasColumnType', specify precision and scale using 'HasPrecision', or configure a value converter using 'HasConversion'.
2026-05-18 20:49:16.598 +08:00 [WRN] No store type was specified for the decimal property 'Price' on entity type 'Drug'. This will cause values to be silently truncated if they do not fit in the default precision and scale. Explicitly specify the SQL server column type that can accommodate all the values in 'OnModelCreating' using 'HasColumnType', specify precision and scale using 'HasPrecision', or configure a value converter using 'HasConversion'.
2026-05-18 20:49:16.599 +08:00 [WRN] No store type was specified for the decimal property 'ActualAmount' on entity type 'Payment'. This will cause values to be silently truncated if they do not fit in the default precision and scale. Explicitly specify the SQL server column type that can accommodate all the values in 'OnModelCreating' using 'HasColumnType', specify precision and scale using 'HasPrecision', or configure a value converter using 'HasConversion'.
2026-05-18 20:49:16.601 +08:00 [WRN] No store type was specified for the decimal property 'DiscountAmount' on entity type 'Payment'. This will cause values to be silently truncated if they do not fit in the default precision and scale. Explicitly specify the SQL server column type that can accommodate all the values in 'OnModelCreating' using 'HasColumnType', specify precision and scale using 'HasPrecision', or configure a value converter using 'HasConversion'.
2026-05-18 20:49:16.602 +08:00 [WRN] No store type was specified for the decimal property 'TotalAmount' on entity type 'Payment'. This will cause values to be silently truncated if they do not fit in the default precision and scale. Explicitly specify the SQL server column type that can accommodate all the values in 'OnModelCreating' using 'HasColumnType', specify precision and scale using 'HasPrecision', or configure a value converter using 'HasConversion'.
2026-05-18 20:49:16.604 +08:00 [WRN] No store type was specified for the decimal property 'SubTotal' on entity type 'PaymentItem'. This will cause values to be silently truncated if they do not fit in the default precision and scale. Explicitly specify the SQL server column type that can accommodate all the values in 'OnModelCreating' using 'HasColumnType', specify precision and scale using 'HasPrecision', or configure a value converter using 'HasConversion'.
2026-05-18 20:49:16.605 +08:00 [WRN] No store type was specified for the decimal property 'UnitPrice' on entity type 'PaymentItem'. This will cause values to be silently truncated if they do not fit in the default precision and scale. Explicitly specify the SQL server column type that can accommodate all the values in 'OnModelCreating' using 'HasColumnType', specify precision and scale using 'HasPrecision', or configure a value converter using 'HasConversion'.
2026-05-18 20:49:16.607 +08:00 [WRN] No store type was specified for the decimal property 'TotalAmount' on entity type 'Prescription'. This will cause values to be silently truncated if they do not fit in the default precision and scale. Explicitly specify the SQL server column type that can accommodate all the values in 'OnModelCreating' using 'HasColumnType', specify precision and scale using 'HasPrecision', or configure a value converter using 'HasConversion'.
2026-05-18 20:49:16.609 +08:00 [WRN] No store type was specified for the decimal property 'Quantity' on entity type 'PrescriptionItem'. This will cause values to be silently truncated if they do not fit in the default precision and scale. Explicitly specify the SQL server column type that can accommodate all the values in 'OnModelCreating' using 'HasColumnType', specify precision and scale using 'HasPrecision', or configure a value converter using 'HasConversion'.
2026-05-18 20:49:16.611 +08:00 [WRN] No store type was specified for the decimal property 'SubTotal' on entity type 'PrescriptionItem'. This will cause values to be silently truncated if they do not fit in the default precision and scale. Explicitly specify the SQL server column type that can accommodate all the values in 'OnModelCreating' using 'HasColumnType', specify precision and scale using 'HasPrecision', or configure a value converter using 'HasConversion'.
2026-05-18 20:49:16.613 +08:00 [WRN] No store type was specified for the decimal property 'UnitPrice' on entity type 'PrescriptionItem'. This will cause values to be silently truncated if they do not fit in the default precision and scale. Explicitly specify the SQL server column type that can accommodate all the values in 'OnModelCreating' using 'HasColumnType', specify precision and scale using 'HasPrecision', or configure a value converter using 'HasConversion'.
2026-05-18 20:49:16.623 +08:00 [WRN] No store type was specified for the decimal property 'ConsultationFee' on entity type 'User'. This will cause values to be silently truncated if they do not fit in the default precision and scale. Explicitly specify the SQL server column type that can accommodate all the values in 'OnModelCreating' using 'HasColumnType', specify precision and scale using 'HasPrecision', or configure a value converter using 'HasConversion'.
2026-05-18 20:49:17.071 +08:00 [INF] Executed DbCommand (15ms) [Parameters=[], CommandType='"Text"', CommandTimeout='30']
SELECT 1
2026-05-18 20:49:17.100 +08:00 [INF] Executed DbCommand (14ms) [Parameters=[], CommandType='"Text"', CommandTimeout='30']
SELECT OBJECT_ID(N'[__EFMigrationsHistory]');
2026-05-18 20:49:17.105 +08:00 [INF] Executed DbCommand (1ms) [Parameters=[], CommandType='"Text"', CommandTimeout='30']
SELECT 1
2026-05-18 20:49:17.109 +08:00 [INF] Executed DbCommand (0ms) [Parameters=[], CommandType='"Text"', CommandTimeout='30']
SELECT OBJECT_ID(N'[__EFMigrationsHistory]');
2026-05-18 20:49:17.128 +08:00 [INF] Executed DbCommand (1ms) [Parameters=[], CommandType='"Text"', CommandTimeout='30']
SELECT [MigrationId], [ProductVersion]
FROM [__EFMigrationsHistory]
ORDER BY [MigrationId];
2026-05-18 20:49:17.149 +08:00 [INF] No migrations were applied. The database is already up to date.
2026-05-18 20:49:17.298 +08:00 [INF] Now listening on: https://localhost:4887
2026-05-18 20:49:17.299 +08:00 [INF] Now listening on: http://localhost:4888
2026-05-18 20:49:17.302 +08:00 [INF] Application started. Press Ctrl+C to shut down.
2026-05-18 20:49:17.303 +08:00 [INF] Hosting environment: Development
2026-05-18 20:49:17.304 +08:00 [INF] Content root path: D:\ClinicSystem\src\ClinicSystem.Api
2026-05-18 20:50:37.672 +08:00 [INF] Executed DbCommand (18ms) [Parameters=[@__today_0='?' (DbType = DateTime2), @__tomorrow_1='?' (DbType = DateTime2)], CommandType='"Text"', CommandTimeout='30']
SELECT COUNT(*)
FROM [Appointments] AS [a]
WHERE [a].[AppointmentDate] >= @__today_0 AND [a].[AppointmentDate] < @__tomorrow_1
2026-05-18 20:50:37.690 +08:00 [INF] Executed DbCommand (2ms) [Parameters=[@__today_0='?' (DbType = DateTime2), @__tomorrow_1='?' (DbType = DateTime2)], CommandType='"Text"', CommandTimeout='30']
SELECT COUNT(*)
FROM [MedicalRecords] AS [m]
WHERE [m].[VisitDate] >= @__today_0 AND [m].[VisitDate] < @__tomorrow_1
2026-05-18 20:50:37.707 +08:00 [INF] Executed DbCommand (2ms) [Parameters=[@__today_0='?' (DbType = DateTime2), @__tomorrow_1='?' (DbType = DateTime2)], CommandType='"Text"', CommandTimeout='30']
SELECT COALESCE(SUM([p].[ActualAmount]), 0.0)
FROM [Payments] AS [p]
WHERE [p].[CreatedAt] >= @__today_0 AND [p].[CreatedAt] < @__tomorrow_1 AND [p].[Status] = N'已支付'
2026-05-18 20:50:37.716 +08:00 [INF] Executed DbCommand (1ms) [Parameters=[@__today_0='?' (DbType = DateTime2), @__tomorrow_1='?' (DbType = DateTime2)], CommandType='"Text"', CommandTimeout='30']
SELECT COUNT(*)
FROM [Appointments] AS [a]
WHERE [a].[AppointmentDate] >= @__today_0 AND [a].[AppointmentDate] < @__tomorrow_1 AND [a].[Status] = 1
2026-05-18 20:50:41.759 +08:00 [INF] Executed DbCommand (1ms) [Parameters=[], CommandType='"Text"', CommandTimeout='30']
SELECT COUNT(*)
FROM [Appointments] AS [a]
2026-05-18 20:50:41.766 +08:00 [INF] Executed DbCommand (2ms) [Parameters=[], CommandType='"Text"', CommandTimeout='30']
SELECT [d].[Id], [d].[Name], [d].[Description], [d].[SortOrder]
FROM [Departments] AS [d]
WHERE [d].[IsActive] = CAST(1 AS bit)
ORDER BY [d].[SortOrder]
2026-05-18 20:50:41.808 +08:00 [INF] Executed DbCommand (6ms) [Parameters=[@__p_0='?' (DbType = Int32), @__p_1='?' (DbType = Int32)], CommandType='"Text"', CommandTimeout='30']
SELECT [t].[Id], [t].[AppointmentNo], [t].[AppointmentDate], [t].[TimeSlot], [t].[QueueNumber], [t].[Status], [t].[Source], [t].[Remark], [t].[CreatedAt], [t].[PatientId], [t0].[Name] AS [PatientName], [t0].[Phone] AS [PatientPhone], [t0].[Gender] AS [PatientGender], [t].[DoctorId], [u].[DisplayName] AS [DoctorName], [u].[Title] AS [DoctorTitle], [t].[DepartmentId], [d].[Name] AS [DepartmentName]
FROM (
    SELECT [a].[Id], [a].[AppointmentDate], [a].[AppointmentNo], [a].[CreatedAt], [a].[DepartmentId], [a].[DoctorId], [a].[PatientId], [a].[QueueNumber], [a].[Remark], [a].[Source], [a].[Status], [a].[TimeSlot]
    FROM [Appointments] AS [a]
    ORDER BY [a].[CreatedAt] DESC
    OFFSET @__p_0 ROWS FETCH NEXT @__p_1 ROWS ONLY
) AS [t]
INNER JOIN (
    SELECT [p].[Id], [p].[Gender], [p].[Name], [p].[Phone]
    FROM [Patients] AS [p]
    WHERE [p].[IsDeleted] = CAST(0 AS bit)
) AS [t0] ON [t].[PatientId] = [t0].[Id]
INNER JOIN [Users] AS [u] ON [t].[DoctorId] = [u].[Id]
LEFT JOIN [Departments] AS [d] ON [t].[DepartmentId] = [d].[Id]
ORDER BY [t].[CreatedAt] DESC
2026-05-18 20:50:41.813 +08:00 [INF] Executed DbCommand (4ms) [Parameters=[@__queryDate_0='?' (DbType = DateTime2), @__nextDay_1='?' (DbType = DateTime2)], CommandType='"Text"', CommandTimeout='30']
SELECT [a].[Id], [a].[AppointmentNo], [a].[TimeSlot], [a].[QueueNumber], [a].[Status], [t].[Name] AS [PatientName], [u].[DisplayName] AS [DoctorName], [d].[Name] AS [DepartmentName]
FROM [Appointments] AS [a]
INNER JOIN (
    SELECT [p].[Id], [p].[Name]
    FROM [Patients] AS [p]
    WHERE [p].[IsDeleted] = CAST(0 AS bit)
) AS [t] ON [a].[PatientId] = [t].[Id]
INNER JOIN [Users] AS [u] ON [a].[DoctorId] = [u].[Id]
LEFT JOIN [Departments] AS [d] ON [a].[DepartmentId] = [d].[Id]
WHERE [a].[AppointmentDate] >= @__queryDate_0 AND [a].[AppointmentDate] < @__nextDay_1
ORDER BY [a].[TimeSlot], [a].[QueueNumber]
2026-05-18 20:50:48.312 +08:00 [INF] Executed DbCommand (0ms) [Parameters=[], CommandType='"Text"', CommandTimeout='30']
SELECT COUNT(*)
FROM [Appointments] AS [a]
2026-05-18 20:50:48.318 +08:00 [INF] Executed DbCommand (0ms) [Parameters=[@__p_0='?' (DbType = Int32), @__p_1='?' (DbType = Int32)], CommandType='"Text"', CommandTimeout='30']
SELECT [t].[Id], [t].[AppointmentNo], [t].[AppointmentDate], [t].[TimeSlot], [t].[QueueNumber], [t].[Status], [t].[Source], [t].[Remark], [t].[CreatedAt], [t].[PatientId], [t0].[Name] AS [PatientName], [t0].[Phone] AS [PatientPhone], [t0].[Gender] AS [PatientGender], [t].[DoctorId], [u].[DisplayName] AS [DoctorName], [u].[Title] AS [DoctorTitle], [t].[DepartmentId], [d].[Name] AS [DepartmentName]
FROM (
    SELECT [a].[Id], [a].[AppointmentDate], [a].[AppointmentNo], [a].[CreatedAt], [a].[DepartmentId], [a].[DoctorId], [a].[PatientId], [a].[QueueNumber], [a].[Remark], [a].[Source], [a].[Status], [a].[TimeSlot]
    FROM [Appointments] AS [a]
    ORDER BY [a].[CreatedAt] DESC
    OFFSET @__p_0 ROWS FETCH NEXT @__p_1 ROWS ONLY
) AS [t]
INNER JOIN (
    SELECT [p].[Id], [p].[Gender], [p].[Name], [p].[Phone]
    FROM [Patients] AS [p]
    WHERE [p].[IsDeleted] = CAST(0 AS bit)
) AS [t0] ON [t].[PatientId] = [t0].[Id]
INNER JOIN [Users] AS [u] ON [t].[DoctorId] = [u].[Id]
LEFT JOIN [Departments] AS [d] ON [t].[DepartmentId] = [d].[Id]
ORDER BY [t].[CreatedAt] DESC
2026-05-18 20:50:49.894 +08:00 [INF] Executed DbCommand (1ms) [Parameters=[], CommandType='"Text"', CommandTimeout='30']
SELECT COUNT(*)
FROM [Patients] AS [p]
WHERE [p].[IsDeleted] = CAST(0 AS bit)
2026-05-18 20:50:49.904 +08:00 [INF] Executed DbCommand (2ms) [Parameters=[@__p_0='?' (DbType = Int32), @__p_1='?' (DbType = Int32)], CommandType='"Text"', CommandTimeout='30']
SELECT [p].[Id], [p].[Name], [p].[Gender], [p].[DateOfBirth], [p].[Phone], [p].[IdCard], [p].[Address], [p].[Allergies], [p].[MedicalHistory], [p].[CreatedAt]
FROM [Patients] AS [p]
WHERE [p].[IsDeleted] = CAST(0 AS bit)
ORDER BY [p].[CreatedAt] DESC
OFFSET @__p_0 ROWS FETCH NEXT @__p_1 ROWS ONLY
2026-05-18 20:50:51.381 +08:00 [INF] Executed DbCommand (0ms) [Parameters=[], CommandType='"Text"', CommandTimeout='30']
SELECT COUNT(*)
FROM [Patients] AS [p]
WHERE [p].[IsDeleted] = CAST(0 AS bit)
2026-05-18 20:50:51.385 +08:00 [INF] Executed DbCommand (0ms) [Parameters=[@__p_0='?' (DbType = Int32), @__p_1='?' (DbType = Int32)], CommandType='"Text"', CommandTimeout='30']
SELECT [p].[Id], [p].[Name], [p].[Gender], [p].[DateOfBirth], [p].[Phone], [p].[IdCard], [p].[Address], [p].[Allergies], [p].[MedicalHistory], [p].[CreatedAt]
FROM [Patients] AS [p]
WHERE [p].[IsDeleted] = CAST(0 AS bit)
ORDER BY [p].[CreatedAt] DESC
OFFSET @__p_0 ROWS FETCH NEXT @__p_1 ROWS ONLY
2026-05-18 20:51:34.284 +08:00 [INF] Executed DbCommand (3ms) [Parameters=[@p0='?' (Size = 200), @p1='?' (Size = 500), @p2='?' (DbType = DateTime2), @p3='?' (DbType = DateTime2), @p4='?' (Size = 4000), @p5='?' (Size = 18), @p6='?' (DbType = Boolean), @p7='?' (Size = 1000), @p8='?' (Size = 50), @p9='?' (Size = 50), @p10='?' (Size = 20), @p11='?' (Size = 500), @p12='?' (DbType = DateTime2)], CommandType='"Text"', CommandTimeout='30']
SET IMPLICIT_TRANSACTIONS OFF;
SET NOCOUNT ON;
INSERT INTO [Patients] ([Address], [Allergies], [CreatedAt], [DateOfBirth], [Gender], [IdCard], [IsDeleted], [MedicalHistory], [MedicalInsuranceNo], [Name], [Phone], [Remark], [UpdatedAt])
OUTPUT INSERTED.[Id]
VALUES (@p0, @p1, @p2, @p3, @p4, @p5, @p6, @p7, @p8, @p9, @p10, @p11, @p12);
2026-05-18 20:51:34.388 +08:00 [INF] Executed DbCommand (2ms) [Parameters=[], CommandType='"Text"', CommandTimeout='30']
SELECT COUNT(*)
FROM [Patients] AS [p]
WHERE [p].[IsDeleted] = CAST(0 AS bit)
2026-05-18 20:51:34.394 +08:00 [INF] Executed DbCommand (2ms) [Parameters=[@__p_0='?' (DbType = Int32), @__p_1='?' (DbType = Int32)], CommandType='"Text"', CommandTimeout='30']
SELECT [p].[Id], [p].[Name], [p].[Gender], [p].[DateOfBirth], [p].[Phone], [p].[IdCard], [p].[Address], [p].[Allergies], [p].[MedicalHistory], [p].[CreatedAt]
FROM [Patients] AS [p]
WHERE [p].[IsDeleted] = CAST(0 AS bit)
ORDER BY [p].[CreatedAt] DESC
OFFSET @__p_0 ROWS FETCH NEXT @__p_1 ROWS ONLY
2026-05-18 20:51:38.252 +08:00 [ERR] Failed executing DbCommand (3ms) [Parameters=[@__patientId_0='?' (DbType = Int32)], CommandType='"Text"', CommandTimeout='30']
SELECT [f].[Id], [f].[CreatedAt], [f].[IdCard], [f].[Name], [f].[PatientId], [f].[Phone], [f].[Relationship]
FROM [FamilyMembers] AS [f]
WHERE [f].[PatientId] = @__patientId_0
ORDER BY [f].[CreatedAt]
2026-05-18 20:51:38.267 +08:00 [ERR] An exception occurred while iterating over the results of a query for context type 'ClinicSystem.Infrastructure.Data.AppDbContext'.
Microsoft.Data.SqlClient.SqlException (0x80131904): 对象名 'FamilyMembers' 无效。
   at Microsoft.Data.SqlClient.SqlCommand.<>c.<ExecuteDbDataReaderAsync>b__209_0(Task`1 result)
   at System.Threading.Tasks.ContinuationResultTaskFromResultTask`2.InnerInvoke()
   at System.Threading.ExecutionContext.RunInternal(ExecutionContext executionContext, ContextCallback callback, Object state)
--- End of stack trace from previous location ---
   at System.Threading.ExecutionContext.RunInternal(ExecutionContext executionContext, ContextCallback callback, Object state)
   at System.Threading.Tasks.Task.ExecuteWithThreadLocal(Task& currentTaskSlot, Thread threadPoolThread)
--- End of stack trace from previous location ---
   at Microsoft.EntityFrameworkCore.Storage.RelationalCommand.ExecuteReaderAsync(RelationalCommandParameterObject parameterObject, CancellationToken cancellationToken)
   at Microsoft.EntityFrameworkCore.Storage.RelationalCommand.ExecuteReaderAsync(RelationalCommandParameterObject parameterObject, CancellationToken cancellationToken)
   at Microsoft.EntityFrameworkCore.Query.Internal.SingleQueryingEnumerable`1.AsyncEnumerator.InitializeReaderAsync(AsyncEnumerator enumerator, CancellationToken cancellationToken)
   at Microsoft.EntityFrameworkCore.SqlServer.Storage.Internal.SqlServerExecutionStrategy.ExecuteAsync[TState,TResult](TState state, Func`4 operation, Func`4 verifySucceeded, CancellationToken cancellationToken)
   at Microsoft.EntityFrameworkCore.Query.Internal.SingleQueryingEnumerable`1.AsyncEnumerator.MoveNextAsync()
ClientConnectionId:73b8c311-5467-4012-8e85-21328b58ac4b
Error Number:208,State:1,Class:16
Microsoft.Data.SqlClient.SqlException (0x80131904): 对象名 'FamilyMembers' 无效。
   at Microsoft.Data.SqlClient.SqlCommand.<>c.<ExecuteDbDataReaderAsync>b__209_0(Task`1 result)
   at System.Threading.Tasks.ContinuationResultTaskFromResultTask`2.InnerInvoke()
   at System.Threading.ExecutionContext.RunInternal(ExecutionContext executionContext, ContextCallback callback, Object state)
--- End of stack trace from previous location ---
   at System.Threading.ExecutionContext.RunInternal(ExecutionContext executionContext, ContextCallback callback, Object state)
   at System.Threading.Tasks.Task.ExecuteWithThreadLocal(Task& currentTaskSlot, Thread threadPoolThread)
--- End of stack trace from previous location ---
   at Microsoft.EntityFrameworkCore.Storage.RelationalCommand.ExecuteReaderAsync(RelationalCommandParameterObject parameterObject, CancellationToken cancellationToken)
   at Microsoft.EntityFrameworkCore.Storage.RelationalCommand.ExecuteReaderAsync(RelationalCommandParameterObject parameterObject, CancellationToken cancellationToken)
   at Microsoft.EntityFrameworkCore.Query.Internal.SingleQueryingEnumerable`1.AsyncEnumerator.InitializeReaderAsync(AsyncEnumerator enumerator, CancellationToken cancellationToken)
   at Microsoft.EntityFrameworkCore.SqlServer.Storage.Internal.SqlServerExecutionStrategy.ExecuteAsync[TState,TResult](TState state, Func`4 operation, Func`4 verifySucceeded, CancellationToken cancellationToken)
   at Microsoft.EntityFrameworkCore.Query.Internal.SingleQueryingEnumerable`1.AsyncEnumerator.MoveNextAsync()
ClientConnectionId:73b8c311-5467-4012-8e85-21328b58ac4b
Error Number:208,State:1,Class:16
2026-05-18 20:51:38.278 +08:00 [ERR] An unhandled exception has occurred while executing the request.
Microsoft.Data.SqlClient.SqlException (0x80131904): 对象名 'FamilyMembers' 无效。
   at Microsoft.Data.SqlClient.SqlCommand.<>c.<ExecuteDbDataReaderAsync>b__209_0(Task`1 result)
   at System.Threading.Tasks.ContinuationResultTaskFromResultTask`2.InnerInvoke()
   at System.Threading.ExecutionContext.RunInternal(ExecutionContext executionContext, ContextCallback callback, Object state)
--- End of stack trace from previous location ---
   at System.Threading.ExecutionContext.RunInternal(ExecutionContext executionContext, ContextCallback callback, Object state)
   at System.Threading.Tasks.Task.ExecuteWithThreadLocal(Task& currentTaskSlot, Thread threadPoolThread)
--- End of stack trace from previous location ---
   at Microsoft.EntityFrameworkCore.Storage.RelationalCommand.ExecuteReaderAsync(RelationalCommandParameterObject parameterObject, CancellationToken cancellationToken)
   at Microsoft.EntityFrameworkCore.Storage.RelationalCommand.ExecuteReaderAsync(RelationalCommandParameterObject parameterObject, CancellationToken cancellationToken)
   at Microsoft.EntityFrameworkCore.Query.Internal.SingleQueryingEnumerable`1.AsyncEnumerator.InitializeReaderAsync(AsyncEnumerator enumerator, CancellationToken cancellationToken)
   at Microsoft.EntityFrameworkCore.SqlServer.Storage.Internal.SqlServerExecutionStrategy.ExecuteAsync[TState,TResult](TState state, Func`4 operation, Func`4 verifySucceeded, CancellationToken cancellationToken)
   at Microsoft.EntityFrameworkCore.Query.Internal.SingleQueryingEnumerable`1.AsyncEnumerator.MoveNextAsync()
   at Microsoft.EntityFrameworkCore.EntityFrameworkQueryableExtensions.ToListAsync[TSource](IQueryable`1 source, CancellationToken cancellationToken)
   at Microsoft.EntityFrameworkCore.EntityFrameworkQueryableExtensions.ToListAsync[TSource](IQueryable`1 source, CancellationToken cancellationToken)
   at ClinicSystem.Api.Controllers.PatientsController.GetFamilyMembers(Int32 patientId) in D:\ClinicSystem\src\ClinicSystem.Api\Controllers\PatientsController.cs:line 156
   at lambda_method302(Closure, Object)
   at Microsoft.AspNetCore.Mvc.Infrastructure.ActionMethodExecutor.TaskOfActionResultExecutor.Execute(ActionContext actionContext, IActionResultTypeMapper mapper, ObjectMethodExecutor executor, Object controller, Object[] arguments)
   at Microsoft.AspNetCore.Mvc.Infrastructure.ControllerActionInvoker.<InvokeActionMethodAsync>g__Awaited|12_0(ControllerActionInvoker invoker, ValueTask`1 actionResultValueTask)
   at Microsoft.AspNetCore.Mvc.Infrastructure.ControllerActionInvoker.<InvokeNextActionFilterAsync>g__Awaited|10_0(ControllerActionInvoker invoker, Task lastTask, State next, Scope scope, Object state, Boolean isCompleted)
   at Microsoft.AspNetCore.Mvc.Infrastructure.ControllerActionInvoker.Rethrow(ActionExecutedContextSealed context)
   at Microsoft.AspNetCore.Mvc.Infrastructure.ControllerActionInvoker.Next(State& next, Scope& scope, Object& state, Boolean& isCompleted)
   at Microsoft.AspNetCore.Mvc.Infrastructure.ControllerActionInvoker.<InvokeInnerFilterAsync>g__Awaited|13_0(ControllerActionInvoker invoker, Task lastTask, State next, Scope scope, Object state, Boolean isCompleted)
   at Microsoft.AspNetCore.Mvc.Infrastructure.ResourceInvoker.<InvokeFilterPipelineAsync>g__Awaited|20_0(ResourceInvoker invoker, Task lastTask, State next, Scope scope, Object state, Boolean isCompleted)
   at Microsoft.AspNetCore.Mvc.Infrastructure.ResourceInvoker.<InvokeAsync>g__Awaited|17_0(ResourceInvoker invoker, Task task, IDisposable scope)
   at Microsoft.AspNetCore.Mvc.Infrastructure.ResourceInvoker.<InvokeAsync>g__Awaited|17_0(ResourceInvoker invoker, Task task, IDisposable scope)
   at Microsoft.AspNetCore.Authorization.AuthorizationMiddleware.Invoke(HttpContext context)
   at Microsoft.AspNetCore.Authentication.AuthenticationMiddleware.Invoke(HttpContext context)
   at Swashbuckle.AspNetCore.SwaggerUI.SwaggerUIMiddleware.Invoke(HttpContext httpContext)
   at Swashbuckle.AspNetCore.Swagger.SwaggerMiddleware.Invoke(HttpContext httpContext, ISwaggerProvider swaggerProvider)
   at Microsoft.AspNetCore.Diagnostics.DeveloperExceptionPageMiddlewareImpl.Invoke(HttpContext context)
ClientConnectionId:73b8c311-5467-4012-8e85-21328b58ac4b
Error Number:208,State:1,Class:16
2026-05-18 20:51:59.192 +08:00 [INF] Executed DbCommand (1ms) [Parameters=[], CommandType='"Text"', CommandTimeout='30']
SELECT [d].[Id], [d].[Name], [d].[Description], [d].[SortOrder]
FROM [Departments] AS [d]
WHERE [d].[IsActive] = CAST(1 AS bit)
ORDER BY [d].[SortOrder]
2026-05-18 20:52:10.907 +08:00 [INF] Executed DbCommand (2ms) [Parameters=[@p0='?' (DbType = DateTime2), @p1='?' (Size = 200), @p2='?' (DbType = Boolean), @p3='?' (Size = 50), @p4='?' (DbType = Int32)], CommandType='"Text"', CommandTimeout='30']
SET IMPLICIT_TRANSACTIONS OFF;
SET NOCOUNT ON;
INSERT INTO [Departments] ([CreatedAt], [Description], [IsActive], [Name], [SortOrder])
OUTPUT INSERTED.[Id]
VALUES (@p0, @p1, @p2, @p3, @p4);
2026-05-18 20:52:11.149 +08:00 [INF] Executed DbCommand (3ms) [Parameters=[], CommandType='"Text"', CommandTimeout='30']
SELECT [d].[Id], [d].[Name], [d].[Description], [d].[SortOrder]
FROM [Departments] AS [d]
WHERE [d].[IsActive] = CAST(1 AS bit)
ORDER BY [d].[SortOrder]
2026-05-18 20:52:13.836 +08:00 [INF] Executed DbCommand (0ms) [Parameters=[], CommandType='"Text"', CommandTimeout='30']
SELECT COUNT(*)
FROM [Patients] AS [p]
WHERE [p].[IsDeleted] = CAST(0 AS bit)
2026-05-18 20:52:13.841 +08:00 [INF] Executed DbCommand (0ms) [Parameters=[@__p_0='?' (DbType = Int32), @__p_1='?' (DbType = Int32)], CommandType='"Text"', CommandTimeout='30']
SELECT [p].[Id], [p].[Name], [p].[Gender], [p].[DateOfBirth], [p].[Phone], [p].[IdCard], [p].[Address], [p].[Allergies], [p].[MedicalHistory], [p].[CreatedAt]
FROM [Patients] AS [p]
WHERE [p].[IsDeleted] = CAST(0 AS bit)
ORDER BY [p].[CreatedAt] DESC
OFFSET @__p_0 ROWS FETCH NEXT @__p_1 ROWS ONLY
2026-05-18 20:52:15.458 +08:00 [INF] Executed DbCommand (1ms) [Parameters=[], CommandType='"Text"', CommandTimeout='30']
SELECT [d].[Id], [d].[Name], [d].[Description], [d].[SortOrder]
FROM [Departments] AS [d]
WHERE [d].[IsActive] = CAST(1 AS bit)
ORDER BY [d].[SortOrder]
2026-05-18 20:52:15.459 +08:00 [INF] Executed DbCommand (1ms) [Parameters=[], CommandType='"Text"', CommandTimeout='30']
SELECT COUNT(*)
FROM [Appointments] AS [a]
2026-05-18 20:52:15.469 +08:00 [INF] Executed DbCommand (6ms) [Parameters=[@__queryDate_0='?' (DbType = DateTime2), @__nextDay_1='?' (DbType = DateTime2)], CommandType='"Text"', CommandTimeout='30']
SELECT [a].[Id], [a].[AppointmentNo], [a].[TimeSlot], [a].[QueueNumber], [a].[Status], [t].[Name] AS [PatientName], [u].[DisplayName] AS [DoctorName], [d].[Name] AS [DepartmentName]
FROM [Appointments] AS [a]
INNER JOIN (
    SELECT [p].[Id], [p].[Name]
    FROM [Patients] AS [p]
    WHERE [p].[IsDeleted] = CAST(0 AS bit)
) AS [t] ON [a].[PatientId] = [t].[Id]
INNER JOIN [Users] AS [u] ON [a].[DoctorId] = [u].[Id]
LEFT JOIN [Departments] AS [d] ON [a].[DepartmentId] = [d].[Id]
WHERE [a].[AppointmentDate] >= @__queryDate_0 AND [a].[AppointmentDate] < @__nextDay_1
ORDER BY [a].[TimeSlot], [a].[QueueNumber]
2026-05-18 20:52:15.471 +08:00 [INF] Executed DbCommand (4ms) [Parameters=[@__p_0='?' (DbType = Int32), @__p_1='?' (DbType = Int32)], CommandType='"Text"', CommandTimeout='30']
SELECT [t].[Id], [t].[AppointmentNo], [t].[AppointmentDate], [t].[TimeSlot], [t].[QueueNumber], [t].[Status], [t].[Source], [t].[Remark], [t].[CreatedAt], [t].[PatientId], [t0].[Name] AS [PatientName], [t0].[Phone] AS [PatientPhone], [t0].[Gender] AS [PatientGender], [t].[DoctorId], [u].[DisplayName] AS [DoctorName], [u].[Title] AS [DoctorTitle], [t].[DepartmentId], [d].[Name] AS [DepartmentName]
FROM (
    SELECT [a].[Id], [a].[AppointmentDate], [a].[AppointmentNo], [a].[CreatedAt], [a].[DepartmentId], [a].[DoctorId], [a].[PatientId], [a].[QueueNumber], [a].[Remark], [a].[Source], [a].[Status], [a].[TimeSlot]
    FROM [Appointments] AS [a]
    ORDER BY [a].[CreatedAt] DESC
    OFFSET @__p_0 ROWS FETCH NEXT @__p_1 ROWS ONLY
) AS [t]
INNER JOIN (
    SELECT [p].[Id], [p].[Gender], [p].[Name], [p].[Phone]
    FROM [Patients] AS [p]
    WHERE [p].[IsDeleted] = CAST(0 AS bit)
) AS [t0] ON [t].[PatientId] = [t0].[Id]
INNER JOIN [Users] AS [u] ON [t].[DoctorId] = [u].[Id]
LEFT JOIN [Departments] AS [d] ON [t].[DepartmentId] = [d].[Id]
ORDER BY [t].[CreatedAt] DESC
2026-05-18 20:52:18.689 +08:00 [INF] Executed DbCommand (0ms) [Parameters=[], CommandType='"Text"', CommandTimeout='30']
SELECT COUNT(*)
FROM [Appointments] AS [a]
2026-05-18 20:52:18.693 +08:00 [INF] Executed DbCommand (0ms) [Parameters=[@__p_0='?' (DbType = Int32), @__p_1='?' (DbType = Int32)], CommandType='"Text"', CommandTimeout='30']
SELECT [t].[Id], [t].[AppointmentNo], [t].[AppointmentDate], [t].[TimeSlot], [t].[QueueNumber], [t].[Status], [t].[Source], [t].[Remark], [t].[CreatedAt], [t].[PatientId], [t0].[Name] AS [PatientName], [t0].[Phone] AS [PatientPhone], [t0].[Gender] AS [PatientGender], [t].[DoctorId], [u].[DisplayName] AS [DoctorName], [u].[Title] AS [DoctorTitle], [t].[DepartmentId], [d].[Name] AS [DepartmentName]
FROM (
    SELECT [a].[Id], [a].[AppointmentDate], [a].[AppointmentNo], [a].[CreatedAt], [a].[DepartmentId], [a].[DoctorId], [a].[PatientId], [a].[QueueNumber], [a].[Remark], [a].[Source], [a].[Status], [a].[TimeSlot]
    FROM [Appointments] AS [a]
    ORDER BY [a].[CreatedAt] DESC
    OFFSET @__p_0 ROWS FETCH NEXT @__p_1 ROWS ONLY
) AS [t]
INNER JOIN (
    SELECT [p].[Id], [p].[Gender], [p].[Name], [p].[Phone]
    FROM [Patients] AS [p]
    WHERE [p].[IsDeleted] = CAST(0 AS bit)
) AS [t0] ON [t].[PatientId] = [t0].[Id]
INNER JOIN [Users] AS [u] ON [t].[DoctorId] = [u].[Id]
LEFT JOIN [Departments] AS [d] ON [t].[DepartmentId] = [d].[Id]
ORDER BY [t].[CreatedAt] DESC
2026-05-18 20:52:22.121 +08:00 [INF] Executed DbCommand (0ms) [Parameters=[], CommandType='"Text"', CommandTimeout='30']
SELECT COUNT(*)
FROM [Patients] AS [p]
WHERE [p].[IsDeleted] = CAST(0 AS bit)
2026-05-18 20:52:22.125 +08:00 [INF] Executed DbCommand (0ms) [Parameters=[@__p_0='?' (DbType = Int32), @__p_1='?' (DbType = Int32)], CommandType='"Text"', CommandTimeout='30']
SELECT [p].[Id], [p].[Name], [p].[Gender], [p].[DateOfBirth], [p].[Phone], [p].[IdCard], [p].[Address], [p].[Allergies], [p].[MedicalHistory], [p].[CreatedAt]
FROM [Patients] AS [p]
WHERE [p].[IsDeleted] = CAST(0 AS bit)
ORDER BY [p].[CreatedAt] DESC
OFFSET @__p_0 ROWS FETCH NEXT @__p_1 ROWS ONLY
2026-05-18 20:52:34.270 +08:00 [INF] Executed DbCommand (1ms) [Parameters=[], CommandType='"Text"', CommandTimeout='30']
SELECT COUNT(*)
FROM [Users] AS [u]
2026-05-18 20:52:34.288 +08:00 [INF] Executed DbCommand (3ms) [Parameters=[@__p_0='?' (DbType = Int32), @__p_1='?' (DbType = Int32)], CommandType='"Text"', CommandTimeout='30']
SELECT [t].[Id], [t].[Username], [t].[DisplayName], [t].[Phone], [t].[Role], [d].[Name], [t].[IsActive], [t].[Title], [t].[LastLoginAt], [t].[CreatedAt]
FROM (
    SELECT [u].[Id], [u].[CreatedAt], [u].[DepartmentId], [u].[DisplayName], [u].[IsActive], [u].[LastLoginAt], [u].[Phone], [u].[Role], [u].[Title], [u].[Username]
    FROM [Users] AS [u]
    ORDER BY [u].[Id]
    OFFSET @__p_0 ROWS FETCH NEXT @__p_1 ROWS ONLY
) AS [t]
LEFT JOIN [Departments] AS [d] ON [t].[DepartmentId] = [d].[Id]
ORDER BY [t].[Id]
2026-05-18 20:52:34.572 +08:00 [INF] Executed DbCommand (2ms) [Parameters=[], CommandType='"Text"', CommandTimeout='30']
SELECT [d].[Id], [d].[Name], [d].[Description], [d].[SortOrder]
FROM [Departments] AS [d]
WHERE [d].[IsActive] = CAST(1 AS bit)
ORDER BY [d].[SortOrder]
2026-05-18 20:52:37.507 +08:00 [INF] Executed DbCommand (2ms) [Parameters=[], CommandType='"Text"', CommandTimeout='30']
SELECT COUNT(*)
FROM [Appointments] AS [a]
2026-05-18 20:52:37.507 +08:00 [INF] Executed DbCommand (2ms) [Parameters=[], CommandType='"Text"', CommandTimeout='30']
SELECT [d].[Id], [d].[Name], [d].[Description], [d].[SortOrder]
FROM [Departments] AS [d]
WHERE [d].[IsActive] = CAST(1 AS bit)
ORDER BY [d].[SortOrder]
2026-05-18 20:52:37.510 +08:00 [INF] Executed DbCommand (5ms) [Parameters=[@__queryDate_0='?' (DbType = DateTime2), @__nextDay_1='?' (DbType = DateTime2)], CommandType='"Text"', CommandTimeout='30']
SELECT [a].[Id], [a].[AppointmentNo], [a].[TimeSlot], [a].[QueueNumber], [a].[Status], [t].[Name] AS [PatientName], [u].[DisplayName] AS [DoctorName], [d].[Name] AS [DepartmentName]
FROM [Appointments] AS [a]
INNER JOIN (
    SELECT [p].[Id], [p].[Name]
    FROM [Patients] AS [p]
    WHERE [p].[IsDeleted] = CAST(0 AS bit)
) AS [t] ON [a].[PatientId] = [t].[Id]
INNER JOIN [Users] AS [u] ON [a].[DoctorId] = [u].[Id]
LEFT JOIN [Departments] AS [d] ON [a].[DepartmentId] = [d].[Id]
WHERE [a].[AppointmentDate] >= @__queryDate_0 AND [a].[AppointmentDate] < @__nextDay_1
ORDER BY [a].[TimeSlot], [a].[QueueNumber]
2026-05-18 20:52:37.515 +08:00 [INF] Executed DbCommand (4ms) [Parameters=[@__p_0='?' (DbType = Int32), @__p_1='?' (DbType = Int32)], CommandType='"Text"', CommandTimeout='30']
SELECT [t].[Id], [t].[AppointmentNo], [t].[AppointmentDate], [t].[TimeSlot], [t].[QueueNumber], [t].[Status], [t].[Source], [t].[Remark], [t].[CreatedAt], [t].[PatientId], [t0].[Name] AS [PatientName], [t0].[Phone] AS [PatientPhone], [t0].[Gender] AS [PatientGender], [t].[DoctorId], [u].[DisplayName] AS [DoctorName], [u].[Title] AS [DoctorTitle], [t].[DepartmentId], [d].[Name] AS [DepartmentName]
FROM (
    SELECT [a].[Id], [a].[AppointmentDate], [a].[AppointmentNo], [a].[CreatedAt], [a].[DepartmentId], [a].[DoctorId], [a].[PatientId], [a].[QueueNumber], [a].[Remark], [a].[Source], [a].[Status], [a].[TimeSlot]
    FROM [Appointments] AS [a]
    ORDER BY [a].[CreatedAt] DESC
    OFFSET @__p_0 ROWS FETCH NEXT @__p_1 ROWS ONLY
) AS [t]
INNER JOIN (
    SELECT [p].[Id], [p].[Gender], [p].[Name], [p].[Phone]
    FROM [Patients] AS [p]
    WHERE [p].[IsDeleted] = CAST(0 AS bit)
) AS [t0] ON [t].[PatientId] = [t0].[Id]
INNER JOIN [Users] AS [u] ON [t].[DoctorId] = [u].[Id]
LEFT JOIN [Departments] AS [d] ON [t].[DepartmentId] = [d].[Id]
ORDER BY [t].[CreatedAt] DESC
2026-05-18 20:52:40.426 +08:00 [INF] Executed DbCommand (1ms) [Parameters=[], CommandType='"Text"', CommandTimeout='30']
SELECT COUNT(*)
FROM [Patients] AS [p]
WHERE [p].[IsDeleted] = CAST(0 AS bit)
2026-05-18 20:52:40.431 +08:00 [INF] Executed DbCommand (1ms) [Parameters=[@__p_0='?' (DbType = Int32), @__p_1='?' (DbType = Int32)], CommandType='"Text"', CommandTimeout='30']
SELECT [p].[Id], [p].[Name], [p].[Gender], [p].[DateOfBirth], [p].[Phone], [p].[IdCard], [p].[Address], [p].[Allergies], [p].[MedicalHistory], [p].[CreatedAt]
FROM [Patients] AS [p]
WHERE [p].[IsDeleted] = CAST(0 AS bit)
ORDER BY [p].[CreatedAt] DESC
OFFSET @__p_0 ROWS FETCH NEXT @__p_1 ROWS ONLY
2026-05-18 20:52:41.577 +08:00 [INF] Executed DbCommand (1ms) [Parameters=[], CommandType='"Text"', CommandTimeout='30']
SELECT [d].[Id], [d].[Name], [d].[Description], [d].[SortOrder]
FROM [Departments] AS [d]
WHERE [d].[IsActive] = CAST(1 AS bit)
ORDER BY [d].[SortOrder]
2026-05-18 20:52:47.298 +08:00 [INF] Executed DbCommand (1ms) [Parameters=[], CommandType='"Text"', CommandTimeout='30']
SELECT COUNT(*)
FROM [ChargeItems] AS [c]
2026-05-18 20:52:47.306 +08:00 [INF] Executed DbCommand (1ms) [Parameters=[@__p_0='?' (DbType = Int32), @__p_1='?' (DbType = Int32)], CommandType='"Text"', CommandTimeout='30']
SELECT [c].[Id], [c].[Category], [c].[Code], [c].[CreatedAt], [c].[IsActive], [c].[Name], [c].[Price], [c].[Remark], [c].[Unit]
FROM [ChargeItems] AS [c]
ORDER BY [c].[CreatedAt] DESC
OFFSET @__p_0 ROWS FETCH NEXT @__p_1 ROWS ONLY
2026-05-18 20:52:49.583 +08:00 [INF] Executed DbCommand (1ms) [Parameters=[], CommandType='"Text"', CommandTimeout='30']
SELECT COUNT(*)
FROM [Drugs] AS [d]
2026-05-18 20:52:49.590 +08:00 [INF] Executed DbCommand (1ms) [Parameters=[@__p_0='?' (DbType = Int32), @__p_1='?' (DbType = Int32)], CommandType='"Text"', CommandTimeout='30']
SELECT [d].[Id], [d].[Category], [d].[Code], [d].[CommonName], [d].[CostPrice], [d].[CreatedAt], [d].[DosageForm], [d].[IsActive], [d].[IsPrescription], [d].[Manufacturer], [d].[Name], [d].[Price], [d].[Remark], [d].[Specification], [d].[Unit]
FROM [Drugs] AS [d]
ORDER BY [d].[CreatedAt] DESC
OFFSET @__p_0 ROWS FETCH NEXT @__p_1 ROWS ONLY
2026-05-18 20:52:50.869 +08:00 [INF] Executed DbCommand (1ms) [Parameters=[], CommandType='"Text"', CommandTimeout='30']
SELECT COUNT(*)
FROM [Users] AS [u]
2026-05-18 20:52:50.874 +08:00 [INF] Executed DbCommand (2ms) [Parameters=[@__p_0='?' (DbType = Int32), @__p_1='?' (DbType = Int32)], CommandType='"Text"', CommandTimeout='30']
SELECT [t].[Id], [t].[Username], [t].[DisplayName], [t].[Phone], [t].[Role], [d].[Name], [t].[IsActive], [t].[Title], [t].[LastLoginAt], [t].[CreatedAt]
FROM (
    SELECT [u].[Id], [u].[CreatedAt], [u].[DepartmentId], [u].[DisplayName], [u].[IsActive], [u].[LastLoginAt], [u].[Phone], [u].[Role], [u].[Title], [u].[Username]
    FROM [Users] AS [u]
    ORDER BY [u].[Id]
    OFFSET @__p_0 ROWS FETCH NEXT @__p_1 ROWS ONLY
) AS [t]
LEFT JOIN [Departments] AS [d] ON [t].[DepartmentId] = [d].[Id]
ORDER BY [t].[Id]
2026-05-18 20:52:55.879 +08:00 [INF] Executed DbCommand (0ms) [Parameters=[@__queryDate_0='?' (DbType = DateTime2), @__nextDay_1='?' (DbType = DateTime2)], CommandType='"Text"', CommandTimeout='30']
SELECT [a].[Id], [a].[AppointmentNo], [a].[TimeSlot], [a].[QueueNumber], [a].[Status], [t].[Name] AS [PatientName], [u].[DisplayName] AS [DoctorName], [d].[Name] AS [DepartmentName]
FROM [Appointments] AS [a]
INNER JOIN (
    SELECT [p].[Id], [p].[Name]
    FROM [Patients] AS [p]
    WHERE [p].[IsDeleted] = CAST(0 AS bit)
) AS [t] ON [a].[PatientId] = [t].[Id]
INNER JOIN [Users] AS [u] ON [a].[DoctorId] = [u].[Id]
LEFT JOIN [Departments] AS [d] ON [a].[DepartmentId] = [d].[Id]
WHERE [a].[AppointmentDate] >= @__queryDate_0 AND [a].[AppointmentDate] < @__nextDay_1
ORDER BY [a].[TimeSlot], [a].[QueueNumber]
2026-05-18 20:53:00.195 +08:00 [INF] Executed DbCommand (1ms) [Parameters=[], CommandType='"Text"', CommandTimeout='30']
SELECT COUNT(*)
FROM [Payments] AS [p]
2026-05-18 20:53:00.205 +08:00 [INF] Executed DbCommand (3ms) [Parameters=[@__p_0='?' (DbType = Int32), @__p_1='?' (DbType = Int32)], CommandType='"Text"', CommandTimeout='30']
SELECT [t].[Id], [t].[PaymentNo], [t].[TotalAmount], [t].[DiscountAmount], [t].[ActualAmount], [t].[PaymentMethod], [t].[Status], [t].[Remark], [t].[CreatedAt], [t].[RefundedAt], [t].[PatientId], [t0].[Name] AS [PatientName], [u].[DisplayName] AS [OperatorName]
FROM (
    SELECT [p].[Id], [p].[ActualAmount], [p].[CreatedAt], [p].[DiscountAmount], [p].[OperatorId], [p].[PatientId], [p].[PaymentMethod], [p].[PaymentNo], [p].[RefundedAt], [p].[Remark], [p].[Status], [p].[TotalAmount]
    FROM [Payments] AS [p]
    ORDER BY [p].[CreatedAt] DESC
    OFFSET @__p_0 ROWS FETCH NEXT @__p_1 ROWS ONLY
) AS [t]
INNER JOIN (
    SELECT [p0].[Id], [p0].[Name]
    FROM [Patients] AS [p0]
    WHERE [p0].[IsDeleted] = CAST(0 AS bit)
) AS [t0] ON [t].[PatientId] = [t0].[Id]
INNER JOIN [Users] AS [u] ON [t].[OperatorId] = [u].[Id]
ORDER BY [t].[CreatedAt] DESC
2026-05-18 20:53:05.167 +08:00 [INF] Executed DbCommand (1ms) [Parameters=[], CommandType='"Text"', CommandTimeout='30']
SELECT COUNT(*)
FROM [Prescriptions] AS [p]
WHERE [p].[Status] = N'待发药'
2026-05-18 20:53:05.182 +08:00 [INF] Executed DbCommand (7ms) [Parameters=[@__p_0='?' (DbType = Int32), @__p_1='?' (DbType = Int32)], CommandType='"Text"', CommandTimeout='30']
SELECT [t].[Id], [t].[PrescriptionNo], [t].[Type], [t].[TotalAmount], [t].[DecoctingMethod], [t].[Direction], [t].[CreatedAt], [t0].[Name] AS [PatientName], [u].[DisplayName] AS [DoctorName]
FROM (
    SELECT [p].[Id], [p].[CreatedAt], [p].[DecoctingMethod], [p].[Direction], [p].[MedicalRecordId], [p].[PrescriptionNo], [p].[TotalAmount], [p].[Type]
    FROM [Prescriptions] AS [p]
    WHERE [p].[Status] = N'待发药'
    ORDER BY [p].[CreatedAt]
    OFFSET @__p_0 ROWS FETCH NEXT @__p_1 ROWS ONLY
) AS [t]
INNER JOIN [MedicalRecords] AS [m] ON [t].[MedicalRecordId] = [m].[Id]
INNER JOIN (
    SELECT [p0].[Id], [p0].[Name]
    FROM [Patients] AS [p0]
    WHERE [p0].[IsDeleted] = CAST(0 AS bit)
) AS [t0] ON [m].[PatientId] = [t0].[Id]
INNER JOIN [Users] AS [u] ON [m].[DoctorId] = [u].[Id]
ORDER BY [t].[CreatedAt]
2026-05-18 20:53:05.369 +08:00 [INF] Executed DbCommand (1ms) [Parameters=[@__status_0='?' (Size = 20)], CommandType='"Text"', CommandTimeout='30']
SELECT COUNT(*)
FROM [Prescriptions] AS [p]
WHERE [p].[Status] = @__status_0
2026-05-18 20:53:05.380 +08:00 [INF] Executed DbCommand (4ms) [Parameters=[@__status_0='?' (Size = 20), @__p_1='?' (DbType = Int32), @__p_2='?' (DbType = Int32)], CommandType='"Text"', CommandTimeout='30']
SELECT [t].[Id], [t].[PrescriptionNo], [t].[Type], [t].[Status], [t].[TotalAmount], [t].[CreatedAt], [t].[DispensedAt], [t0].[Name] AS [PatientName], [u].[DisplayName] AS [DoctorName]
FROM (
    SELECT [p].[Id], [p].[CreatedAt], [p].[DispensedAt], [p].[MedicalRecordId], [p].[PrescriptionNo], [p].[Status], [p].[TotalAmount], [p].[Type]
    FROM [Prescriptions] AS [p]
    WHERE [p].[Status] = @__status_0
    ORDER BY [p].[CreatedAt] DESC
    OFFSET @__p_1 ROWS FETCH NEXT @__p_2 ROWS ONLY
) AS [t]
INNER JOIN [MedicalRecords] AS [m] ON [t].[MedicalRecordId] = [m].[Id]
INNER JOIN (
    SELECT [p0].[Id], [p0].[Name]
    FROM [Patients] AS [p0]
    WHERE [p0].[IsDeleted] = CAST(0 AS bit)
) AS [t0] ON [m].[PatientId] = [t0].[Id]
INNER JOIN [Users] AS [u] ON [m].[DoctorId] = [u].[Id]
ORDER BY [t].[CreatedAt] DESC
2026-05-18 20:53:06.749 +08:00 [INF] Executed DbCommand (0ms) [Parameters=[], CommandType='"Text"', CommandTimeout='30']
SELECT COUNT(*)
FROM [Users] AS [u]
2026-05-18 20:53:06.752 +08:00 [INF] Executed DbCommand (0ms) [Parameters=[@__p_0='?' (DbType = Int32), @__p_1='?' (DbType = Int32)], CommandType='"Text"', CommandTimeout='30']
SELECT [t].[Id], [t].[Username], [t].[DisplayName], [t].[Phone], [t].[Role], [d].[Name], [t].[IsActive], [t].[Title], [t].[LastLoginAt], [t].[CreatedAt]
FROM (
    SELECT [u].[Id], [u].[CreatedAt], [u].[DepartmentId], [u].[DisplayName], [u].[IsActive], [u].[LastLoginAt], [u].[Phone], [u].[Role], [u].[Title], [u].[Username]
    FROM [Users] AS [u]
    ORDER BY [u].[Id]
    OFFSET @__p_0 ROWS FETCH NEXT @__p_1 ROWS ONLY
) AS [t]
LEFT JOIN [Departments] AS [d] ON [t].[DepartmentId] = [d].[Id]
ORDER BY [t].[Id]
2026-05-18 20:53:07.051 +08:00 [INF] Executed DbCommand (1ms) [Parameters=[], CommandType='"Text"', CommandTimeout='30']
SELECT [d].[Id], [d].[Name], [d].[Description], [d].[SortOrder]
FROM [Departments] AS [d]
WHERE [d].[IsActive] = CAST(1 AS bit)
ORDER BY [d].[SortOrder]
2026-05-18 20:53:37.382 +08:00 [INF] Executed DbCommand (2ms) [Parameters=[@__request_Username_0='?' (Size = 50)], CommandType='"Text"', CommandTimeout='30']
SELECT CASE
    WHEN EXISTS (
        SELECT 1
        FROM [Users] AS [u]
        WHERE [u].[Username] = @__request_Username_0) THEN CAST(1 AS bit)
    ELSE CAST(0 AS bit)
END
2026-05-18 20:53:37.596 +08:00 [INF] Executed DbCommand (3ms) [Parameters=[@p0='?' (Precision = 18) (Scale = 2) (DbType = Decimal), @p1='?' (DbType = DateTime2), @p2='?' (DbType = Int32), @p3='?' (Size = 50), @p4='?' (Size = 100), @p5='?' (Size = 500), @p6='?' (DbType = Boolean), @p7='?' (DbType = DateTime2), @p8='?' (DbType = Int32), @p9='?' (Size = 4000), @p10='?' (Size = 20), @p11='?' (DbType = Int32), @p12='?' (Size = 50), @p13='?' (Size = 50)], CommandType='"Text"', CommandTimeout='30']
SET IMPLICIT_TRANSACTIONS OFF;
SET NOCOUNT ON;
INSERT INTO [Users] ([ConsultationFee], [CreatedAt], [DepartmentId], [DisplayName], [Email], [Introduction], [IsActive], [LastLoginAt], [MaxDailyPatients], [PasswordHash], [Phone], [Role], [Title], [Username])
OUTPUT INSERTED.[Id]
VALUES (@p0, @p1, @p2, @p3, @p4, @p5, @p6, @p7, @p8, @p9, @p10, @p11, @p12, @p13);
2026-05-18 20:53:37.617 +08:00 [INF] Executed DbCommand (1ms) [Parameters=[], CommandType='"Text"', CommandTimeout='30']
SELECT COUNT(*)
FROM [Users] AS [u]
2026-05-18 20:53:37.622 +08:00 [INF] Executed DbCommand (2ms) [Parameters=[@__p_0='?' (DbType = Int32), @__p_1='?' (DbType = Int32)], CommandType='"Text"', CommandTimeout='30']
SELECT [t].[Id], [t].[Username], [t].[DisplayName], [t].[Phone], [t].[Role], [d].[Name], [t].[IsActive], [t].[Title], [t].[LastLoginAt], [t].[CreatedAt]
FROM (
    SELECT [u].[Id], [u].[CreatedAt], [u].[DepartmentId], [u].[DisplayName], [u].[IsActive], [u].[LastLoginAt], [u].[Phone], [u].[Role], [u].[Title], [u].[Username]
    FROM [Users] AS [u]
    ORDER BY [u].[Id]
    OFFSET @__p_0 ROWS FETCH NEXT @__p_1 ROWS ONLY
) AS [t]
LEFT JOIN [Departments] AS [d] ON [t].[DepartmentId] = [d].[Id]
ORDER BY [t].[Id]
2026-05-18 20:53:41.364 +08:00 [INF] Executed DbCommand (4ms) [Parameters=[@__queryDate_0='?' (DbType = DateTime2), @__nextDay_1='?' (DbType = DateTime2)], CommandType='"Text"', CommandTimeout='30']
SELECT [a].[Id], [a].[AppointmentNo], [a].[TimeSlot], [a].[QueueNumber], [a].[Status], [t].[Name] AS [PatientName], [u].[DisplayName] AS [DoctorName], [d].[Name] AS [DepartmentName]
FROM [Appointments] AS [a]
INNER JOIN (
    SELECT [p].[Id], [p].[Name]
    FROM [Patients] AS [p]
    WHERE [p].[IsDeleted] = CAST(0 AS bit)
) AS [t] ON [a].[PatientId] = [t].[Id]
INNER JOIN [Users] AS [u] ON [a].[DoctorId] = [u].[Id]
LEFT JOIN [Departments] AS [d] ON [a].[DepartmentId] = [d].[Id]
WHERE [a].[AppointmentDate] >= @__queryDate_0 AND [a].[AppointmentDate] < @__nextDay_1
ORDER BY [a].[TimeSlot], [a].[QueueNumber]
2026-05-18 20:53:41.664 +08:00 [INF] Executed DbCommand (1ms) [Parameters=[], CommandType='"Text"', CommandTimeout='30']
SELECT COUNT(*)
FROM [Appointments] AS [a]
2026-05-18 20:53:41.665 +08:00 [INF] Executed DbCommand (1ms) [Parameters=[], CommandType='"Text"', CommandTimeout='30']
SELECT [d].[Id], [d].[Name], [d].[Description], [d].[SortOrder]
FROM [Departments] AS [d]
WHERE [d].[IsActive] = CAST(1 AS bit)
ORDER BY [d].[SortOrder]
2026-05-18 20:53:41.674 +08:00 [INF] Executed DbCommand (6ms) [Parameters=[@__p_0='?' (DbType = Int32), @__p_1='?' (DbType = Int32)], CommandType='"Text"', CommandTimeout='30']
SELECT [t].[Id], [t].[AppointmentNo], [t].[AppointmentDate], [t].[TimeSlot], [t].[QueueNumber], [t].[Status], [t].[Source], [t].[Remark], [t].[CreatedAt], [t].[PatientId], [t0].[Name] AS [PatientName], [t0].[Phone] AS [PatientPhone], [t0].[Gender] AS [PatientGender], [t].[DoctorId], [u].[DisplayName] AS [DoctorName], [u].[Title] AS [DoctorTitle], [t].[DepartmentId], [d].[Name] AS [DepartmentName]
FROM (
    SELECT [a].[Id], [a].[AppointmentDate], [a].[AppointmentNo], [a].[CreatedAt], [a].[DepartmentId], [a].[DoctorId], [a].[PatientId], [a].[QueueNumber], [a].[Remark], [a].[Source], [a].[Status], [a].[TimeSlot]
    FROM [Appointments] AS [a]
    ORDER BY [a].[CreatedAt] DESC
    OFFSET @__p_0 ROWS FETCH NEXT @__p_1 ROWS ONLY
) AS [t]
INNER JOIN (
    SELECT [p].[Id], [p].[Gender], [p].[Name], [p].[Phone]
    FROM [Patients] AS [p]
    WHERE [p].[IsDeleted] = CAST(0 AS bit)
) AS [t0] ON [t].[PatientId] = [t0].[Id]
INNER JOIN [Users] AS [u] ON [t].[DoctorId] = [u].[Id]
LEFT JOIN [Departments] AS [d] ON [t].[DepartmentId] = [d].[Id]
ORDER BY [t].[CreatedAt] DESC
2026-05-18 20:53:45.017 +08:00 [INF] Executed DbCommand (1ms) [Parameters=[], CommandType='"Text"', CommandTimeout='30']
SELECT COUNT(*)
FROM [Patients] AS [p]
WHERE [p].[IsDeleted] = CAST(0 AS bit)
2026-05-18 20:53:45.023 +08:00 [INF] Executed DbCommand (1ms) [Parameters=[@__p_0='?' (DbType = Int32), @__p_1='?' (DbType = Int32)], CommandType='"Text"', CommandTimeout='30']
SELECT [p].[Id], [p].[Name], [p].[Gender], [p].[DateOfBirth], [p].[Phone], [p].[IdCard], [p].[Address], [p].[Allergies], [p].[MedicalHistory], [p].[CreatedAt]
FROM [Patients] AS [p]
WHERE [p].[IsDeleted] = CAST(0 AS bit)
ORDER BY [p].[CreatedAt] DESC
OFFSET @__p_0 ROWS FETCH NEXT @__p_1 ROWS ONLY
2026-05-18 20:53:56.241 +08:00 [INF] Executed DbCommand (1ms) [Parameters=[], CommandType='"Text"', CommandTimeout='30']
SELECT [d].[Id], [d].[Name], [d].[Description], [d].[SortOrder]
FROM [Departments] AS [d]
WHERE [d].[IsActive] = CAST(1 AS bit)
ORDER BY [d].[SortOrder]
2026-05-18 20:53:58.135 +08:00 [INF] Executed DbCommand (1ms) [Parameters=[], CommandType='"Text"', CommandTimeout='30']
SELECT COUNT(*)
FROM [ChargeItems] AS [c]
2026-05-18 20:53:58.140 +08:00 [INF] Executed DbCommand (1ms) [Parameters=[@__p_0='?' (DbType = Int32), @__p_1='?' (DbType = Int32)], CommandType='"Text"', CommandTimeout='30']
SELECT [c].[Id], [c].[Category], [c].[Code], [c].[CreatedAt], [c].[IsActive], [c].[Name], [c].[Price], [c].[Remark], [c].[Unit]
FROM [ChargeItems] AS [c]
ORDER BY [c].[CreatedAt] DESC
OFFSET @__p_0 ROWS FETCH NEXT @__p_1 ROWS ONLY
2026-05-18 20:53:59.313 +08:00 [INF] Executed DbCommand (1ms) [Parameters=[], CommandType='"Text"', CommandTimeout='30']
SELECT COUNT(*)
FROM [Drugs] AS [d]
2026-05-18 20:53:59.317 +08:00 [INF] Executed DbCommand (1ms) [Parameters=[@__p_0='?' (DbType = Int32), @__p_1='?' (DbType = Int32)], CommandType='"Text"', CommandTimeout='30']
SELECT [d].[Id], [d].[Category], [d].[Code], [d].[CommonName], [d].[CostPrice], [d].[CreatedAt], [d].[DosageForm], [d].[IsActive], [d].[IsPrescription], [d].[Manufacturer], [d].[Name], [d].[Price], [d].[Remark], [d].[Specification], [d].[Unit]
FROM [Drugs] AS [d]
ORDER BY [d].[CreatedAt] DESC
OFFSET @__p_0 ROWS FETCH NEXT @__p_1 ROWS ONLY
2026-05-18 20:54:00.432 +08:00 [INF] Executed DbCommand (1ms) [Parameters=[], CommandType='"Text"', CommandTimeout='30']
SELECT COUNT(*)
FROM [Users] AS [u]
2026-05-18 20:54:00.437 +08:00 [INF] Executed DbCommand (1ms) [Parameters=[@__p_0='?' (DbType = Int32), @__p_1='?' (DbType = Int32)], CommandType='"Text"', CommandTimeout='30']
SELECT [t].[Id], [t].[Username], [t].[DisplayName], [t].[Phone], [t].[Role], [d].[Name], [t].[IsActive], [t].[Title], [t].[LastLoginAt], [t].[CreatedAt]
FROM (
    SELECT [u].[Id], [u].[CreatedAt], [u].[DepartmentId], [u].[DisplayName], [u].[IsActive], [u].[LastLoginAt], [u].[Phone], [u].[Role], [u].[Title], [u].[Username]
    FROM [Users] AS [u]
    ORDER BY [u].[Id]
    OFFSET @__p_0 ROWS FETCH NEXT @__p_1 ROWS ONLY
) AS [t]
LEFT JOIN [Departments] AS [d] ON [t].[DepartmentId] = [d].[Id]
ORDER BY [t].[Id]
2026-05-18 20:54:01.914 +08:00 [INF] Executed DbCommand (2ms) [Parameters=[@__doctorId_0='?' (DbType = Int32)], CommandType='"Text"', CommandTimeout='30']
SELECT [d].[Id], [d].[CreatedAt], [d].[DayOfWeek], [d].[DoctorId], [d].[EndTime], [d].[IsActive], [d].[MaxPatients], [d].[StartTime], [d].[TimeSlot]
FROM [DoctorSchedules] AS [d]
WHERE [d].[DoctorId] = @__doctorId_0 AND [d].[IsActive] = CAST(1 AS bit)
ORDER BY [d].[DayOfWeek], [d].[StartTime]
2026-05-18 20:54:30.966 +08:00 [INF] Executed DbCommand (0ms) [Parameters=[], CommandType='"Text"', CommandTimeout='30']
SELECT COUNT(*)
FROM [Appointments] AS [a]
2026-05-18 20:54:30.966 +08:00 [INF] Executed DbCommand (1ms) [Parameters=[], CommandType='"Text"', CommandTimeout='30']
SELECT [d].[Id], [d].[Name], [d].[Description], [d].[SortOrder]
FROM [Departments] AS [d]
WHERE [d].[IsActive] = CAST(1 AS bit)
ORDER BY [d].[SortOrder]
2026-05-18 20:54:30.966 +08:00 [INF] Executed DbCommand (1ms) [Parameters=[@__queryDate_0='?' (DbType = DateTime2), @__nextDay_1='?' (DbType = DateTime2)], CommandType='"Text"', CommandTimeout='30']
SELECT [a].[Id], [a].[AppointmentNo], [a].[TimeSlot], [a].[QueueNumber], [a].[Status], [t].[Name] AS [PatientName], [u].[DisplayName] AS [DoctorName], [d].[Name] AS [DepartmentName]
FROM [Appointments] AS [a]
INNER JOIN (
    SELECT [p].[Id], [p].[Name]
    FROM [Patients] AS [p]
    WHERE [p].[IsDeleted] = CAST(0 AS bit)
) AS [t] ON [a].[PatientId] = [t].[Id]
INNER JOIN [Users] AS [u] ON [a].[DoctorId] = [u].[Id]
LEFT JOIN [Departments] AS [d] ON [a].[DepartmentId] = [d].[Id]
WHERE [a].[AppointmentDate] >= @__queryDate_0 AND [a].[AppointmentDate] < @__nextDay_1
ORDER BY [a].[TimeSlot], [a].[QueueNumber]
2026-05-18 20:54:30.971 +08:00 [INF] Executed DbCommand (0ms) [Parameters=[@__p_0='?' (DbType = Int32), @__p_1='?' (DbType = Int32)], CommandType='"Text"', CommandTimeout='30']
SELECT [t].[Id], [t].[AppointmentNo], [t].[AppointmentDate], [t].[TimeSlot], [t].[QueueNumber], [t].[Status], [t].[Source], [t].[Remark], [t].[CreatedAt], [t].[PatientId], [t0].[Name] AS [PatientName], [t0].[Phone] AS [PatientPhone], [t0].[Gender] AS [PatientGender], [t].[DoctorId], [u].[DisplayName] AS [DoctorName], [u].[Title] AS [DoctorTitle], [t].[DepartmentId], [d].[Name] AS [DepartmentName]
FROM (
    SELECT [a].[Id], [a].[AppointmentDate], [a].[AppointmentNo], [a].[CreatedAt], [a].[DepartmentId], [a].[DoctorId], [a].[PatientId], [a].[QueueNumber], [a].[Remark], [a].[Source], [a].[Status], [a].[TimeSlot]
    FROM [Appointments] AS [a]
    ORDER BY [a].[CreatedAt] DESC
    OFFSET @__p_0 ROWS FETCH NEXT @__p_1 ROWS ONLY
) AS [t]
INNER JOIN (
    SELECT [p].[Id], [p].[Gender], [p].[Name], [p].[Phone]
    FROM [Patients] AS [p]
    WHERE [p].[IsDeleted] = CAST(0 AS bit)
) AS [t0] ON [t].[PatientId] = [t0].[Id]
INNER JOIN [Users] AS [u] ON [t].[DoctorId] = [u].[Id]
LEFT JOIN [Departments] AS [d] ON [t].[DepartmentId] = [d].[Id]
ORDER BY [t].[CreatedAt] DESC
2026-05-18 20:54:33.789 +08:00 [INF] Executed DbCommand (0ms) [Parameters=[], CommandType='"Text"', CommandTimeout='30']
SELECT COUNT(*)
FROM [Patients] AS [p]
WHERE [p].[IsDeleted] = CAST(0 AS bit)
2026-05-18 20:54:33.793 +08:00 [INF] Executed DbCommand (0ms) [Parameters=[@__p_0='?' (DbType = Int32), @__p_1='?' (DbType = Int32)], CommandType='"Text"', CommandTimeout='30']
SELECT [p].[Id], [p].[Name], [p].[Gender], [p].[DateOfBirth], [p].[Phone], [p].[IdCard], [p].[Address], [p].[Allergies], [p].[MedicalHistory], [p].[CreatedAt]
FROM [Patients] AS [p]
WHERE [p].[IsDeleted] = CAST(0 AS bit)
ORDER BY [p].[CreatedAt] DESC
OFFSET @__p_0 ROWS FETCH NEXT @__p_1 ROWS ONLY
2026-05-18 20:54:39.613 +08:00 [INF] Executed DbCommand (0ms) [Parameters=[], CommandType='"Text"', CommandTimeout='30']
SELECT COUNT(*)
FROM [Patients] AS [p]
WHERE [p].[IsDeleted] = CAST(0 AS bit)
2026-05-18 20:54:39.617 +08:00 [INF] Executed DbCommand (0ms) [Parameters=[@__p_0='?' (DbType = Int32), @__p_1='?' (DbType = Int32)], CommandType='"Text"', CommandTimeout='30']
SELECT [p].[Id], [p].[Name], [p].[Gender], [p].[DateOfBirth], [p].[Phone], [p].[IdCard], [p].[Address], [p].[Allergies], [p].[MedicalHistory], [p].[CreatedAt]
FROM [Patients] AS [p]
WHERE [p].[IsDeleted] = CAST(0 AS bit)
ORDER BY [p].[CreatedAt] DESC
OFFSET @__p_0 ROWS FETCH NEXT @__p_1 ROWS ONLY
2026-05-18 20:54:40.504 +08:00 [INF] Executed DbCommand (0ms) [Parameters=[], CommandType='"Text"', CommandTimeout='30']
SELECT COUNT(*)
FROM [Patients] AS [p]
WHERE [p].[IsDeleted] = CAST(0 AS bit)
2026-05-18 20:54:40.508 +08:00 [INF] Executed DbCommand (0ms) [Parameters=[@__p_0='?' (DbType = Int32), @__p_1='?' (DbType = Int32)], CommandType='"Text"', CommandTimeout='30']
SELECT [p].[Id], [p].[Name], [p].[Gender], [p].[DateOfBirth], [p].[Phone], [p].[IdCard], [p].[Address], [p].[Allergies], [p].[MedicalHistory], [p].[CreatedAt]
FROM [Patients] AS [p]
WHERE [p].[IsDeleted] = CAST(0 AS bit)
ORDER BY [p].[CreatedAt] DESC
OFFSET @__p_0 ROWS FETCH NEXT @__p_1 ROWS ONLY
2026-05-18 20:54:43.884 +08:00 [ERR] Failed executing DbCommand (1ms) [Parameters=[@__patientId_0='?' (DbType = Int32)], CommandType='"Text"', CommandTimeout='30']
SELECT [f].[Id], [f].[CreatedAt], [f].[IdCard], [f].[Name], [f].[PatientId], [f].[Phone], [f].[Relationship]
FROM [FamilyMembers] AS [f]
WHERE [f].[PatientId] = @__patientId_0
ORDER BY [f].[CreatedAt]
2026-05-18 20:54:43.889 +08:00 [ERR] An exception occurred while iterating over the results of a query for context type 'ClinicSystem.Infrastructure.Data.AppDbContext'.
Microsoft.Data.SqlClient.SqlException (0x80131904): 对象名 'FamilyMembers' 无效。
   at System.Threading.Tasks.ContinuationResultTaskFromResultTask`2.InnerInvoke()
   at System.Threading.ExecutionContext.RunInternal(ExecutionContext executionContext, ContextCallback callback, Object state)
--- End of stack trace from previous location ---
   at System.Threading.ExecutionContext.RunInternal(ExecutionContext executionContext, ContextCallback callback, Object state)
   at System.Threading.Tasks.Task.ExecuteWithThreadLocal(Task& currentTaskSlot, Thread threadPoolThread)
--- End of stack trace from previous location ---
   at Microsoft.EntityFrameworkCore.Storage.RelationalCommand.ExecuteReaderAsync(RelationalCommandParameterObject parameterObject, CancellationToken cancellationToken)
   at Microsoft.EntityFrameworkCore.Storage.RelationalCommand.ExecuteReaderAsync(RelationalCommandParameterObject parameterObject, CancellationToken cancellationToken)
   at Microsoft.EntityFrameworkCore.Query.Internal.SingleQueryingEnumerable`1.AsyncEnumerator.InitializeReaderAsync(AsyncEnumerator enumerator, CancellationToken cancellationToken)
   at Microsoft.EntityFrameworkCore.SqlServer.Storage.Internal.SqlServerExecutionStrategy.ExecuteAsync[TState,TResult](TState state, Func`4 operation, Func`4 verifySucceeded, CancellationToken cancellationToken)
   at Microsoft.EntityFrameworkCore.Query.Internal.SingleQueryingEnumerable`1.AsyncEnumerator.MoveNextAsync()
ClientConnectionId:96b288d4-1b3c-41a1-9985-d9d1ec43b1e3
Error Number:208,State:1,Class:16
Microsoft.Data.SqlClient.SqlException (0x80131904): 对象名 'FamilyMembers' 无效。
   at System.Threading.Tasks.ContinuationResultTaskFromResultTask`2.InnerInvoke()
   at System.Threading.ExecutionContext.RunInternal(ExecutionContext executionContext, ContextCallback callback, Object state)
--- End of stack trace from previous location ---
   at System.Threading.ExecutionContext.RunInternal(ExecutionContext executionContext, ContextCallback callback, Object state)
   at System.Threading.Tasks.Task.ExecuteWithThreadLocal(Task& currentTaskSlot, Thread threadPoolThread)
--- End of stack trace from previous location ---
   at Microsoft.EntityFrameworkCore.Storage.RelationalCommand.ExecuteReaderAsync(RelationalCommandParameterObject parameterObject, CancellationToken cancellationToken)
   at Microsoft.EntityFrameworkCore.Storage.RelationalCommand.ExecuteReaderAsync(RelationalCommandParameterObject parameterObject, CancellationToken cancellationToken)
   at Microsoft.EntityFrameworkCore.Query.Internal.SingleQueryingEnumerable`1.AsyncEnumerator.InitializeReaderAsync(AsyncEnumerator enumerator, CancellationToken cancellationToken)
   at Microsoft.EntityFrameworkCore.SqlServer.Storage.Internal.SqlServerExecutionStrategy.ExecuteAsync[TState,TResult](TState state, Func`4 operation, Func`4 verifySucceeded, CancellationToken cancellationToken)
   at Microsoft.EntityFrameworkCore.Query.Internal.SingleQueryingEnumerable`1.AsyncEnumerator.MoveNextAsync()
ClientConnectionId:96b288d4-1b3c-41a1-9985-d9d1ec43b1e3
Error Number:208,State:1,Class:16
2026-05-18 20:54:43.898 +08:00 [ERR] An unhandled exception has occurred while executing the request.
Microsoft.Data.SqlClient.SqlException (0x80131904): 对象名 'FamilyMembers' 无效。
   at System.Threading.Tasks.ContinuationResultTaskFromResultTask`2.InnerInvoke()
   at System.Threading.ExecutionContext.RunInternal(ExecutionContext executionContext, ContextCallback callback, Object state)
--- End of stack trace from previous location ---
   at System.Threading.ExecutionContext.RunInternal(ExecutionContext executionContext, ContextCallback callback, Object state)
   at System.Threading.Tasks.Task.ExecuteWithThreadLocal(Task& currentTaskSlot, Thread threadPoolThread)
--- End of stack trace from previous location ---
   at Microsoft.EntityFrameworkCore.Storage.RelationalCommand.ExecuteReaderAsync(RelationalCommandParameterObject parameterObject, CancellationToken cancellationToken)
   at Microsoft.EntityFrameworkCore.Storage.RelationalCommand.ExecuteReaderAsync(RelationalCommandParameterObject parameterObject, CancellationToken cancellationToken)
   at Microsoft.EntityFrameworkCore.Query.Internal.SingleQueryingEnumerable`1.AsyncEnumerator.InitializeReaderAsync(AsyncEnumerator enumerator, CancellationToken cancellationToken)
   at Microsoft.EntityFrameworkCore.SqlServer.Storage.Internal.SqlServerExecutionStrategy.ExecuteAsync[TState,TResult](TState state, Func`4 operation, Func`4 verifySucceeded, CancellationToken cancellationToken)
   at Microsoft.EntityFrameworkCore.Query.Internal.SingleQueryingEnumerable`1.AsyncEnumerator.MoveNextAsync()
   at Microsoft.EntityFrameworkCore.EntityFrameworkQueryableExtensions.ToListAsync[TSource](IQueryable`1 source, CancellationToken cancellationToken)
   at Microsoft.EntityFrameworkCore.EntityFrameworkQueryableExtensions.ToListAsync[TSource](IQueryable`1 source, CancellationToken cancellationToken)
   at ClinicSystem.Api.Controllers.PatientsController.GetFamilyMembers(Int32 patientId) in D:\ClinicSystem\src\ClinicSystem.Api\Controllers\PatientsController.cs:line 156
   at lambda_method302(Closure, Object)
   at Microsoft.AspNetCore.Mvc.Infrastructure.ActionMethodExecutor.TaskOfActionResultExecutor.Execute(ActionContext actionContext, IActionResultTypeMapper mapper, ObjectMethodExecutor executor, Object controller, Object[] arguments)
   at Microsoft.AspNetCore.Mvc.Infrastructure.ControllerActionInvoker.<InvokeActionMethodAsync>g__Awaited|12_0(ControllerActionInvoker invoker, ValueTask`1 actionResultValueTask)
   at Microsoft.AspNetCore.Mvc.Infrastructure.ControllerActionInvoker.<InvokeNextActionFilterAsync>g__Awaited|10_0(ControllerActionInvoker invoker, Task lastTask, State next, Scope scope, Object state, Boolean isCompleted)
   at Microsoft.AspNetCore.Mvc.Infrastructure.ControllerActionInvoker.Rethrow(ActionExecutedContextSealed context)
   at Microsoft.AspNetCore.Mvc.Infrastructure.ControllerActionInvoker.Next(State& next, Scope& scope, Object& state, Boolean& isCompleted)
   at Microsoft.AspNetCore.Mvc.Infrastructure.ControllerActionInvoker.<InvokeInnerFilterAsync>g__Awaited|13_0(ControllerActionInvoker invoker, Task lastTask, State next, Scope scope, Object state, Boolean isCompleted)
   at Microsoft.AspNetCore.Mvc.Infrastructure.ResourceInvoker.<InvokeFilterPipelineAsync>g__Awaited|20_0(ResourceInvoker invoker, Task lastTask, State next, Scope scope, Object state, Boolean isCompleted)
   at Microsoft.AspNetCore.Mvc.Infrastructure.ResourceInvoker.<InvokeAsync>g__Awaited|17_0(ResourceInvoker invoker, Task task, IDisposable scope)
   at Microsoft.AspNetCore.Mvc.Infrastructure.ResourceInvoker.<InvokeAsync>g__Awaited|17_0(ResourceInvoker invoker, Task task, IDisposable scope)
   at Microsoft.AspNetCore.Authorization.AuthorizationMiddleware.Invoke(HttpContext context)
   at Microsoft.AspNetCore.Authentication.AuthenticationMiddleware.Invoke(HttpContext context)
   at Swashbuckle.AspNetCore.SwaggerUI.SwaggerUIMiddleware.Invoke(HttpContext httpContext)
   at Swashbuckle.AspNetCore.Swagger.SwaggerMiddleware.Invoke(HttpContext httpContext, ISwaggerProvider swaggerProvider)
   at Microsoft.AspNetCore.Diagnostics.DeveloperExceptionPageMiddlewareImpl.Invoke(HttpContext context)
ClientConnectionId:96b288d4-1b3c-41a1-9985-d9d1ec43b1e3
Error Number:208,State:1,Class:16
2026-05-18 20:54:47.175 +08:00 [INF] Executed DbCommand (1ms) [Parameters=[], CommandType='"Text"', CommandTimeout='30']
SELECT [d].[Id], [d].[Name], [d].[Description], [d].[SortOrder]
FROM [Departments] AS [d]
WHERE [d].[IsActive] = CAST(1 AS bit)
ORDER BY [d].[SortOrder]
2026-05-18 20:54:51.251 +08:00 [INF] Executed DbCommand (1ms) [Parameters=[], CommandType='"Text"', CommandTimeout='30']
SELECT COUNT(*)
FROM [ChargeItems] AS [c]
2026-05-18 20:54:51.256 +08:00 [INF] Executed DbCommand (1ms) [Parameters=[@__p_0='?' (DbType = Int32), @__p_1='?' (DbType = Int32)], CommandType='"Text"', CommandTimeout='30']
SELECT [c].[Id], [c].[Category], [c].[Code], [c].[CreatedAt], [c].[IsActive], [c].[Name], [c].[Price], [c].[Remark], [c].[Unit]
FROM [ChargeItems] AS [c]
ORDER BY [c].[CreatedAt] DESC
OFFSET @__p_0 ROWS FETCH NEXT @__p_1 ROWS ONLY
2026-05-18 20:54:52.410 +08:00 [INF] Executed DbCommand (1ms) [Parameters=[], CommandType='"Text"', CommandTimeout='30']
SELECT COUNT(*)
FROM [Drugs] AS [d]
2026-05-18 20:54:52.413 +08:00 [INF] Executed DbCommand (1ms) [Parameters=[@__p_0='?' (DbType = Int32), @__p_1='?' (DbType = Int32)], CommandType='"Text"', CommandTimeout='30']
SELECT [d].[Id], [d].[Category], [d].[Code], [d].[CommonName], [d].[CostPrice], [d].[CreatedAt], [d].[DosageForm], [d].[IsActive], [d].[IsPrescription], [d].[Manufacturer], [d].[Name], [d].[Price], [d].[Remark], [d].[Specification], [d].[Unit]
FROM [Drugs] AS [d]
ORDER BY [d].[CreatedAt] DESC
OFFSET @__p_0 ROWS FETCH NEXT @__p_1 ROWS ONLY
2026-05-18 20:54:56.659 +08:00 [INF] Executed DbCommand (1ms) [Parameters=[], CommandType='"Text"', CommandTimeout='30']
SELECT COUNT(*)
FROM [Users] AS [u]
2026-05-18 20:54:56.663 +08:00 [INF] Executed DbCommand (1ms) [Parameters=[@__p_0='?' (DbType = Int32), @__p_1='?' (DbType = Int32)], CommandType='"Text"', CommandTimeout='30']
SELECT [t].[Id], [t].[Username], [t].[DisplayName], [t].[Phone], [t].[Role], [d].[Name], [t].[IsActive], [t].[Title], [t].[LastLoginAt], [t].[CreatedAt]
FROM (
    SELECT [u].[Id], [u].[CreatedAt], [u].[DepartmentId], [u].[DisplayName], [u].[IsActive], [u].[LastLoginAt], [u].[Phone], [u].[Role], [u].[Title], [u].[Username]
    FROM [Users] AS [u]
    ORDER BY [u].[Id]
    OFFSET @__p_0 ROWS FETCH NEXT @__p_1 ROWS ONLY
) AS [t]
LEFT JOIN [Departments] AS [d] ON [t].[DepartmentId] = [d].[Id]
ORDER BY [t].[Id]
2026-05-18 20:54:58.616 +08:00 [INF] Executed DbCommand (2ms) [Parameters=[@__doctorId_0='?' (DbType = Int32)], CommandType='"Text"', CommandTimeout='30']
SELECT [d].[Id], [d].[CreatedAt], [d].[DayOfWeek], [d].[DoctorId], [d].[EndTime], [d].[IsActive], [d].[MaxPatients], [d].[StartTime], [d].[TimeSlot]
FROM [DoctorSchedules] AS [d]
WHERE [d].[DoctorId] = @__doctorId_0 AND [d].[IsActive] = CAST(1 AS bit)
ORDER BY [d].[DayOfWeek], [d].[StartTime]
2026-05-18 20:55:14.128 +08:00 [INF] Executed DbCommand (3ms) [Parameters=[@__queryDate_0='?' (DbType = DateTime2), @__nextDay_1='?' (DbType = DateTime2)], CommandType='"Text"', CommandTimeout='30']
SELECT [a].[Id], [a].[AppointmentNo], [a].[TimeSlot], [a].[QueueNumber], [a].[Status], [t].[Name] AS [PatientName], [u].[DisplayName] AS [DoctorName], [d].[Name] AS [DepartmentName]
FROM [Appointments] AS [a]
INNER JOIN (
    SELECT [p].[Id], [p].[Name]
    FROM [Patients] AS [p]
    WHERE [p].[IsDeleted] = CAST(0 AS bit)
) AS [t] ON [a].[PatientId] = [t].[Id]
INNER JOIN [Users] AS [u] ON [a].[DoctorId] = [u].[Id]
LEFT JOIN [Departments] AS [d] ON [a].[DepartmentId] = [d].[Id]
WHERE [a].[AppointmentDate] >= @__queryDate_0 AND [a].[AppointmentDate] < @__nextDay_1
ORDER BY [a].[TimeSlot], [a].[QueueNumber]
2026-05-18 20:55:14.437 +08:00 [INF] Executed DbCommand (1ms) [Parameters=[], CommandType='"Text"', CommandTimeout='30']
SELECT COUNT(*)
FROM [Payments] AS [p]
2026-05-18 20:55:14.442 +08:00 [INF] Executed DbCommand (2ms) [Parameters=[@__p_0='?' (DbType = Int32), @__p_1='?' (DbType = Int32)], CommandType='"Text"', CommandTimeout='30']
SELECT [t].[Id], [t].[PaymentNo], [t].[TotalAmount], [t].[DiscountAmount], [t].[ActualAmount], [t].[PaymentMethod], [t].[Status], [t].[Remark], [t].[CreatedAt], [t].[RefundedAt], [t].[PatientId], [t0].[Name] AS [PatientName], [u].[DisplayName] AS [OperatorName]
FROM (
    SELECT [p].[Id], [p].[ActualAmount], [p].[CreatedAt], [p].[DiscountAmount], [p].[OperatorId], [p].[PatientId], [p].[PaymentMethod], [p].[PaymentNo], [p].[RefundedAt], [p].[Remark], [p].[Status], [p].[TotalAmount]
    FROM [Payments] AS [p]
    ORDER BY [p].[CreatedAt] DESC
    OFFSET @__p_0 ROWS FETCH NEXT @__p_1 ROWS ONLY
) AS [t]
INNER JOIN (
    SELECT [p0].[Id], [p0].[Name]
    FROM [Patients] AS [p0]
    WHERE [p0].[IsDeleted] = CAST(0 AS bit)
) AS [t0] ON [t].[PatientId] = [t0].[Id]
INNER JOIN [Users] AS [u] ON [t].[OperatorId] = [u].[Id]
ORDER BY [t].[CreatedAt] DESC
2026-05-18 20:55:15.918 +08:00 [INF] Executed DbCommand (0ms) [Parameters=[@__queryDate_0='?' (DbType = DateTime2), @__nextDay_1='?' (DbType = DateTime2)], CommandType='"Text"', CommandTimeout='30']
SELECT [a].[Id], [a].[AppointmentNo], [a].[TimeSlot], [a].[QueueNumber], [a].[Status], [t].[Name] AS [PatientName], [u].[DisplayName] AS [DoctorName], [d].[Name] AS [DepartmentName]
FROM [Appointments] AS [a]
INNER JOIN (
    SELECT [p].[Id], [p].[Name]
    FROM [Patients] AS [p]
    WHERE [p].[IsDeleted] = CAST(0 AS bit)
) AS [t] ON [a].[PatientId] = [t].[Id]
INNER JOIN [Users] AS [u] ON [a].[DoctorId] = [u].[Id]
LEFT JOIN [Departments] AS [d] ON [a].[DepartmentId] = [d].[Id]
WHERE [a].[AppointmentDate] >= @__queryDate_0 AND [a].[AppointmentDate] < @__nextDay_1
ORDER BY [a].[TimeSlot], [a].[QueueNumber]
2026-05-18 20:55:17.496 +08:00 [INF] Executed DbCommand (0ms) [Parameters=[@__queryDate_0='?' (DbType = DateTime2), @__nextDay_1='?' (DbType = DateTime2)], CommandType='"Text"', CommandTimeout='30']
SELECT [a].[Id], [a].[AppointmentNo], [a].[TimeSlot], [a].[QueueNumber], [a].[Status], [t].[Name] AS [PatientName], [u].[DisplayName] AS [DoctorName], [d].[Name] AS [DepartmentName]
FROM [Appointments] AS [a]
INNER JOIN (
    SELECT [p].[Id], [p].[Name]
    FROM [Patients] AS [p]
    WHERE [p].[IsDeleted] = CAST(0 AS bit)
) AS [t] ON [a].[PatientId] = [t].[Id]
INNER JOIN [Users] AS [u] ON [a].[DoctorId] = [u].[Id]
LEFT JOIN [Departments] AS [d] ON [a].[DepartmentId] = [d].[Id]
WHERE [a].[AppointmentDate] >= @__queryDate_0 AND [a].[AppointmentDate] < @__nextDay_1
ORDER BY [a].[TimeSlot], [a].[QueueNumber]
2026-05-18 20:55:19.493 +08:00 [INF] Executed DbCommand (0ms) [Parameters=[], CommandType='"Text"', CommandTimeout='30']
SELECT COUNT(*)
FROM [Payments] AS [p]
2026-05-18 20:55:19.496 +08:00 [INF] Executed DbCommand (0ms) [Parameters=[@__p_0='?' (DbType = Int32), @__p_1='?' (DbType = Int32)], CommandType='"Text"', CommandTimeout='30']
SELECT [t].[Id], [t].[PaymentNo], [t].[TotalAmount], [t].[DiscountAmount], [t].[ActualAmount], [t].[PaymentMethod], [t].[Status], [t].[Remark], [t].[CreatedAt], [t].[RefundedAt], [t].[PatientId], [t0].[Name] AS [PatientName], [u].[DisplayName] AS [OperatorName]
FROM (
    SELECT [p].[Id], [p].[ActualAmount], [p].[CreatedAt], [p].[DiscountAmount], [p].[OperatorId], [p].[PatientId], [p].[PaymentMethod], [p].[PaymentNo], [p].[RefundedAt], [p].[Remark], [p].[Status], [p].[TotalAmount]
    FROM [Payments] AS [p]
    ORDER BY [p].[CreatedAt] DESC
    OFFSET @__p_0 ROWS FETCH NEXT @__p_1 ROWS ONLY
) AS [t]
INNER JOIN (
    SELECT [p0].[Id], [p0].[Name]
    FROM [Patients] AS [p0]
    WHERE [p0].[IsDeleted] = CAST(0 AS bit)
) AS [t0] ON [t].[PatientId] = [t0].[Id]
INNER JOIN [Users] AS [u] ON [t].[OperatorId] = [u].[Id]
ORDER BY [t].[CreatedAt] DESC
2026-05-18 20:55:22.455 +08:00 [INF] Executed DbCommand (0ms) [Parameters=[], CommandType='"Text"', CommandTimeout='30']
SELECT COUNT(*)
FROM [Payments] AS [p]
2026-05-18 20:55:22.458 +08:00 [INF] Executed DbCommand (0ms) [Parameters=[@__p_0='?' (DbType = Int32), @__p_1='?' (DbType = Int32)], CommandType='"Text"', CommandTimeout='30']
SELECT [t].[Id], [t].[PaymentNo], [t].[TotalAmount], [t].[DiscountAmount], [t].[ActualAmount], [t].[PaymentMethod], [t].[Status], [t].[Remark], [t].[CreatedAt], [t].[RefundedAt], [t].[PatientId], [t0].[Name] AS [PatientName], [u].[DisplayName] AS [OperatorName]
FROM (
    SELECT [p].[Id], [p].[ActualAmount], [p].[CreatedAt], [p].[DiscountAmount], [p].[OperatorId], [p].[PatientId], [p].[PaymentMethod], [p].[PaymentNo], [p].[RefundedAt], [p].[Remark], [p].[Status], [p].[TotalAmount]
    FROM [Payments] AS [p]
    ORDER BY [p].[CreatedAt] DESC
    OFFSET @__p_0 ROWS FETCH NEXT @__p_1 ROWS ONLY
) AS [t]
INNER JOIN (
    SELECT [p0].[Id], [p0].[Name]
    FROM [Patients] AS [p0]
    WHERE [p0].[IsDeleted] = CAST(0 AS bit)
) AS [t0] ON [t].[PatientId] = [t0].[Id]
INNER JOIN [Users] AS [u] ON [t].[OperatorId] = [u].[Id]
ORDER BY [t].[CreatedAt] DESC
2026-05-18 20:55:26.889 +08:00 [INF] Executed DbCommand (2ms) [Parameters=[@__status_0='?' (Size = 20)], CommandType='"Text"', CommandTimeout='30']
SELECT COUNT(*)
FROM [Prescriptions] AS [p]
WHERE [p].[Status] = @__status_0
2026-05-18 20:55:26.890 +08:00 [INF] Executed DbCommand (2ms) [Parameters=[], CommandType='"Text"', CommandTimeout='30']
SELECT COUNT(*)
FROM [Prescriptions] AS [p]
WHERE [p].[Status] = N'待发药'
2026-05-18 20:55:26.897 +08:00 [INF] Executed DbCommand (4ms) [Parameters=[@__status_0='?' (Size = 20), @__p_1='?' (DbType = Int32), @__p_2='?' (DbType = Int32)], CommandType='"Text"', CommandTimeout='30']
SELECT [t].[Id], [t].[PrescriptionNo], [t].[Type], [t].[Status], [t].[TotalAmount], [t].[CreatedAt], [t].[DispensedAt], [t0].[Name] AS [PatientName], [u].[DisplayName] AS [DoctorName]
FROM (
    SELECT [p].[Id], [p].[CreatedAt], [p].[DispensedAt], [p].[MedicalRecordId], [p].[PrescriptionNo], [p].[Status], [p].[TotalAmount], [p].[Type]
    FROM [Prescriptions] AS [p]
    WHERE [p].[Status] = @__status_0
    ORDER BY [p].[CreatedAt] DESC
    OFFSET @__p_1 ROWS FETCH NEXT @__p_2 ROWS ONLY
) AS [t]
INNER JOIN [MedicalRecords] AS [m] ON [t].[MedicalRecordId] = [m].[Id]
INNER JOIN (
    SELECT [p0].[Id], [p0].[Name]
    FROM [Patients] AS [p0]
    WHERE [p0].[IsDeleted] = CAST(0 AS bit)
) AS [t0] ON [m].[PatientId] = [t0].[Id]
INNER JOIN [Users] AS [u] ON [m].[DoctorId] = [u].[Id]
ORDER BY [t].[CreatedAt] DESC
2026-05-18 20:55:26.899 +08:00 [INF] Executed DbCommand (4ms) [Parameters=[@__p_0='?' (DbType = Int32), @__p_1='?' (DbType = Int32)], CommandType='"Text"', CommandTimeout='30']
SELECT [t].[Id], [t].[PrescriptionNo], [t].[Type], [t].[TotalAmount], [t].[DecoctingMethod], [t].[Direction], [t].[CreatedAt], [t0].[Name] AS [PatientName], [u].[DisplayName] AS [DoctorName]
FROM (
    SELECT [p].[Id], [p].[CreatedAt], [p].[DecoctingMethod], [p].[Direction], [p].[MedicalRecordId], [p].[PrescriptionNo], [p].[TotalAmount], [p].[Type]
    FROM [Prescriptions] AS [p]
    WHERE [p].[Status] = N'待发药'
    ORDER BY [p].[CreatedAt]
    OFFSET @__p_0 ROWS FETCH NEXT @__p_1 ROWS ONLY
) AS [t]
INNER JOIN [MedicalRecords] AS [m] ON [t].[MedicalRecordId] = [m].[Id]
INNER JOIN (
    SELECT [p0].[Id], [p0].[Name]
    FROM [Patients] AS [p0]
    WHERE [p0].[IsDeleted] = CAST(0 AS bit)
) AS [t0] ON [m].[PatientId] = [t0].[Id]
INNER JOIN [Users] AS [u] ON [m].[DoctorId] = [u].[Id]
ORDER BY [t].[CreatedAt]
2026-05-18 20:55:28.490 +08:00 [INF] Executed DbCommand (0ms) [Parameters=[], CommandType='"Text"', CommandTimeout='30']
SELECT COUNT(*)
FROM [Prescriptions] AS [p]
WHERE [p].[Status] = N'待发药'
2026-05-18 20:55:28.494 +08:00 [INF] Executed DbCommand (0ms) [Parameters=[@__p_0='?' (DbType = Int32), @__p_1='?' (DbType = Int32)], CommandType='"Text"', CommandTimeout='30']
SELECT [t].[Id], [t].[PrescriptionNo], [t].[Type], [t].[TotalAmount], [t].[DecoctingMethod], [t].[Direction], [t].[CreatedAt], [t0].[Name] AS [PatientName], [u].[DisplayName] AS [DoctorName]
FROM (
    SELECT [p].[Id], [p].[CreatedAt], [p].[DecoctingMethod], [p].[Direction], [p].[MedicalRecordId], [p].[PrescriptionNo], [p].[TotalAmount], [p].[Type]
    FROM [Prescriptions] AS [p]
    WHERE [p].[Status] = N'待发药'
    ORDER BY [p].[CreatedAt]
    OFFSET @__p_0 ROWS FETCH NEXT @__p_1 ROWS ONLY
) AS [t]
INNER JOIN [MedicalRecords] AS [m] ON [t].[MedicalRecordId] = [m].[Id]
INNER JOIN (
    SELECT [p0].[Id], [p0].[Name]
    FROM [Patients] AS [p0]
    WHERE [p0].[IsDeleted] = CAST(0 AS bit)
) AS [t0] ON [m].[PatientId] = [t0].[Id]
INNER JOIN [Users] AS [u] ON [m].[DoctorId] = [u].[Id]
ORDER BY [t].[CreatedAt]
2026-05-18 20:55:30.970 +08:00 [INF] Executed DbCommand (0ms) [Parameters=[@__queryDate_0='?' (DbType = DateTime2), @__nextDay_1='?' (DbType = DateTime2)], CommandType='"Text"', CommandTimeout='30']
SELECT [a].[Id], [a].[AppointmentNo], [a].[TimeSlot], [a].[QueueNumber], [a].[Status], [t].[Name] AS [PatientName], [u].[DisplayName] AS [DoctorName], [d].[Name] AS [DepartmentName]
FROM [Appointments] AS [a]
INNER JOIN (
    SELECT [p].[Id], [p].[Name]
    FROM [Patients] AS [p]
    WHERE [p].[IsDeleted] = CAST(0 AS bit)
) AS [t] ON [a].[PatientId] = [t].[Id]
INNER JOIN [Users] AS [u] ON [a].[DoctorId] = [u].[Id]
LEFT JOIN [Departments] AS [d] ON [a].[DepartmentId] = [d].[Id]
WHERE [a].[AppointmentDate] >= @__queryDate_0 AND [a].[AppointmentDate] < @__nextDay_1
ORDER BY [a].[TimeSlot], [a].[QueueNumber]
2026-05-18 20:55:30.970 +08:00 [INF] Executed DbCommand (0ms) [Parameters=[], CommandType='"Text"', CommandTimeout='30']
SELECT [d].[Id], [d].[Name], [d].[Description], [d].[SortOrder]
FROM [Departments] AS [d]
WHERE [d].[IsActive] = CAST(1 AS bit)
ORDER BY [d].[SortOrder]
2026-05-18 20:55:30.971 +08:00 [INF] Executed DbCommand (1ms) [Parameters=[], CommandType='"Text"', CommandTimeout='30']
SELECT COUNT(*)
FROM [Appointments] AS [a]
2026-05-18 20:55:30.983 +08:00 [INF] Executed DbCommand (3ms) [Parameters=[@__p_0='?' (DbType = Int32), @__p_1='?' (DbType = Int32)], CommandType='"Text"', CommandTimeout='30']
SELECT [t].[Id], [t].[AppointmentNo], [t].[AppointmentDate], [t].[TimeSlot], [t].[QueueNumber], [t].[Status], [t].[Source], [t].[Remark], [t].[CreatedAt], [t].[PatientId], [t0].[Name] AS [PatientName], [t0].[Phone] AS [PatientPhone], [t0].[Gender] AS [PatientGender], [t].[DoctorId], [u].[DisplayName] AS [DoctorName], [u].[Title] AS [DoctorTitle], [t].[DepartmentId], [d].[Name] AS [DepartmentName]
FROM (
    SELECT [a].[Id], [a].[AppointmentDate], [a].[AppointmentNo], [a].[CreatedAt], [a].[DepartmentId], [a].[DoctorId], [a].[PatientId], [a].[QueueNumber], [a].[Remark], [a].[Source], [a].[Status], [a].[TimeSlot]
    FROM [Appointments] AS [a]
    ORDER BY [a].[CreatedAt] DESC
    OFFSET @__p_0 ROWS FETCH NEXT @__p_1 ROWS ONLY
) AS [t]
INNER JOIN (
    SELECT [p].[Id], [p].[Gender], [p].[Name], [p].[Phone]
    FROM [Patients] AS [p]
    WHERE [p].[IsDeleted] = CAST(0 AS bit)
) AS [t0] ON [t].[PatientId] = [t0].[Id]
INNER JOIN [Users] AS [u] ON [t].[DoctorId] = [u].[Id]
LEFT JOIN [Departments] AS [d] ON [t].[DepartmentId] = [d].[Id]
ORDER BY [t].[CreatedAt] DESC
2026-05-18 20:55:32.516 +08:00 [INF] Executed DbCommand (0ms) [Parameters=[], CommandType='"Text"', CommandTimeout='30']
SELECT COUNT(*)
FROM [Appointments] AS [a]
2026-05-18 20:55:32.520 +08:00 [INF] Executed DbCommand (0ms) [Parameters=[@__p_0='?' (DbType = Int32), @__p_1='?' (DbType = Int32)], CommandType='"Text"', CommandTimeout='30']
SELECT [t].[Id], [t].[AppointmentNo], [t].[AppointmentDate], [t].[TimeSlot], [t].[QueueNumber], [t].[Status], [t].[Source], [t].[Remark], [t].[CreatedAt], [t].[PatientId], [t0].[Name] AS [PatientName], [t0].[Phone] AS [PatientPhone], [t0].[Gender] AS [PatientGender], [t].[DoctorId], [u].[DisplayName] AS [DoctorName], [u].[Title] AS [DoctorTitle], [t].[DepartmentId], [d].[Name] AS [DepartmentName]
FROM (
    SELECT [a].[Id], [a].[AppointmentDate], [a].[AppointmentNo], [a].[CreatedAt], [a].[DepartmentId], [a].[DoctorId], [a].[PatientId], [a].[QueueNumber], [a].[Remark], [a].[Source], [a].[Status], [a].[TimeSlot]
    FROM [Appointments] AS [a]
    ORDER BY [a].[CreatedAt] DESC
    OFFSET @__p_0 ROWS FETCH NEXT @__p_1 ROWS ONLY
) AS [t]
INNER JOIN (
    SELECT [p].[Id], [p].[Gender], [p].[Name], [p].[Phone]
    FROM [Patients] AS [p]
    WHERE [p].[IsDeleted] = CAST(0 AS bit)
) AS [t0] ON [t].[PatientId] = [t0].[Id]
INNER JOIN [Users] AS [u] ON [t].[DoctorId] = [u].[Id]
LEFT JOIN [Departments] AS [d] ON [t].[DepartmentId] = [d].[Id]
ORDER BY [t].[CreatedAt] DESC
2026-05-18 20:56:01.199 +08:00 [INF] Executed DbCommand (4ms) [Parameters=[@__queryDate_0='?' (DbType = DateTime2), @__nextDay_1='?' (DbType = DateTime2)], CommandType='"Text"', CommandTimeout='30']
SELECT [a].[Id], [a].[AppointmentNo], [a].[TimeSlot], [a].[QueueNumber], [a].[Status], [t].[Name] AS [PatientName], [u].[DisplayName] AS [DoctorName], [d].[Name] AS [DepartmentName]
FROM [Appointments] AS [a]
INNER JOIN (
    SELECT [p].[Id], [p].[Name]
    FROM [Patients] AS [p]
    WHERE [p].[IsDeleted] = CAST(0 AS bit)
) AS [t] ON [a].[PatientId] = [t].[Id]
INNER JOIN [Users] AS [u] ON [a].[DoctorId] = [u].[Id]
LEFT JOIN [Departments] AS [d] ON [a].[DepartmentId] = [d].[Id]
WHERE [a].[AppointmentDate] >= @__queryDate_0 AND [a].[AppointmentDate] < @__nextDay_1
ORDER BY [a].[TimeSlot], [a].[QueueNumber]
2026-05-18 20:56:09.966 +08:00 [INF] Executed DbCommand (1ms) [Parameters=[@__today_0='?' (DbType = DateTime2), @__tomorrow_1='?' (DbType = DateTime2)], CommandType='"Text"', CommandTimeout='30']
SELECT COUNT(*)
FROM [Appointments] AS [a]
WHERE [a].[AppointmentDate] >= @__today_0 AND [a].[AppointmentDate] < @__tomorrow_1
2026-05-18 20:56:09.971 +08:00 [INF] Executed DbCommand (1ms) [Parameters=[@__today_0='?' (DbType = DateTime2), @__tomorrow_1='?' (DbType = DateTime2)], CommandType='"Text"', CommandTimeout='30']
SELECT COUNT(*)
FROM [MedicalRecords] AS [m]
WHERE [m].[VisitDate] >= @__today_0 AND [m].[VisitDate] < @__tomorrow_1
2026-05-18 20:56:09.975 +08:00 [INF] Executed DbCommand (1ms) [Parameters=[@__today_0='?' (DbType = DateTime2), @__tomorrow_1='?' (DbType = DateTime2)], CommandType='"Text"', CommandTimeout='30']
SELECT COALESCE(SUM([p].[ActualAmount]), 0.0)
FROM [Payments] AS [p]
WHERE [p].[CreatedAt] >= @__today_0 AND [p].[CreatedAt] < @__tomorrow_1 AND [p].[Status] = N'已支付'
2026-05-18 20:56:09.978 +08:00 [INF] Executed DbCommand (1ms) [Parameters=[@__today_0='?' (DbType = DateTime2), @__tomorrow_1='?' (DbType = DateTime2)], CommandType='"Text"', CommandTimeout='30']
SELECT COUNT(*)
FROM [Appointments] AS [a]
WHERE [a].[AppointmentDate] >= @__today_0 AND [a].[AppointmentDate] < @__tomorrow_1 AND [a].[Status] = 1
2026-05-18 20:59:25.671 +08:00 [WRN] Entity 'Patient' has a global query filter defined and is the required end of a relationship with the entity 'Appointment'. This may lead to unexpected results when the required entity is filtered out. Either configure the navigation as optional, or define matching query filters for both entities in the navigation. See https://go.microsoft.com/fwlink/?linkid=2131316 for more information.
2026-05-18 20:59:25.703 +08:00 [WRN] Entity 'Patient' has a global query filter defined and is the required end of a relationship with the entity 'FamilyMember'. This may lead to unexpected results when the required entity is filtered out. Either configure the navigation as optional, or define matching query filters for both entities in the navigation. See https://go.microsoft.com/fwlink/?linkid=2131316 for more information.
2026-05-18 20:59:25.703 +08:00 [WRN] Entity 'Patient' has a global query filter defined and is the required end of a relationship with the entity 'MedicalRecord'. This may lead to unexpected results when the required entity is filtered out. Either configure the navigation as optional, or define matching query filters for both entities in the navigation. See https://go.microsoft.com/fwlink/?linkid=2131316 for more information.
2026-05-18 20:59:25.703 +08:00 [WRN] Entity 'Patient' has a global query filter defined and is the required end of a relationship with the entity 'Payment'. This may lead to unexpected results when the required entity is filtered out. Either configure the navigation as optional, or define matching query filters for both entities in the navigation. See https://go.microsoft.com/fwlink/?linkid=2131316 for more information.
2026-05-18 20:59:25.794 +08:00 [WRN] No store type was specified for the decimal property 'Price' on entity type 'ChargeItem'. This will cause values to be silently truncated if they do not fit in the default precision and scale. Explicitly specify the SQL server column type that can accommodate all the values in 'OnModelCreating' using 'HasColumnType', specify precision and scale using 'HasPrecision', or configure a value converter using 'HasConversion'.
2026-05-18 20:59:25.794 +08:00 [WRN] No store type was specified for the decimal property 'CostPrice' on entity type 'Drug'. This will cause values to be silently truncated if they do not fit in the default precision and scale. Explicitly specify the SQL server column type that can accommodate all the values in 'OnModelCreating' using 'HasColumnType', specify precision and scale using 'HasPrecision', or configure a value converter using 'HasConversion'.
2026-05-18 20:59:25.794 +08:00 [WRN] No store type was specified for the decimal property 'Price' on entity type 'Drug'. This will cause values to be silently truncated if they do not fit in the default precision and scale. Explicitly specify the SQL server column type that can accommodate all the values in 'OnModelCreating' using 'HasColumnType', specify precision and scale using 'HasPrecision', or configure a value converter using 'HasConversion'.
2026-05-18 20:59:25.795 +08:00 [WRN] No store type was specified for the decimal property 'ActualAmount' on entity type 'Payment'. This will cause values to be silently truncated if they do not fit in the default precision and scale. Explicitly specify the SQL server column type that can accommodate all the values in 'OnModelCreating' using 'HasColumnType', specify precision and scale using 'HasPrecision', or configure a value converter using 'HasConversion'.
2026-05-18 20:59:25.795 +08:00 [WRN] No store type was specified for the decimal property 'DiscountAmount' on entity type 'Payment'. This will cause values to be silently truncated if they do not fit in the default precision and scale. Explicitly specify the SQL server column type that can accommodate all the values in 'OnModelCreating' using 'HasColumnType', specify precision and scale using 'HasPrecision', or configure a value converter using 'HasConversion'.
2026-05-18 20:59:25.795 +08:00 [WRN] No store type was specified for the decimal property 'TotalAmount' on entity type 'Payment'. This will cause values to be silently truncated if they do not fit in the default precision and scale. Explicitly specify the SQL server column type that can accommodate all the values in 'OnModelCreating' using 'HasColumnType', specify precision and scale using 'HasPrecision', or configure a value converter using 'HasConversion'.
2026-05-18 20:59:25.795 +08:00 [WRN] No store type was specified for the decimal property 'SubTotal' on entity type 'PaymentItem'. This will cause values to be silently truncated if they do not fit in the default precision and scale. Explicitly specify the SQL server column type that can accommodate all the values in 'OnModelCreating' using 'HasColumnType', specify precision and scale using 'HasPrecision', or configure a value converter using 'HasConversion'.
2026-05-18 20:59:25.795 +08:00 [WRN] No store type was specified for the decimal property 'UnitPrice' on entity type 'PaymentItem'. This will cause values to be silently truncated if they do not fit in the default precision and scale. Explicitly specify the SQL server column type that can accommodate all the values in 'OnModelCreating' using 'HasColumnType', specify precision and scale using 'HasPrecision', or configure a value converter using 'HasConversion'.
2026-05-18 20:59:25.795 +08:00 [WRN] No store type was specified for the decimal property 'TotalAmount' on entity type 'Prescription'. This will cause values to be silently truncated if they do not fit in the default precision and scale. Explicitly specify the SQL server column type that can accommodate all the values in 'OnModelCreating' using 'HasColumnType', specify precision and scale using 'HasPrecision', or configure a value converter using 'HasConversion'.
2026-05-18 20:59:25.795 +08:00 [WRN] No store type was specified for the decimal property 'Quantity' on entity type 'PrescriptionItem'. This will cause values to be silently truncated if they do not fit in the default precision and scale. Explicitly specify the SQL server column type that can accommodate all the values in 'OnModelCreating' using 'HasColumnType', specify precision and scale using 'HasPrecision', or configure a value converter using 'HasConversion'.
2026-05-18 20:59:25.795 +08:00 [WRN] No store type was specified for the decimal property 'SubTotal' on entity type 'PrescriptionItem'. This will cause values to be silently truncated if they do not fit in the default precision and scale. Explicitly specify the SQL server column type that can accommodate all the values in 'OnModelCreating' using 'HasColumnType', specify precision and scale using 'HasPrecision', or configure a value converter using 'HasConversion'.
2026-05-18 20:59:25.795 +08:00 [WRN] No store type was specified for the decimal property 'UnitPrice' on entity type 'PrescriptionItem'. This will cause values to be silently truncated if they do not fit in the default precision and scale. Explicitly specify the SQL server column type that can accommodate all the values in 'OnModelCreating' using 'HasColumnType', specify precision and scale using 'HasPrecision', or configure a value converter using 'HasConversion'.
2026-05-18 20:59:25.795 +08:00 [WRN] No store type was specified for the decimal property 'ConsultationFee' on entity type 'User'. This will cause values to be silently truncated if they do not fit in the default precision and scale. Explicitly specify the SQL server column type that can accommodate all the values in 'OnModelCreating' using 'HasColumnType', specify precision and scale using 'HasPrecision', or configure a value converter using 'HasConversion'.
2026-05-18 20:59:26.113 +08:00 [INF] Executed DbCommand (12ms) [Parameters=[], CommandType='"Text"', CommandTimeout='30']
SELECT 1
2026-05-18 20:59:26.132 +08:00 [INF] Executed DbCommand (10ms) [Parameters=[], CommandType='"Text"', CommandTimeout='30']
SELECT OBJECT_ID(N'[__EFMigrationsHistory]');
2026-05-18 20:59:26.134 +08:00 [INF] Executed DbCommand (1ms) [Parameters=[], CommandType='"Text"', CommandTimeout='30']
SELECT 1
2026-05-18 20:59:26.135 +08:00 [INF] Executed DbCommand (0ms) [Parameters=[], CommandType='"Text"', CommandTimeout='30']
SELECT OBJECT_ID(N'[__EFMigrationsHistory]');
2026-05-18 20:59:26.147 +08:00 [INF] Executed DbCommand (1ms) [Parameters=[], CommandType='"Text"', CommandTimeout='30']
SELECT [MigrationId], [ProductVersion]
FROM [__EFMigrationsHistory]
ORDER BY [MigrationId];
2026-05-18 20:59:26.158 +08:00 [INF] No migrations were applied. The database is already up to date.
2026-05-18 20:59:26.268 +08:00 [INF] Now listening on: https://localhost:4887
2026-05-18 20:59:26.269 +08:00 [INF] Now listening on: http://localhost:4888
2026-05-18 20:59:26.270 +08:00 [INF] Application started. Press Ctrl+C to shut down.
2026-05-18 20:59:26.270 +08:00 [INF] Hosting environment: Development
2026-05-18 20:59:26.270 +08:00 [INF] Content root path: D:\ClinicSystem\src\ClinicSystem.Api
2026-05-18 21:00:28.018 +08:00 [INF] Executed DbCommand (18ms) [Parameters=[@__today_0='?' (DbType = DateTime2), @__tomorrow_1='?' (DbType = DateTime2)], CommandType='"Text"', CommandTimeout='30']
SELECT COUNT(*)
FROM [Appointments] AS [a]
WHERE [a].[AppointmentDate] >= @__today_0 AND [a].[AppointmentDate] < @__tomorrow_1
2026-05-18 21:00:28.033 +08:00 [INF] Executed DbCommand (2ms) [Parameters=[@__today_0='?' (DbType = DateTime2), @__tomorrow_1='?' (DbType = DateTime2)], CommandType='"Text"', CommandTimeout='30']
SELECT COUNT(*)
FROM [MedicalRecords] AS [m]
WHERE [m].[VisitDate] >= @__today_0 AND [m].[VisitDate] < @__tomorrow_1
2026-05-18 21:00:28.047 +08:00 [INF] Executed DbCommand (2ms) [Parameters=[@__today_0='?' (DbType = DateTime2), @__tomorrow_1='?' (DbType = DateTime2)], CommandType='"Text"', CommandTimeout='30']
SELECT COALESCE(SUM([p].[ActualAmount]), 0.0)
FROM [Payments] AS [p]
WHERE [p].[CreatedAt] >= @__today_0 AND [p].[CreatedAt] < @__tomorrow_1 AND [p].[Status] = N'已支付'
2026-05-18 21:00:28.054 +08:00 [INF] Executed DbCommand (1ms) [Parameters=[@__today_0='?' (DbType = DateTime2), @__tomorrow_1='?' (DbType = DateTime2)], CommandType='"Text"', CommandTimeout='30']
SELECT COUNT(*)
FROM [Appointments] AS [a]
WHERE [a].[AppointmentDate] >= @__today_0 AND [a].[AppointmentDate] < @__tomorrow_1 AND [a].[Status] = 1
2026-05-18 21:00:29.707 +08:00 [INF] Executed DbCommand (1ms) [Parameters=[], CommandType='"Text"', CommandTimeout='30']
SELECT COUNT(*)
FROM [Patients] AS [p]
WHERE [p].[IsDeleted] = CAST(0 AS bit)
2026-05-18 21:00:29.726 +08:00 [INF] Executed DbCommand (2ms) [Parameters=[@__p_0='?' (DbType = Int32), @__p_1='?' (DbType = Int32)], CommandType='"Text"', CommandTimeout='30']
SELECT [p].[Id], [p].[Name], [p].[Gender], [p].[DateOfBirth], [p].[Phone], [p].[IdCard], [p].[Address], [p].[Allergies], [p].[MedicalHistory], [p].[CreatedAt]
FROM [Patients] AS [p]
WHERE [p].[IsDeleted] = CAST(0 AS bit)
ORDER BY [p].[CreatedAt] DESC
OFFSET @__p_0 ROWS FETCH NEXT @__p_1 ROWS ONLY
2026-05-18 21:00:31.903 +08:00 [INF] Executed DbCommand (2ms) [Parameters=[], CommandType='"Text"', CommandTimeout='30']
SELECT [d].[Id], [d].[Name], [d].[Description], [d].[SortOrder]
FROM [Departments] AS [d]
WHERE [d].[IsActive] = CAST(1 AS bit)
ORDER BY [d].[SortOrder]
2026-05-18 21:00:31.908 +08:00 [INF] Executed DbCommand (1ms) [Parameters=[], CommandType='"Text"', CommandTimeout='30']
SELECT COUNT(*)
FROM [Appointments] AS [a]
2026-05-18 21:00:31.950 +08:00 [INF] Executed DbCommand (4ms) [Parameters=[@__p_0='?' (DbType = Int32), @__p_1='?' (DbType = Int32)], CommandType='"Text"', CommandTimeout='30']
SELECT [t].[Id], [t].[AppointmentNo], [t].[AppointmentDate], [t].[TimeSlot], [t].[QueueNumber], [t].[Status], [t].[Source], [t].[Remark], [t].[CreatedAt], [t].[PatientId], [t0].[Name] AS [PatientName], [t0].[Phone] AS [PatientPhone], [t0].[Gender] AS [PatientGender], [t].[DoctorId], [u].[DisplayName] AS [DoctorName], [u].[Title] AS [DoctorTitle], [t].[DepartmentId], [d].[Name] AS [DepartmentName]
FROM (
    SELECT [a].[Id], [a].[AppointmentDate], [a].[AppointmentNo], [a].[CreatedAt], [a].[DepartmentId], [a].[DoctorId], [a].[PatientId], [a].[QueueNumber], [a].[Remark], [a].[Source], [a].[Status], [a].[TimeSlot]
    FROM [Appointments] AS [a]
    ORDER BY [a].[CreatedAt] DESC
    OFFSET @__p_0 ROWS FETCH NEXT @__p_1 ROWS ONLY
) AS [t]
INNER JOIN (
    SELECT [p].[Id], [p].[Gender], [p].[Name], [p].[Phone]
    FROM [Patients] AS [p]
    WHERE [p].[IsDeleted] = CAST(0 AS bit)
) AS [t0] ON [t].[PatientId] = [t0].[Id]
INNER JOIN [Users] AS [u] ON [t].[DoctorId] = [u].[Id]
LEFT JOIN [Departments] AS [d] ON [t].[DepartmentId] = [d].[Id]
ORDER BY [t].[CreatedAt] DESC
2026-05-18 21:00:31.957 +08:00 [INF] Executed DbCommand (3ms) [Parameters=[@__queryDate_0='?' (DbType = DateTime2), @__nextDay_1='?' (DbType = DateTime2)], CommandType='"Text"', CommandTimeout='30']
SELECT [a].[Id], [a].[AppointmentNo], [a].[TimeSlot], [a].[QueueNumber], [a].[Status], [t].[Name] AS [PatientName], [u].[DisplayName] AS [DoctorName], [d].[Name] AS [DepartmentName]
FROM [Appointments] AS [a]
INNER JOIN (
    SELECT [p].[Id], [p].[Name]
    FROM [Patients] AS [p]
    WHERE [p].[IsDeleted] = CAST(0 AS bit)
) AS [t] ON [a].[PatientId] = [t].[Id]
INNER JOIN [Users] AS [u] ON [a].[DoctorId] = [u].[Id]
LEFT JOIN [Departments] AS [d] ON [a].[DepartmentId] = [d].[Id]
WHERE [a].[AppointmentDate] >= @__queryDate_0 AND [a].[AppointmentDate] < @__nextDay_1
ORDER BY [a].[TimeSlot], [a].[QueueNumber]
2026-05-18 21:00:40.761 +08:00 [INF] Executed DbCommand (0ms) [Parameters=[], CommandType='"Text"', CommandTimeout='30']
SELECT COUNT(*)
FROM [Patients] AS [p]
WHERE [p].[IsDeleted] = CAST(0 AS bit)
2026-05-18 21:00:40.763 +08:00 [INF] Executed DbCommand (0ms) [Parameters=[@__p_0='?' (DbType = Int32), @__p_1='?' (DbType = Int32)], CommandType='"Text"', CommandTimeout='30']
SELECT [p].[Id], [p].[Name], [p].[Gender], [p].[DateOfBirth], [p].[Phone], [p].[IdCard], [p].[Address], [p].[Allergies], [p].[MedicalHistory], [p].[CreatedAt]
FROM [Patients] AS [p]
WHERE [p].[IsDeleted] = CAST(0 AS bit)
ORDER BY [p].[CreatedAt] DESC
OFFSET @__p_0 ROWS FETCH NEXT @__p_1 ROWS ONLY
2026-05-18 21:01:02.889 +08:00 [INF] Executed DbCommand (1ms) [Parameters=[@__queryDate_0='?' (DbType = DateTime2), @__nextDay_1='?' (DbType = DateTime2)], CommandType='"Text"', CommandTimeout='30']
SELECT [a].[Id], [a].[AppointmentNo], [a].[TimeSlot], [a].[QueueNumber], [a].[Status], [t].[Name] AS [PatientName], [u].[DisplayName] AS [DoctorName], [d].[Name] AS [DepartmentName]
FROM [Appointments] AS [a]
INNER JOIN (
    SELECT [p].[Id], [p].[Name]
    FROM [Patients] AS [p]
    WHERE [p].[IsDeleted] = CAST(0 AS bit)
) AS [t] ON [a].[PatientId] = [t].[Id]
INNER JOIN [Users] AS [u] ON [a].[DoctorId] = [u].[Id]
LEFT JOIN [Departments] AS [d] ON [a].[DepartmentId] = [d].[Id]
WHERE [a].[AppointmentDate] >= @__queryDate_0 AND [a].[AppointmentDate] < @__nextDay_1
ORDER BY [a].[TimeSlot], [a].[QueueNumber]
2026-05-18 21:01:33.193 +08:00 [INF] Executed DbCommand (4ms) [Parameters=[@__queryDate_0='?' (DbType = DateTime2), @__nextDay_1='?' (DbType = DateTime2)], CommandType='"Text"', CommandTimeout='30']
SELECT [a].[Id], [a].[AppointmentNo], [a].[TimeSlot], [a].[QueueNumber], [a].[Status], [t].[Name] AS [PatientName], [u].[DisplayName] AS [DoctorName], [d].[Name] AS [DepartmentName]
FROM [Appointments] AS [a]
INNER JOIN (
    SELECT [p].[Id], [p].[Name]
    FROM [Patients] AS [p]
    WHERE [p].[IsDeleted] = CAST(0 AS bit)
) AS [t] ON [a].[PatientId] = [t].[Id]
INNER JOIN [Users] AS [u] ON [a].[DoctorId] = [u].[Id]
LEFT JOIN [Departments] AS [d] ON [a].[DepartmentId] = [d].[Id]
WHERE [a].[AppointmentDate] >= @__queryDate_0 AND [a].[AppointmentDate] < @__nextDay_1
ORDER BY [a].[TimeSlot], [a].[QueueNumber]
2026-05-18 21:02:02.886 +08:00 [INF] Executed DbCommand (1ms) [Parameters=[@__queryDate_0='?' (DbType = DateTime2), @__nextDay_1='?' (DbType = DateTime2)], CommandType='"Text"', CommandTimeout='30']
SELECT [a].[Id], [a].[AppointmentNo], [a].[TimeSlot], [a].[QueueNumber], [a].[Status], [t].[Name] AS [PatientName], [u].[DisplayName] AS [DoctorName], [d].[Name] AS [DepartmentName]
FROM [Appointments] AS [a]
INNER JOIN (
    SELECT [p].[Id], [p].[Name]
    FROM [Patients] AS [p]
    WHERE [p].[IsDeleted] = CAST(0 AS bit)
) AS [t] ON [a].[PatientId] = [t].[Id]
INNER JOIN [Users] AS [u] ON [a].[DoctorId] = [u].[Id]
LEFT JOIN [Departments] AS [d] ON [a].[DepartmentId] = [d].[Id]
WHERE [a].[AppointmentDate] >= @__queryDate_0 AND [a].[AppointmentDate] < @__nextDay_1
ORDER BY [a].[TimeSlot], [a].[QueueNumber]
2026-05-18 21:02:28.982 +08:00 [INF] Executed DbCommand (2ms) [Parameters=[], CommandType='"Text"', CommandTimeout='30']
SELECT [d].[Id], [d].[Name], [d].[Description], [d].[SortOrder]
FROM [Departments] AS [d]
WHERE [d].[IsActive] = CAST(1 AS bit)
ORDER BY [d].[SortOrder]
2026-05-18 21:02:28.985 +08:00 [INF] Executed DbCommand (5ms) [Parameters=[@__queryDate_0='?' (DbType = DateTime2), @__nextDay_1='?' (DbType = DateTime2)], CommandType='"Text"', CommandTimeout='30']
SELECT [a].[Id], [a].[AppointmentNo], [a].[TimeSlot], [a].[QueueNumber], [a].[Status], [t].[Name] AS [PatientName], [u].[DisplayName] AS [DoctorName], [d].[Name] AS [DepartmentName]
FROM [Appointments] AS [a]
INNER JOIN (
    SELECT [p].[Id], [p].[Name]
    FROM [Patients] AS [p]
    WHERE [p].[IsDeleted] = CAST(0 AS bit)
) AS [t] ON [a].[PatientId] = [t].[Id]
INNER JOIN [Users] AS [u] ON [a].[DoctorId] = [u].[Id]
LEFT JOIN [Departments] AS [d] ON [a].[DepartmentId] = [d].[Id]
WHERE [a].[AppointmentDate] >= @__queryDate_0 AND [a].[AppointmentDate] < @__nextDay_1
ORDER BY [a].[TimeSlot], [a].[QueueNumber]
2026-05-18 21:02:28.987 +08:00 [INF] Executed DbCommand (1ms) [Parameters=[], CommandType='"Text"', CommandTimeout='30']
SELECT COUNT(*)
FROM [Appointments] AS [a]
2026-05-18 21:02:28.992 +08:00 [INF] Executed DbCommand (4ms) [Parameters=[@__p_0='?' (DbType = Int32), @__p_1='?' (DbType = Int32)], CommandType='"Text"', CommandTimeout='30']
SELECT [t].[Id], [t].[AppointmentNo], [t].[AppointmentDate], [t].[TimeSlot], [t].[QueueNumber], [t].[Status], [t].[Source], [t].[Remark], [t].[CreatedAt], [t].[PatientId], [t0].[Name] AS [PatientName], [t0].[Phone] AS [PatientPhone], [t0].[Gender] AS [PatientGender], [t].[DoctorId], [u].[DisplayName] AS [DoctorName], [u].[Title] AS [DoctorTitle], [t].[DepartmentId], [d].[Name] AS [DepartmentName]
FROM (
    SELECT [a].[Id], [a].[AppointmentDate], [a].[AppointmentNo], [a].[CreatedAt], [a].[DepartmentId], [a].[DoctorId], [a].[PatientId], [a].[QueueNumber], [a].[Remark], [a].[Source], [a].[Status], [a].[TimeSlot]
    FROM [Appointments] AS [a]
    ORDER BY [a].[CreatedAt] DESC
    OFFSET @__p_0 ROWS FETCH NEXT @__p_1 ROWS ONLY
) AS [t]
INNER JOIN (
    SELECT [p].[Id], [p].[Gender], [p].[Name], [p].[Phone]
    FROM [Patients] AS [p]
    WHERE [p].[IsDeleted] = CAST(0 AS bit)
) AS [t0] ON [t].[PatientId] = [t0].[Id]
INNER JOIN [Users] AS [u] ON [t].[DoctorId] = [u].[Id]
LEFT JOIN [Departments] AS [d] ON [t].[DepartmentId] = [d].[Id]
ORDER BY [t].[CreatedAt] DESC
2026-05-18 21:02:58.366 +08:00 [INF] Executed DbCommand (0ms) [Parameters=[@__queryDate_0='?' (DbType = DateTime2), @__nextDay_1='?' (DbType = DateTime2)], CommandType='"Text"', CommandTimeout='30']
SELECT [a].[Id], [a].[AppointmentNo], [a].[TimeSlot], [a].[QueueNumber], [a].[Status], [t].[Name] AS [PatientName], [u].[DisplayName] AS [DoctorName], [d].[Name] AS [DepartmentName]
FROM [Appointments] AS [a]
INNER JOIN (
    SELECT [p].[Id], [p].[Name]
    FROM [Patients] AS [p]
    WHERE [p].[IsDeleted] = CAST(0 AS bit)
) AS [t] ON [a].[PatientId] = [t].[Id]
INNER JOIN [Users] AS [u] ON [a].[DoctorId] = [u].[Id]
LEFT JOIN [Departments] AS [d] ON [a].[DepartmentId] = [d].[Id]
WHERE [a].[AppointmentDate] >= @__queryDate_0 AND [a].[AppointmentDate] < @__nextDay_1
ORDER BY [a].[TimeSlot], [a].[QueueNumber]
2026-05-18 21:02:58.366 +08:00 [INF] Executed DbCommand (0ms) [Parameters=[], CommandType='"Text"', CommandTimeout='30']
SELECT [d].[Id], [d].[Name], [d].[Description], [d].[SortOrder]
FROM [Departments] AS [d]
WHERE [d].[IsActive] = CAST(1 AS bit)
ORDER BY [d].[SortOrder]
2026-05-18 21:02:58.668 +08:00 [INF] Executed DbCommand (0ms) [Parameters=[], CommandType='"Text"', CommandTimeout='30']
SELECT COUNT(*)
FROM [Appointments] AS [a]
2026-05-18 21:02:58.670 +08:00 [INF] Executed DbCommand (0ms) [Parameters=[@__p_0='?' (DbType = Int32), @__p_1='?' (DbType = Int32)], CommandType='"Text"', CommandTimeout='30']
SELECT [t].[Id], [t].[AppointmentNo], [t].[AppointmentDate], [t].[TimeSlot], [t].[QueueNumber], [t].[Status], [t].[Source], [t].[Remark], [t].[CreatedAt], [t].[PatientId], [t0].[Name] AS [PatientName], [t0].[Phone] AS [PatientPhone], [t0].[Gender] AS [PatientGender], [t].[DoctorId], [u].[DisplayName] AS [DoctorName], [u].[Title] AS [DoctorTitle], [t].[DepartmentId], [d].[Name] AS [DepartmentName]
FROM (
    SELECT [a].[Id], [a].[AppointmentDate], [a].[AppointmentNo], [a].[CreatedAt], [a].[DepartmentId], [a].[DoctorId], [a].[PatientId], [a].[QueueNumber], [a].[Remark], [a].[Source], [a].[Status], [a].[TimeSlot]
    FROM [Appointments] AS [a]
    ORDER BY [a].[CreatedAt] DESC
    OFFSET @__p_0 ROWS FETCH NEXT @__p_1 ROWS ONLY
) AS [t]
INNER JOIN (
    SELECT [p].[Id], [p].[Gender], [p].[Name], [p].[Phone]
    FROM [Patients] AS [p]
    WHERE [p].[IsDeleted] = CAST(0 AS bit)
) AS [t0] ON [t].[PatientId] = [t0].[Id]
INNER JOIN [Users] AS [u] ON [t].[DoctorId] = [u].[Id]
LEFT JOIN [Departments] AS [d] ON [t].[DepartmentId] = [d].[Id]
ORDER BY [t].[CreatedAt] DESC
2026-05-18 21:03:00.175 +08:00 [INF] Executed DbCommand (2ms) [Parameters=[@__username_0='?' (Size = 50)], CommandType='"Text"', CommandTimeout='30']
SELECT TOP(1) [u].[Id], [u].[ConsultationFee], [u].[CreatedAt], [u].[DepartmentId], [u].[DisplayName], [u].[Email], [u].[Introduction], [u].[IsActive], [u].[LastLoginAt], [u].[MaxDailyPatients], [u].[PasswordHash], [u].[Phone], [u].[Role], [u].[Title], [u].[Username], [d].[Id], [d].[CreatedAt], [d].[Description], [d].[IsActive], [d].[Name], [d].[SortOrder]
FROM [Users] AS [u]
LEFT JOIN [Departments] AS [d] ON [u].[DepartmentId] = [d].[Id]
WHERE [u].[Username] = @__username_0 AND [u].[IsActive] = CAST(1 AS bit)
2026-05-18 21:03:00.463 +08:00 [INF] Executed DbCommand (3ms) [Parameters=[@p1='?' (DbType = Int32), @p0='?' (DbType = DateTime2)], CommandType='"Text"', CommandTimeout='30']
SET IMPLICIT_TRANSACTIONS OFF;
SET NOCOUNT ON;
UPDATE [Users] SET [LastLoginAt] = @p0
OUTPUT 1
WHERE [Id] = @p1;
2026-05-18 21:03:00.650 +08:00 [INF] Executed DbCommand (37ms) [Parameters=[@__today_0='?' (DbType = DateTime2), @__tomorrow_1='?' (DbType = DateTime2)], CommandType='"Text"', CommandTimeout='30']
SELECT COUNT(*)
FROM [Appointments] AS [a]
WHERE [a].[AppointmentDate] >= @__today_0 AND [a].[AppointmentDate] < @__tomorrow_1
2026-05-18 21:03:00.653 +08:00 [INF] Executed DbCommand (2ms) [Parameters=[@__today_0='?' (DbType = DateTime2), @__tomorrow_1='?' (DbType = DateTime2)], CommandType='"Text"', CommandTimeout='30']
SELECT COUNT(*)
FROM [MedicalRecords] AS [m]
WHERE [m].[VisitDate] >= @__today_0 AND [m].[VisitDate] < @__tomorrow_1
2026-05-18 21:03:00.658 +08:00 [INF] Executed DbCommand (3ms) [Parameters=[@__today_0='?' (DbType = DateTime2), @__tomorrow_1='?' (DbType = DateTime2)], CommandType='"Text"', CommandTimeout='30']
SELECT COALESCE(SUM([p].[ActualAmount]), 0.0)
FROM [Payments] AS [p]
WHERE [p].[CreatedAt] >= @__today_0 AND [p].[CreatedAt] < @__tomorrow_1 AND [p].[Status] = N'已支付'
2026-05-18 21:03:00.662 +08:00 [INF] Executed DbCommand (2ms) [Parameters=[@__today_0='?' (DbType = DateTime2), @__tomorrow_1='?' (DbType = DateTime2)], CommandType='"Text"', CommandTimeout='30']
SELECT COUNT(*)
FROM [Appointments] AS [a]
WHERE [a].[AppointmentDate] >= @__today_0 AND [a].[AppointmentDate] < @__tomorrow_1 AND [a].[Status] = 1
2026-05-18 21:03:06.024 +08:00 [INF] Executed DbCommand (0ms) [Parameters=[], CommandType='"Text"', CommandTimeout='30']
SELECT COUNT(*)
FROM [Appointments] AS [a]
2026-05-18 21:03:06.025 +08:00 [INF] Executed DbCommand (1ms) [Parameters=[], CommandType='"Text"', CommandTimeout='30']
SELECT [d].[Id], [d].[Name], [d].[Description], [d].[SortOrder]
FROM [Departments] AS [d]
WHERE [d].[IsActive] = CAST(1 AS bit)
ORDER BY [d].[SortOrder]
2026-05-18 21:03:06.024 +08:00 [INF] Executed DbCommand (0ms) [Parameters=[@__queryDate_0='?' (DbType = DateTime2), @__nextDay_1='?' (DbType = DateTime2)], CommandType='"Text"', CommandTimeout='30']
SELECT [a].[Id], [a].[AppointmentNo], [a].[TimeSlot], [a].[QueueNumber], [a].[Status], [t].[Name] AS [PatientName], [u].[DisplayName] AS [DoctorName], [d].[Name] AS [DepartmentName]
FROM [Appointments] AS [a]
INNER JOIN (
    SELECT [p].[Id], [p].[Name]
    FROM [Patients] AS [p]
    WHERE [p].[IsDeleted] = CAST(0 AS bit)
) AS [t] ON [a].[PatientId] = [t].[Id]
INNER JOIN [Users] AS [u] ON [a].[DoctorId] = [u].[Id]
LEFT JOIN [Departments] AS [d] ON [a].[DepartmentId] = [d].[Id]
WHERE [a].[AppointmentDate] >= @__queryDate_0 AND [a].[AppointmentDate] < @__nextDay_1
ORDER BY [a].[TimeSlot], [a].[QueueNumber]
2026-05-18 21:03:06.026 +08:00 [INF] Executed DbCommand (0ms) [Parameters=[@__p_0='?' (DbType = Int32), @__p_1='?' (DbType = Int32)], CommandType='"Text"', CommandTimeout='30']
SELECT [t].[Id], [t].[AppointmentNo], [t].[AppointmentDate], [t].[TimeSlot], [t].[QueueNumber], [t].[Status], [t].[Source], [t].[Remark], [t].[CreatedAt], [t].[PatientId], [t0].[Name] AS [PatientName], [t0].[Phone] AS [PatientPhone], [t0].[Gender] AS [PatientGender], [t].[DoctorId], [u].[DisplayName] AS [DoctorName], [u].[Title] AS [DoctorTitle], [t].[DepartmentId], [d].[Name] AS [DepartmentName]
FROM (
    SELECT [a].[Id], [a].[AppointmentDate], [a].[AppointmentNo], [a].[CreatedAt], [a].[DepartmentId], [a].[DoctorId], [a].[PatientId], [a].[QueueNumber], [a].[Remark], [a].[Source], [a].[Status], [a].[TimeSlot]
    FROM [Appointments] AS [a]
    ORDER BY [a].[CreatedAt] DESC
    OFFSET @__p_0 ROWS FETCH NEXT @__p_1 ROWS ONLY
) AS [t]
INNER JOIN (
    SELECT [p].[Id], [p].[Gender], [p].[Name], [p].[Phone]
    FROM [Patients] AS [p]
    WHERE [p].[IsDeleted] = CAST(0 AS bit)
) AS [t0] ON [t].[PatientId] = [t0].[Id]
INNER JOIN [Users] AS [u] ON [t].[DoctorId] = [u].[Id]
LEFT JOIN [Departments] AS [d] ON [t].[DepartmentId] = [d].[Id]
ORDER BY [t].[CreatedAt] DESC
2026-05-18 21:03:09.006 +08:00 [INF] Executed DbCommand (1ms) [Parameters=[], CommandType='"Text"', CommandTimeout='30']
SELECT COUNT(*)
FROM [Patients] AS [p]
WHERE [p].[IsDeleted] = CAST(0 AS bit)
2026-05-18 21:03:09.008 +08:00 [INF] Executed DbCommand (1ms) [Parameters=[@__p_0='?' (DbType = Int32), @__p_1='?' (DbType = Int32)], CommandType='"Text"', CommandTimeout='30']
SELECT [p].[Id], [p].[Name], [p].[Gender], [p].[DateOfBirth], [p].[Phone], [p].[IdCard], [p].[Address], [p].[Allergies], [p].[MedicalHistory], [p].[CreatedAt]
FROM [Patients] AS [p]
WHERE [p].[IsDeleted] = CAST(0 AS bit)
ORDER BY [p].[CreatedAt] DESC
OFFSET @__p_0 ROWS FETCH NEXT @__p_1 ROWS ONLY
2026-05-18 21:03:29.200 +08:00 [INF] Executed DbCommand (4ms) [Parameters=[@__queryDate_0='?' (DbType = DateTime2), @__nextDay_1='?' (DbType = DateTime2)], CommandType='"Text"', CommandTimeout='30']
SELECT [a].[Id], [a].[AppointmentNo], [a].[TimeSlot], [a].[QueueNumber], [a].[Status], [t].[Name] AS [PatientName], [u].[DisplayName] AS [DoctorName], [d].[Name] AS [DepartmentName]
FROM [Appointments] AS [a]
INNER JOIN (
    SELECT [p].[Id], [p].[Name]
    FROM [Patients] AS [p]
    WHERE [p].[IsDeleted] = CAST(0 AS bit)
) AS [t] ON [a].[PatientId] = [t].[Id]
INNER JOIN [Users] AS [u] ON [a].[DoctorId] = [u].[Id]
LEFT JOIN [Departments] AS [d] ON [a].[DepartmentId] = [d].[Id]
WHERE [a].[AppointmentDate] >= @__queryDate_0 AND [a].[AppointmentDate] < @__nextDay_1
ORDER BY [a].[TimeSlot], [a].[QueueNumber]
2026-05-18 21:03:36.342 +08:00 [INF] Executed DbCommand (5ms) [Parameters=[@__queryDate_0='?' (DbType = DateTime2), @__nextDay_1='?' (DbType = DateTime2)], CommandType='"Text"', CommandTimeout='30']
SELECT [a].[Id], [a].[AppointmentNo], [a].[TimeSlot], [a].[QueueNumber], [a].[Status], [t].[Name] AS [PatientName], [u].[DisplayName] AS [DoctorName], [d].[Name] AS [DepartmentName]
FROM [Appointments] AS [a]
INNER JOIN (
    SELECT [p].[Id], [p].[Name]
    FROM [Patients] AS [p]
    WHERE [p].[IsDeleted] = CAST(0 AS bit)
) AS [t] ON [a].[PatientId] = [t].[Id]
INNER JOIN [Users] AS [u] ON [a].[DoctorId] = [u].[Id]
LEFT JOIN [Departments] AS [d] ON [a].[DepartmentId] = [d].[Id]
WHERE [a].[AppointmentDate] >= @__queryDate_0 AND [a].[AppointmentDate] < @__nextDay_1
ORDER BY [a].[TimeSlot], [a].[QueueNumber]
2026-05-18 21:03:58.892 +08:00 [INF] Executed DbCommand (0ms) [Parameters=[@__queryDate_0='?' (DbType = DateTime2), @__nextDay_1='?' (DbType = DateTime2)], CommandType='"Text"', CommandTimeout='30']
SELECT [a].[Id], [a].[AppointmentNo], [a].[TimeSlot], [a].[QueueNumber], [a].[Status], [t].[Name] AS [PatientName], [u].[DisplayName] AS [DoctorName], [d].[Name] AS [DepartmentName]
FROM [Appointments] AS [a]
INNER JOIN (
    SELECT [p].[Id], [p].[Name]
    FROM [Patients] AS [p]
    WHERE [p].[IsDeleted] = CAST(0 AS bit)
) AS [t] ON [a].[PatientId] = [t].[Id]
INNER JOIN [Users] AS [u] ON [a].[DoctorId] = [u].[Id]
LEFT JOIN [Departments] AS [d] ON [a].[DepartmentId] = [d].[Id]
WHERE [a].[AppointmentDate] >= @__queryDate_0 AND [a].[AppointmentDate] < @__nextDay_1
ORDER BY [a].[TimeSlot], [a].[QueueNumber]
2026-05-18 21:04:06.037 +08:00 [INF] Executed DbCommand (0ms) [Parameters=[@__queryDate_0='?' (DbType = DateTime2), @__nextDay_1='?' (DbType = DateTime2)], CommandType='"Text"', CommandTimeout='30']
SELECT [a].[Id], [a].[AppointmentNo], [a].[TimeSlot], [a].[QueueNumber], [a].[Status], [t].[Name] AS [PatientName], [u].[DisplayName] AS [DoctorName], [d].[Name] AS [DepartmentName]
FROM [Appointments] AS [a]
INNER JOIN (
    SELECT [p].[Id], [p].[Name]
    FROM [Patients] AS [p]
    WHERE [p].[IsDeleted] = CAST(0 AS bit)
) AS [t] ON [a].[PatientId] = [t].[Id]
INNER JOIN [Users] AS [u] ON [a].[DoctorId] = [u].[Id]
LEFT JOIN [Departments] AS [d] ON [a].[DepartmentId] = [d].[Id]
WHERE [a].[AppointmentDate] >= @__queryDate_0 AND [a].[AppointmentDate] < @__nextDay_1
ORDER BY [a].[TimeSlot], [a].[QueueNumber]
2026-05-18 21:04:29.189 +08:00 [INF] Executed DbCommand (0ms) [Parameters=[@__queryDate_0='?' (DbType = DateTime2), @__nextDay_1='?' (DbType = DateTime2)], CommandType='"Text"', CommandTimeout='30']
SELECT [a].[Id], [a].[AppointmentNo], [a].[TimeSlot], [a].[QueueNumber], [a].[Status], [t].[Name] AS [PatientName], [u].[DisplayName] AS [DoctorName], [d].[Name] AS [DepartmentName]
FROM [Appointments] AS [a]
INNER JOIN (
    SELECT [p].[Id], [p].[Name]
    FROM [Patients] AS [p]
    WHERE [p].[IsDeleted] = CAST(0 AS bit)
) AS [t] ON [a].[PatientId] = [t].[Id]
INNER JOIN [Users] AS [u] ON [a].[DoctorId] = [u].[Id]
LEFT JOIN [Departments] AS [d] ON [a].[DepartmentId] = [d].[Id]
WHERE [a].[AppointmentDate] >= @__queryDate_0 AND [a].[AppointmentDate] < @__nextDay_1
ORDER BY [a].[TimeSlot], [a].[QueueNumber]
2026-05-18 21:04:36.342 +08:00 [INF] Executed DbCommand (4ms) [Parameters=[@__queryDate_0='?' (DbType = DateTime2), @__nextDay_1='?' (DbType = DateTime2)], CommandType='"Text"', CommandTimeout='30']
SELECT [a].[Id], [a].[AppointmentNo], [a].[TimeSlot], [a].[QueueNumber], [a].[Status], [t].[Name] AS [PatientName], [u].[DisplayName] AS [DoctorName], [d].[Name] AS [DepartmentName]
FROM [Appointments] AS [a]
INNER JOIN (
    SELECT [p].[Id], [p].[Name]
    FROM [Patients] AS [p]
    WHERE [p].[IsDeleted] = CAST(0 AS bit)
) AS [t] ON [a].[PatientId] = [t].[Id]
INNER JOIN [Users] AS [u] ON [a].[DoctorId] = [u].[Id]
LEFT JOIN [Departments] AS [d] ON [a].[DepartmentId] = [d].[Id]
WHERE [a].[AppointmentDate] >= @__queryDate_0 AND [a].[AppointmentDate] < @__nextDay_1
ORDER BY [a].[TimeSlot], [a].[QueueNumber]
2026-05-18 21:04:58.892 +08:00 [INF] Executed DbCommand (4ms) [Parameters=[@__queryDate_0='?' (DbType = DateTime2), @__nextDay_1='?' (DbType = DateTime2)], CommandType='"Text"', CommandTimeout='30']
SELECT [a].[Id], [a].[AppointmentNo], [a].[TimeSlot], [a].[QueueNumber], [a].[Status], [t].[Name] AS [PatientName], [u].[DisplayName] AS [DoctorName], [d].[Name] AS [DepartmentName]
FROM [Appointments] AS [a]
INNER JOIN (
    SELECT [p].[Id], [p].[Name]
    FROM [Patients] AS [p]
    WHERE [p].[IsDeleted] = CAST(0 AS bit)
) AS [t] ON [a].[PatientId] = [t].[Id]
INNER JOIN [Users] AS [u] ON [a].[DoctorId] = [u].[Id]
LEFT JOIN [Departments] AS [d] ON [a].[DepartmentId] = [d].[Id]
WHERE [a].[AppointmentDate] >= @__queryDate_0 AND [a].[AppointmentDate] < @__nextDay_1
ORDER BY [a].[TimeSlot], [a].[QueueNumber]
2026-05-18 21:05:06.027 +08:00 [INF] Executed DbCommand (1ms) [Parameters=[@__queryDate_0='?' (DbType = DateTime2), @__nextDay_1='?' (DbType = DateTime2)], CommandType='"Text"', CommandTimeout='30']
SELECT [a].[Id], [a].[AppointmentNo], [a].[TimeSlot], [a].[QueueNumber], [a].[Status], [t].[Name] AS [PatientName], [u].[DisplayName] AS [DoctorName], [d].[Name] AS [DepartmentName]
FROM [Appointments] AS [a]
INNER JOIN (
    SELECT [p].[Id], [p].[Name]
    FROM [Patients] AS [p]
    WHERE [p].[IsDeleted] = CAST(0 AS bit)
) AS [t] ON [a].[PatientId] = [t].[Id]
INNER JOIN [Users] AS [u] ON [a].[DoctorId] = [u].[Id]
LEFT JOIN [Departments] AS [d] ON [a].[DepartmentId] = [d].[Id]
WHERE [a].[AppointmentDate] >= @__queryDate_0 AND [a].[AppointmentDate] < @__nextDay_1
ORDER BY [a].[TimeSlot], [a].[QueueNumber]
2026-05-18 21:09:27.086 +08:00 [WRN] Entity 'Patient' has a global query filter defined and is the required end of a relationship with the entity 'Appointment'. This may lead to unexpected results when the required entity is filtered out. Either configure the navigation as optional, or define matching query filters for both entities in the navigation. See https://go.microsoft.com/fwlink/?linkid=2131316 for more information.
2026-05-18 21:09:27.121 +08:00 [WRN] Entity 'Patient' has a global query filter defined and is the required end of a relationship with the entity 'FamilyMember'. This may lead to unexpected results when the required entity is filtered out. Either configure the navigation as optional, or define matching query filters for both entities in the navigation. See https://go.microsoft.com/fwlink/?linkid=2131316 for more information.
2026-05-18 21:09:27.122 +08:00 [WRN] Entity 'Patient' has a global query filter defined and is the required end of a relationship with the entity 'MedicalRecord'. This may lead to unexpected results when the required entity is filtered out. Either configure the navigation as optional, or define matching query filters for both entities in the navigation. See https://go.microsoft.com/fwlink/?linkid=2131316 for more information.
2026-05-18 21:09:27.122 +08:00 [WRN] Entity 'Patient' has a global query filter defined and is the required end of a relationship with the entity 'Payment'. This may lead to unexpected results when the required entity is filtered out. Either configure the navigation as optional, or define matching query filters for both entities in the navigation. See https://go.microsoft.com/fwlink/?linkid=2131316 for more information.
2026-05-18 21:09:27.226 +08:00 [WRN] No store type was specified for the decimal property 'Price' on entity type 'ChargeItem'. This will cause values to be silently truncated if they do not fit in the default precision and scale. Explicitly specify the SQL server column type that can accommodate all the values in 'OnModelCreating' using 'HasColumnType', specify precision and scale using 'HasPrecision', or configure a value converter using 'HasConversion'.
2026-05-18 21:09:27.226 +08:00 [WRN] No store type was specified for the decimal property 'CostPrice' on entity type 'Drug'. This will cause values to be silently truncated if they do not fit in the default precision and scale. Explicitly specify the SQL server column type that can accommodate all the values in 'OnModelCreating' using 'HasColumnType', specify precision and scale using 'HasPrecision', or configure a value converter using 'HasConversion'.
2026-05-18 21:09:27.226 +08:00 [WRN] No store type was specified for the decimal property 'Price' on entity type 'Drug'. This will cause values to be silently truncated if they do not fit in the default precision and scale. Explicitly specify the SQL server column type that can accommodate all the values in 'OnModelCreating' using 'HasColumnType', specify precision and scale using 'HasPrecision', or configure a value converter using 'HasConversion'.
2026-05-18 21:09:27.226 +08:00 [WRN] No store type was specified for the decimal property 'ActualAmount' on entity type 'Payment'. This will cause values to be silently truncated if they do not fit in the default precision and scale. Explicitly specify the SQL server column type that can accommodate all the values in 'OnModelCreating' using 'HasColumnType', specify precision and scale using 'HasPrecision', or configure a value converter using 'HasConversion'.
2026-05-18 21:09:27.226 +08:00 [WRN] No store type was specified for the decimal property 'DiscountAmount' on entity type 'Payment'. This will cause values to be silently truncated if they do not fit in the default precision and scale. Explicitly specify the SQL server column type that can accommodate all the values in 'OnModelCreating' using 'HasColumnType', specify precision and scale using 'HasPrecision', or configure a value converter using 'HasConversion'.
2026-05-18 21:09:27.226 +08:00 [WRN] No store type was specified for the decimal property 'TotalAmount' on entity type 'Payment'. This will cause values to be silently truncated if they do not fit in the default precision and scale. Explicitly specify the SQL server column type that can accommodate all the values in 'OnModelCreating' using 'HasColumnType', specify precision and scale using 'HasPrecision', or configure a value converter using 'HasConversion'.
2026-05-18 21:09:27.226 +08:00 [WRN] No store type was specified for the decimal property 'SubTotal' on entity type 'PaymentItem'. This will cause values to be silently truncated if they do not fit in the default precision and scale. Explicitly specify the SQL server column type that can accommodate all the values in 'OnModelCreating' using 'HasColumnType', specify precision and scale using 'HasPrecision', or configure a value converter using 'HasConversion'.
2026-05-18 21:09:27.226 +08:00 [WRN] No store type was specified for the decimal property 'UnitPrice' on entity type 'PaymentItem'. This will cause values to be silently truncated if they do not fit in the default precision and scale. Explicitly specify the SQL server column type that can accommodate all the values in 'OnModelCreating' using 'HasColumnType', specify precision and scale using 'HasPrecision', or configure a value converter using 'HasConversion'.
2026-05-18 21:09:27.226 +08:00 [WRN] No store type was specified for the decimal property 'TotalAmount' on entity type 'Prescription'. This will cause values to be silently truncated if they do not fit in the default precision and scale. Explicitly specify the SQL server column type that can accommodate all the values in 'OnModelCreating' using 'HasColumnType', specify precision and scale using 'HasPrecision', or configure a value converter using 'HasConversion'.
2026-05-18 21:09:27.227 +08:00 [WRN] No store type was specified for the decimal property 'Quantity' on entity type 'PrescriptionItem'. This will cause values to be silently truncated if they do not fit in the default precision and scale. Explicitly specify the SQL server column type that can accommodate all the values in 'OnModelCreating' using 'HasColumnType', specify precision and scale using 'HasPrecision', or configure a value converter using 'HasConversion'.
2026-05-18 21:09:27.227 +08:00 [WRN] No store type was specified for the decimal property 'SubTotal' on entity type 'PrescriptionItem'. This will cause values to be silently truncated if they do not fit in the default precision and scale. Explicitly specify the SQL server column type that can accommodate all the values in 'OnModelCreating' using 'HasColumnType', specify precision and scale using 'HasPrecision', or configure a value converter using 'HasConversion'.
2026-05-18 21:09:27.227 +08:00 [WRN] No store type was specified for the decimal property 'UnitPrice' on entity type 'PrescriptionItem'. This will cause values to be silently truncated if they do not fit in the default precision and scale. Explicitly specify the SQL server column type that can accommodate all the values in 'OnModelCreating' using 'HasColumnType', specify precision and scale using 'HasPrecision', or configure a value converter using 'HasConversion'.
2026-05-18 21:09:27.227 +08:00 [WRN] No store type was specified for the decimal property 'ConsultationFee' on entity type 'User'. This will cause values to be silently truncated if they do not fit in the default precision and scale. Explicitly specify the SQL server column type that can accommodate all the values in 'OnModelCreating' using 'HasColumnType', specify precision and scale using 'HasPrecision', or configure a value converter using 'HasConversion'.
2026-05-18 21:09:27.558 +08:00 [INF] Executed DbCommand (14ms) [Parameters=[], CommandType='"Text"', CommandTimeout='30']
SELECT 1
2026-05-18 21:09:27.596 +08:00 [INF] Executed DbCommand (7ms) [Parameters=[], CommandType='"Text"', CommandTimeout='60']
IF SERVERPROPERTY('EngineEdition') <> 5
BEGIN
    ALTER DATABASE [ClinicSystem_Dev] SET SINGLE_USER WITH ROLLBACK IMMEDIATE;
END;
2026-05-18 21:09:27.624 +08:00 [INF] Executed DbCommand (27ms) [Parameters=[], CommandType='"Text"', CommandTimeout='60']
DROP DATABASE [ClinicSystem_Dev];
2026-05-18 21:09:28.502 +08:00 [WRN] Entity 'Patient' has a global query filter defined and is the required end of a relationship with the entity 'Appointment'. This may lead to unexpected results when the required entity is filtered out. Either configure the navigation as optional, or define matching query filters for both entities in the navigation. See https://go.microsoft.com/fwlink/?linkid=2131316 for more information.
2026-05-18 21:09:28.502 +08:00 [WRN] Entity 'Patient' has a global query filter defined and is the required end of a relationship with the entity 'FamilyMember'. This may lead to unexpected results when the required entity is filtered out. Either configure the navigation as optional, or define matching query filters for both entities in the navigation. See https://go.microsoft.com/fwlink/?linkid=2131316 for more information.
2026-05-18 21:09:28.503 +08:00 [WRN] Entity 'Patient' has a global query filter defined and is the required end of a relationship with the entity 'MedicalRecord'. This may lead to unexpected results when the required entity is filtered out. Either configure the navigation as optional, or define matching query filters for both entities in the navigation. See https://go.microsoft.com/fwlink/?linkid=2131316 for more information.
2026-05-18 21:09:28.503 +08:00 [WRN] Entity 'Patient' has a global query filter defined and is the required end of a relationship with the entity 'Payment'. This may lead to unexpected results when the required entity is filtered out. Either configure the navigation as optional, or define matching query filters for both entities in the navigation. See https://go.microsoft.com/fwlink/?linkid=2131316 for more information.
2026-05-18 21:09:28.532 +08:00 [WRN] No store type was specified for the decimal property 'Price' on entity type 'ChargeItem'. This will cause values to be silently truncated if they do not fit in the default precision and scale. Explicitly specify the SQL server column type that can accommodate all the values in 'OnModelCreating' using 'HasColumnType', specify precision and scale using 'HasPrecision', or configure a value converter using 'HasConversion'.
2026-05-18 21:09:28.532 +08:00 [WRN] No store type was specified for the decimal property 'CostPrice' on entity type 'Drug'. This will cause values to be silently truncated if they do not fit in the default precision and scale. Explicitly specify the SQL server column type that can accommodate all the values in 'OnModelCreating' using 'HasColumnType', specify precision and scale using 'HasPrecision', or configure a value converter using 'HasConversion'.
2026-05-18 21:09:28.532 +08:00 [WRN] No store type was specified for the decimal property 'Price' on entity type 'Drug'. This will cause values to be silently truncated if they do not fit in the default precision and scale. Explicitly specify the SQL server column type that can accommodate all the values in 'OnModelCreating' using 'HasColumnType', specify precision and scale using 'HasPrecision', or configure a value converter using 'HasConversion'.
2026-05-18 21:09:28.532 +08:00 [WRN] No store type was specified for the decimal property 'ActualAmount' on entity type 'Payment'. This will cause values to be silently truncated if they do not fit in the default precision and scale. Explicitly specify the SQL server column type that can accommodate all the values in 'OnModelCreating' using 'HasColumnType', specify precision and scale using 'HasPrecision', or configure a value converter using 'HasConversion'.
2026-05-18 21:09:28.532 +08:00 [WRN] No store type was specified for the decimal property 'DiscountAmount' on entity type 'Payment'. This will cause values to be silently truncated if they do not fit in the default precision and scale. Explicitly specify the SQL server column type that can accommodate all the values in 'OnModelCreating' using 'HasColumnType', specify precision and scale using 'HasPrecision', or configure a value converter using 'HasConversion'.
2026-05-18 21:09:28.532 +08:00 [WRN] No store type was specified for the decimal property 'TotalAmount' on entity type 'Payment'. This will cause values to be silently truncated if they do not fit in the default precision and scale. Explicitly specify the SQL server column type that can accommodate all the values in 'OnModelCreating' using 'HasColumnType', specify precision and scale using 'HasPrecision', or configure a value converter using 'HasConversion'.
2026-05-18 21:09:28.532 +08:00 [WRN] No store type was specified for the decimal property 'SubTotal' on entity type 'PaymentItem'. This will cause values to be silently truncated if they do not fit in the default precision and scale. Explicitly specify the SQL server column type that can accommodate all the values in 'OnModelCreating' using 'HasColumnType', specify precision and scale using 'HasPrecision', or configure a value converter using 'HasConversion'.
2026-05-18 21:09:28.533 +08:00 [WRN] No store type was specified for the decimal property 'UnitPrice' on entity type 'PaymentItem'. This will cause values to be silently truncated if they do not fit in the default precision and scale. Explicitly specify the SQL server column type that can accommodate all the values in 'OnModelCreating' using 'HasColumnType', specify precision and scale using 'HasPrecision', or configure a value converter using 'HasConversion'.
2026-05-18 21:09:28.533 +08:00 [WRN] No store type was specified for the decimal property 'TotalAmount' on entity type 'Prescription'. This will cause values to be silently truncated if they do not fit in the default precision and scale. Explicitly specify the SQL server column type that can accommodate all the values in 'OnModelCreating' using 'HasColumnType', specify precision and scale using 'HasPrecision', or configure a value converter using 'HasConversion'.
2026-05-18 21:09:28.533 +08:00 [WRN] No store type was specified for the decimal property 'Quantity' on entity type 'PrescriptionItem'. This will cause values to be silently truncated if they do not fit in the default precision and scale. Explicitly specify the SQL server column type that can accommodate all the values in 'OnModelCreating' using 'HasColumnType', specify precision and scale using 'HasPrecision', or configure a value converter using 'HasConversion'.
2026-05-18 21:09:28.533 +08:00 [WRN] No store type was specified for the decimal property 'SubTotal' on entity type 'PrescriptionItem'. This will cause values to be silently truncated if they do not fit in the default precision and scale. Explicitly specify the SQL server column type that can accommodate all the values in 'OnModelCreating' using 'HasColumnType', specify precision and scale using 'HasPrecision', or configure a value converter using 'HasConversion'.
2026-05-18 21:09:28.533 +08:00 [WRN] No store type was specified for the decimal property 'UnitPrice' on entity type 'PrescriptionItem'. This will cause values to be silently truncated if they do not fit in the default precision and scale. Explicitly specify the SQL server column type that can accommodate all the values in 'OnModelCreating' using 'HasColumnType', specify precision and scale using 'HasPrecision', or configure a value converter using 'HasConversion'.
2026-05-18 21:09:28.533 +08:00 [WRN] No store type was specified for the decimal property 'ConsultationFee' on entity type 'User'. This will cause values to be silently truncated if they do not fit in the default precision and scale. Explicitly specify the SQL server column type that can accommodate all the values in 'OnModelCreating' using 'HasColumnType', specify precision and scale using 'HasPrecision', or configure a value converter using 'HasConversion'.
2026-05-18 21:09:28.810 +08:00 [INF] Executed DbCommand (247ms) [Parameters=[], CommandType='"Text"', CommandTimeout='60']
CREATE DATABASE [ClinicSystem_Dev];
2026-05-18 21:09:28.837 +08:00 [INF] Executed DbCommand (27ms) [Parameters=[], CommandType='"Text"', CommandTimeout='60']
IF SERVERPROPERTY('EngineEdition') <> 5
BEGIN
    ALTER DATABASE [ClinicSystem_Dev] SET READ_COMMITTED_SNAPSHOT ON;
END;
2026-05-18 21:09:28.840 +08:00 [INF] Executed DbCommand (0ms) [Parameters=[], CommandType='"Text"', CommandTimeout='30']
SELECT 1
2026-05-18 21:09:28.993 +08:00 [INF] Executed DbCommand (5ms) [Parameters=[], CommandType='"Text"', CommandTimeout='30']
CREATE TABLE [ChargeItems] (
    [Id] int NOT NULL IDENTITY,
    [Code] nvarchar(20) NOT NULL,
    [Name] nvarchar(100) NOT NULL,
    [Category] nvarchar(20) NOT NULL,
    [Price] decimal(18,2) NOT NULL,
    [Unit] nvarchar(10) NULL,
    [IsActive] bit NOT NULL,
    [Remark] nvarchar(200) NULL,
    [CreatedAt] datetime2 NOT NULL,
    CONSTRAINT [PK_ChargeItems] PRIMARY KEY ([Id])
);
2026-05-18 21:09:28.995 +08:00 [INF] Executed DbCommand (1ms) [Parameters=[], CommandType='"Text"', CommandTimeout='30']
CREATE TABLE [Departments] (
    [Id] int NOT NULL IDENTITY,
    [Name] nvarchar(50) NOT NULL,
    [Description] nvarchar(200) NULL,
    [IsActive] bit NOT NULL,
    [SortOrder] int NOT NULL,
    [CreatedAt] datetime2 NOT NULL,
    CONSTRAINT [PK_Departments] PRIMARY KEY ([Id])
);
2026-05-18 21:09:28.996 +08:00 [INF] Executed DbCommand (1ms) [Parameters=[], CommandType='"Text"', CommandTimeout='30']
CREATE TABLE [Drugs] (
    [Id] int NOT NULL IDENTITY,
    [Code] nvarchar(20) NOT NULL,
    [Name] nvarchar(100) NOT NULL,
    [CommonName] nvarchar(100) NULL,
    [Specification] nvarchar(100) NULL,
    [Manufacturer] nvarchar(100) NULL,
    [Category] nvarchar(20) NOT NULL,
    [DosageForm] nvarchar(20) NULL,
    [Unit] nvarchar(10) NULL,
    [Price] decimal(18,2) NOT NULL,
    [CostPrice] decimal(18,2) NULL,
    [IsPrescription] bit NOT NULL,
    [IsActive] bit NOT NULL,
    [Remark] nvarchar(200) NULL,
    [CreatedAt] datetime2 NOT NULL,
    CONSTRAINT [PK_Drugs] PRIMARY KEY ([Id])
);
2026-05-18 21:09:28.998 +08:00 [INF] Executed DbCommand (2ms) [Parameters=[], CommandType='"Text"', CommandTimeout='30']
CREATE TABLE [Patients] (
    [Id] int NOT NULL IDENTITY,
    [Name] nvarchar(50) NOT NULL,
    [Gender] nvarchar(max) NULL,
    [DateOfBirth] datetime2 NULL,
    [Phone] nvarchar(20) NULL,
    [IdCard] nvarchar(18) NULL,
    [Address] nvarchar(200) NULL,
    [MedicalInsuranceNo] nvarchar(50) NULL,
    [Allergies] nvarchar(500) NULL,
    [MedicalHistory] nvarchar(1000) NULL,
    [Remark] nvarchar(500) NULL,
    [IsDeleted] bit NOT NULL,
    [CreatedAt] datetime2 NOT NULL,
    [UpdatedAt] datetime2 NOT NULL,
    CONSTRAINT [PK_Patients] PRIMARY KEY ([Id])
);
2026-05-18 21:09:29.001 +08:00 [INF] Executed DbCommand (3ms) [Parameters=[], CommandType='"Text"', CommandTimeout='30']
CREATE TABLE [Users] (
    [Id] int NOT NULL IDENTITY,
    [Username] nvarchar(50) NOT NULL,
    [PasswordHash] nvarchar(max) NOT NULL,
    [DisplayName] nvarchar(50) NOT NULL,
    [Phone] nvarchar(20) NULL,
    [Email] nvarchar(100) NULL,
    [Role] int NOT NULL,
    [IsActive] bit NOT NULL,
    [DepartmentId] int NULL,
    [CreatedAt] datetime2 NOT NULL,
    [LastLoginAt] datetime2 NULL,
    [Title] nvarchar(50) NULL,
    [Introduction] nvarchar(500) NULL,
    [ConsultationFee] decimal(18,2) NULL,
    [MaxDailyPatients] int NULL,
    CONSTRAINT [PK_Users] PRIMARY KEY ([Id]),
    CONSTRAINT [FK_Users_Departments_DepartmentId] FOREIGN KEY ([DepartmentId]) REFERENCES [Departments] ([Id]) ON DELETE SET NULL
);
2026-05-18 21:09:29.003 +08:00 [INF] Executed DbCommand (1ms) [Parameters=[], CommandType='"Text"', CommandTimeout='30']
CREATE TABLE [FamilyMembers] (
    [Id] int NOT NULL IDENTITY,
    [PatientId] int NOT NULL,
    [Name] nvarchar(50) NOT NULL,
    [Relationship] nvarchar(20) NOT NULL,
    [Phone] nvarchar(20) NULL,
    [IdCard] nvarchar(18) NULL,
    [CreatedAt] datetime2 NOT NULL,
    CONSTRAINT [PK_FamilyMembers] PRIMARY KEY ([Id]),
    CONSTRAINT [FK_FamilyMembers_Patients_PatientId] FOREIGN KEY ([PatientId]) REFERENCES [Patients] ([Id]) ON DELETE CASCADE
);
2026-05-18 21:09:29.005 +08:00 [INF] Executed DbCommand (2ms) [Parameters=[], CommandType='"Text"', CommandTimeout='30']
CREATE TABLE [Appointments] (
    [Id] int NOT NULL IDENTITY,
    [AppointmentNo] nvarchar(20) NOT NULL,
    [PatientId] int NOT NULL,
    [DoctorId] int NOT NULL,
    [DepartmentId] int NULL,
    [RegisterUserId] int NULL,
    [AppointmentDate] datetime2 NOT NULL,
    [TimeSlot] nvarchar(20) NOT NULL,
    [QueueNumber] int NOT NULL,
    [Status] int NOT NULL,
    [Source] nvarchar(20) NULL,
    [Remark] nvarchar(200) NULL,
    [CreatedAt] datetime2 NOT NULL,
    [CancelledAt] datetime2 NULL,
    [CancelReason] nvarchar(200) NULL,
    CONSTRAINT [PK_Appointments] PRIMARY KEY ([Id]),
    CONSTRAINT [FK_Appointments_Departments_DepartmentId] FOREIGN KEY ([DepartmentId]) REFERENCES [Departments] ([Id]) ON DELETE SET NULL,
    CONSTRAINT [FK_Appointments_Patients_PatientId] FOREIGN KEY ([PatientId]) REFERENCES [Patients] ([Id]) ON DELETE CASCADE,
    CONSTRAINT [FK_Appointments_Users_DoctorId] FOREIGN KEY ([DoctorId]) REFERENCES [Users] ([Id]),
    CONSTRAINT [FK_Appointments_Users_RegisterUserId] FOREIGN KEY ([RegisterUserId]) REFERENCES [Users] ([Id])
);
2026-05-18 21:09:29.006 +08:00 [INF] Executed DbCommand (2ms) [Parameters=[], CommandType='"Text"', CommandTimeout='30']
CREATE TABLE [DoctorSchedules] (
    [Id] int NOT NULL IDENTITY,
    [DoctorId] int NOT NULL,
    [DayOfWeek] int NOT NULL,
    [TimeSlot] nvarchar(20) NOT NULL,
    [StartTime] time NOT NULL,
    [EndTime] time NOT NULL,
    [MaxPatients] int NOT NULL,
    [IsActive] bit NOT NULL,
    [CreatedAt] datetime2 NOT NULL,
    CONSTRAINT [PK_DoctorSchedules] PRIMARY KEY ([Id]),
    CONSTRAINT [FK_DoctorSchedules_Users_DoctorId] FOREIGN KEY ([DoctorId]) REFERENCES [Users] ([Id]) ON DELETE CASCADE
);
2026-05-18 21:09:29.008 +08:00 [INF] Executed DbCommand (1ms) [Parameters=[], CommandType='"Text"', CommandTimeout='30']
CREATE TABLE [SpecialSchedules] (
    [Id] int NOT NULL IDENTITY,
    [DoctorId] int NOT NULL,
    [Date] datetime2 NOT NULL,
    [IsWorkDay] bit NOT NULL,
    [TimeSlot] nvarchar(20) NULL,
    [StartTime] time NULL,
    [EndTime] time NULL,
    [MaxPatients] int NULL,
    [Reason] nvarchar(200) NULL,
    [CreatedAt] datetime2 NOT NULL,
    CONSTRAINT [PK_SpecialSchedules] PRIMARY KEY ([Id]),
    CONSTRAINT [FK_SpecialSchedules_Users_DoctorId] FOREIGN KEY ([DoctorId]) REFERENCES [Users] ([Id]) ON DELETE CASCADE
);
2026-05-18 21:09:29.010 +08:00 [INF] Executed DbCommand (2ms) [Parameters=[], CommandType='"Text"', CommandTimeout='30']
CREATE TABLE [MedicalRecords] (
    [Id] int NOT NULL IDENTITY,
    [RecordNo] nvarchar(20) NOT NULL,
    [PatientId] int NOT NULL,
    [DoctorId] int NOT NULL,
    [AppointmentId] int NOT NULL,
    [VisitDate] datetime2 NOT NULL,
    [ChiefComplaint] nvarchar(2000) NULL,
    [PresentIllness] nvarchar(4000) NULL,
    [PastHistory] nvarchar(2000) NULL,
    [PhysicalExamination] nvarchar(4000) NULL,
    [AuxiliaryExamination] nvarchar(2000) NULL,
    [TcmObservation] nvarchar(2000) NULL,
    [TcmAuscultation] nvarchar(2000) NULL,
    [TcmInquiry] nvarchar(2000) NULL,
    [TcmPalpation] nvarchar(2000) NULL,
    [WesternDiagnosis] nvarchar(500) NULL,
    [TcmDiagnosis] nvarchar(500) NULL,
    [TcmSyndrome] nvarchar(500) NULL,
    [DoctorAdvice] nvarchar(2000) NULL,
    [Remark] nvarchar(500) NULL,
    [CreatedAt] datetime2 NOT NULL,
    [UpdatedAt] datetime2 NOT NULL,
    CONSTRAINT [PK_MedicalRecords] PRIMARY KEY ([Id]),
    CONSTRAINT [FK_MedicalRecords_Appointments_AppointmentId] FOREIGN KEY ([AppointmentId]) REFERENCES [Appointments] ([Id]),
    CONSTRAINT [FK_MedicalRecords_Patients_PatientId] FOREIGN KEY ([PatientId]) REFERENCES [Patients] ([Id]),
    CONSTRAINT [FK_MedicalRecords_Users_DoctorId] FOREIGN KEY ([DoctorId]) REFERENCES [Users] ([Id])
);
2026-05-18 21:09:29.012 +08:00 [INF] Executed DbCommand (2ms) [Parameters=[], CommandType='"Text"', CommandTimeout='30']
CREATE TABLE [Payments] (
    [Id] int NOT NULL IDENTITY,
    [PaymentNo] nvarchar(20) NOT NULL,
    [PatientId] int NOT NULL,
    [AppointmentId] int NULL,
    [OperatorId] int NOT NULL,
    [TotalAmount] decimal(18,2) NOT NULL,
    [DiscountAmount] decimal(18,2) NULL,
    [ActualAmount] decimal(18,2) NOT NULL,
    [PaymentMethod] nvarchar(20) NOT NULL,
    [Status] nvarchar(20) NOT NULL,
    [Remark] nvarchar(200) NULL,
    [CreatedAt] datetime2 NOT NULL,
    [RefundedAt] datetime2 NULL,
    CONSTRAINT [PK_Payments] PRIMARY KEY ([Id]),
    CONSTRAINT [FK_Payments_Appointments_AppointmentId] FOREIGN KEY ([AppointmentId]) REFERENCES [Appointments] ([Id]),
    CONSTRAINT [FK_Payments_Patients_PatientId] FOREIGN KEY ([PatientId]) REFERENCES [Patients] ([Id]) ON DELETE CASCADE,
    CONSTRAINT [FK_Payments_Users_OperatorId] FOREIGN KEY ([OperatorId]) REFERENCES [Users] ([Id]) ON DELETE CASCADE
);
2026-05-18 21:09:29.013 +08:00 [INF] Executed DbCommand (1ms) [Parameters=[], CommandType='"Text"', CommandTimeout='30']
CREATE TABLE [Prescriptions] (
    [Id] int NOT NULL IDENTITY,
    [PrescriptionNo] nvarchar(20) NOT NULL,
    [MedicalRecordId] int NOT NULL,
    [Type] nvarchar(20) NOT NULL,
    [DecoctingMethod] nvarchar(200) NULL,
    [Direction] nvarchar(500) NULL,
    [TotalAmount] decimal(18,2) NOT NULL,
    [PharmacistId] int NULL,
    [Status] nvarchar(20) NOT NULL,
    [CreatedAt] datetime2 NOT NULL,
    [DispensedAt] datetime2 NULL,
    CONSTRAINT [PK_Prescriptions] PRIMARY KEY ([Id]),
    CONSTRAINT [FK_Prescriptions_MedicalRecords_MedicalRecordId] FOREIGN KEY ([MedicalRecordId]) REFERENCES [MedicalRecords] ([Id]) ON DELETE CASCADE,
    CONSTRAINT [FK_Prescriptions_Users_PharmacistId] FOREIGN KEY ([PharmacistId]) REFERENCES [Users] ([Id])
);
2026-05-18 21:09:29.015 +08:00 [INF] Executed DbCommand (1ms) [Parameters=[], CommandType='"Text"', CommandTimeout='30']
CREATE TABLE [PaymentItems] (
    [Id] int NOT NULL IDENTITY,
    [PaymentId] int NOT NULL,
    [ItemType] nvarchar(20) NOT NULL,
    [ItemId] int NULL,
    [ItemName] nvarchar(100) NOT NULL,
    [Quantity] int NOT NULL,
    [UnitPrice] decimal(18,2) NOT NULL,
    [SubTotal] decimal(18,2) NOT NULL,
    CONSTRAINT [PK_PaymentItems] PRIMARY KEY ([Id]),
    CONSTRAINT [FK_PaymentItems_Payments_PaymentId] FOREIGN KEY ([PaymentId]) REFERENCES [Payments] ([Id]) ON DELETE CASCADE
);
2026-05-18 21:09:29.017 +08:00 [INF] Executed DbCommand (1ms) [Parameters=[], CommandType='"Text"', CommandTimeout='30']
CREATE TABLE [PrescriptionItems] (
    [Id] int NOT NULL IDENTITY,
    [PrescriptionId] int NOT NULL,
    [DrugId] int NOT NULL,
    [DrugName] nvarchar(100) NOT NULL,
    [Specification] nvarchar(100) NULL,
    [Quantity] decimal(18,2) NOT NULL,
    [Dosage] nvarchar(50) NULL,
    [Frequency] nvarchar(20) NULL,
    [Usage] nvarchar(50) NULL,
    [Days] nvarchar(20) NULL,
    [Remark] nvarchar(200) NULL,
    [UnitPrice] decimal(18,2) NOT NULL,
    [SubTotal] decimal(18,2) NOT NULL,
    CONSTRAINT [PK_PrescriptionItems] PRIMARY KEY ([Id]),
    CONSTRAINT [FK_PrescriptionItems_Drugs_DrugId] FOREIGN KEY ([DrugId]) REFERENCES [Drugs] ([Id]) ON DELETE CASCADE,
    CONSTRAINT [FK_PrescriptionItems_Prescriptions_PrescriptionId] FOREIGN KEY ([PrescriptionId]) REFERENCES [Prescriptions] ([Id]) ON DELETE CASCADE
);
2026-05-18 21:09:29.032 +08:00 [INF] Executed DbCommand (15ms) [Parameters=[], CommandType='"Text"', CommandTimeout='30']
IF EXISTS (SELECT * FROM [sys].[identity_columns] WHERE [name] IN (N'Id', N'CreatedAt', N'Description', N'IsActive', N'Name', N'SortOrder') AND [object_id] = OBJECT_ID(N'[Departments]'))
    SET IDENTITY_INSERT [Departments] ON;
INSERT INTO [Departments] ([Id], [CreatedAt], [Description], [IsActive], [Name], [SortOrder])
VALUES (1, '2026-05-18T13:09:27.7159887Z', N'内科诊疗', CAST(1 AS bit), N'内科', 1),
(2, '2026-05-18T13:09:27.7159893Z', N'外科诊疗', CAST(1 AS bit), N'外科', 2),
(3, '2026-05-18T13:09:27.7159895Z', N'妇科诊疗', CAST(1 AS bit), N'妇科', 3),
(4, '2026-05-18T13:09:27.7159896Z', N'儿科诊疗', CAST(1 AS bit), N'儿科', 4),
(5, '2026-05-18T13:09:27.7159897Z', N'中医诊疗（中西医结合）', CAST(1 AS bit), N'中医科', 5),
(6, '2026-05-18T13:09:27.7159898Z', N'药品管理', CAST(1 AS bit), N'药房', 6);
IF EXISTS (SELECT * FROM [sys].[identity_columns] WHERE [name] IN (N'Id', N'CreatedAt', N'Description', N'IsActive', N'Name', N'SortOrder') AND [object_id] = OBJECT_ID(N'[Departments]'))
    SET IDENTITY_INSERT [Departments] OFF;
2026-05-18 21:09:29.042 +08:00 [INF] Executed DbCommand (10ms) [Parameters=[], CommandType='"Text"', CommandTimeout='30']
IF EXISTS (SELECT * FROM [sys].[identity_columns] WHERE [name] IN (N'Id', N'ConsultationFee', N'CreatedAt', N'DepartmentId', N'DisplayName', N'Email', N'Introduction', N'IsActive', N'LastLoginAt', N'MaxDailyPatients', N'PasswordHash', N'Phone', N'Role', N'Title', N'Username') AND [object_id] = OBJECT_ID(N'[Users]'))
    SET IDENTITY_INSERT [Users] ON;
INSERT INTO [Users] ([Id], [ConsultationFee], [CreatedAt], [DepartmentId], [DisplayName], [Email], [Introduction], [IsActive], [LastLoginAt], [MaxDailyPatients], [PasswordHash], [Phone], [Role], [Title], [Username])
VALUES (1, NULL, '2025-01-01T00:00:00.0000000Z', NULL, N'系统管理员', NULL, NULL, CAST(1 AS bit), NULL, NULL, N'$2a$11$tQlZPOgq3nj6z7F0ftgrQenxnfZFcpADGCHEakfr25Ybsw6BNb196', NULL, 1, NULL, N'admin'),
(4, NULL, '2025-01-01T00:00:00.0000000Z', NULL, N'王收银', NULL, NULL, CAST(1 AS bit), NULL, NULL, N'$2a$11$q53r2qgcJrs0ede0vfboT.IQbFgzi6gcdLeWhWJHjVEUWACC88P7O', NULL, 4, NULL, N'cashier1'),
(5, NULL, '2025-01-01T00:00:00.0000000Z', NULL, N'赵药师', NULL, NULL, CAST(1 AS bit), NULL, NULL, N'$2a$11$.jqM6aKDIbjyvvGiDcCnF.6pgCIT8B1i1H34SEl44ukg/sSyLDOyq', NULL, 5, NULL, N'pharmacist1'),
(2, 50.0, '2025-01-01T00:00:00.0000000Z', 1, N'张医生', NULL, NULL, CAST(1 AS bit), NULL, 30, N'$2a$11$qxfTHczF1hg5LncV0.c54.Rf5rZYyEp9.k0rh5XaGHUeMsI15NJ/e', N'13800000001', 2, N'主任医师', N'doctor1'),
(3, 30.0, '2025-01-01T00:00:00.0000000Z', 2, N'李医生', NULL, NULL, CAST(1 AS bit), NULL, 40, N'$2a$11$glNg2l9OF6bk7E/PfTdKoel/uu8HbRijsBWAJqpgmuADPFaJpp2Tu', N'13800000002', 2, N'副主任医师', N'doctor2');
IF EXISTS (SELECT * FROM [sys].[identity_columns] WHERE [name] IN (N'Id', N'ConsultationFee', N'CreatedAt', N'DepartmentId', N'DisplayName', N'Email', N'Introduction', N'IsActive', N'LastLoginAt', N'MaxDailyPatients', N'PasswordHash', N'Phone', N'Role', N'Title', N'Username') AND [object_id] = OBJECT_ID(N'[Users]'))
    SET IDENTITY_INSERT [Users] OFF;
2026-05-18 21:09:29.054 +08:00 [INF] Executed DbCommand (11ms) [Parameters=[], CommandType='"Text"', CommandTimeout='30']
IF EXISTS (SELECT * FROM [sys].[identity_columns] WHERE [name] IN (N'Id', N'CreatedAt', N'DayOfWeek', N'DoctorId', N'EndTime', N'IsActive', N'MaxPatients', N'StartTime', N'TimeSlot') AND [object_id] = OBJECT_ID(N'[DoctorSchedules]'))
    SET IDENTITY_INSERT [DoctorSchedules] ON;
INSERT INTO [DoctorSchedules] ([Id], [CreatedAt], [DayOfWeek], [DoctorId], [EndTime], [IsActive], [MaxPatients], [StartTime], [TimeSlot])
VALUES (1, '2025-01-01T00:00:00.0000000', 1, 2, '12:00:00', CAST(1 AS bit), 20, '08:00:00', N'上午'),
(2, '2025-01-01T00:00:00.0000000', 1, 2, '18:00:00', CAST(1 AS bit), 15, '14:00:00', N'下午'),
(3, '2025-01-01T00:00:00.0000000', 2, 2, '12:00:00', CAST(1 AS bit), 20, '08:00:00', N'上午'),
(4, '2025-01-01T00:00:00.0000000', 2, 2, '18:00:00', CAST(1 AS bit), 15, '14:00:00', N'下午'),
(5, '2025-01-01T00:00:00.0000000', 3, 2, '12:00:00', CAST(1 AS bit), 20, '08:00:00', N'上午'),
(6, '2025-01-01T00:00:00.0000000', 4, 2, '12:00:00', CAST(1 AS bit), 20, '08:00:00', N'上午'),
(7, '2025-01-01T00:00:00.0000000', 5, 2, '12:00:00', CAST(1 AS bit), 20, '08:00:00', N'上午'),
(8, '2025-01-01T00:00:00.0000000', 1, 3, '12:00:00', CAST(1 AS bit), 25, '08:00:00', N'上午'),
(9, '2025-01-01T00:00:00.0000000', 2, 3, '12:00:00', CAST(1 AS bit), 25, '08:00:00', N'上午'),
(10, '2025-01-01T00:00:00.0000000', 3, 3, '12:00:00', CAST(1 AS bit), 25, '08:00:00', N'上午'),
(11, '2025-01-01T00:00:00.0000000', 4, 3, '12:00:00', CAST(1 AS bit), 25, '08:00:00', N'上午'),
(12, '2025-01-01T00:00:00.0000000', 5, 3, '12:00:00', CAST(1 AS bit), 25, '08:00:00', N'上午'),
(13, '2025-01-01T00:00:00.0000000', 6, 3, '12:00:00', CAST(1 AS bit), 15, '08:00:00', N'上午');
IF EXISTS (SELECT * FROM [sys].[identity_columns] WHERE [name] IN (N'Id', N'CreatedAt', N'DayOfWeek', N'DoctorId', N'EndTime', N'IsActive', N'MaxPatients', N'StartTime', N'TimeSlot') AND [object_id] = OBJECT_ID(N'[DoctorSchedules]'))
    SET IDENTITY_INSERT [DoctorSchedules] OFF;
2026-05-18 21:09:29.054 +08:00 [INF] Executed DbCommand (1ms) [Parameters=[], CommandType='"Text"', CommandTimeout='30']
CREATE UNIQUE INDEX [IX_Appointments_AppointmentNo] ON [Appointments] ([AppointmentNo]);
2026-05-18 21:09:29.055 +08:00 [INF] Executed DbCommand (0ms) [Parameters=[], CommandType='"Text"', CommandTimeout='30']
CREATE INDEX [IX_Appointments_DepartmentId] ON [Appointments] ([DepartmentId]);
2026-05-18 21:09:29.056 +08:00 [INF] Executed DbCommand (1ms) [Parameters=[], CommandType='"Text"', CommandTimeout='30']
CREATE INDEX [IX_Appointments_DoctorId] ON [Appointments] ([DoctorId]);
2026-05-18 21:09:29.056 +08:00 [INF] Executed DbCommand (0ms) [Parameters=[], CommandType='"Text"', CommandTimeout='30']
CREATE INDEX [IX_Appointments_PatientId] ON [Appointments] ([PatientId]);
2026-05-18 21:09:29.057 +08:00 [INF] Executed DbCommand (0ms) [Parameters=[], CommandType='"Text"', CommandTimeout='30']
CREATE INDEX [IX_Appointments_RegisterUserId] ON [Appointments] ([RegisterUserId]);
2026-05-18 21:09:29.057 +08:00 [INF] Executed DbCommand (1ms) [Parameters=[], CommandType='"Text"', CommandTimeout='30']
CREATE UNIQUE INDEX [IX_ChargeItems_Code] ON [ChargeItems] ([Code]);
2026-05-18 21:09:29.059 +08:00 [INF] Executed DbCommand (1ms) [Parameters=[], CommandType='"Text"', CommandTimeout='30']
CREATE INDEX [IX_DoctorSchedules_DoctorId] ON [DoctorSchedules] ([DoctorId]);
2026-05-18 21:09:29.059 +08:00 [INF] Executed DbCommand (0ms) [Parameters=[], CommandType='"Text"', CommandTimeout='30']
CREATE UNIQUE INDEX [IX_Drugs_Code] ON [Drugs] ([Code]);
2026-05-18 21:09:29.060 +08:00 [INF] Executed DbCommand (0ms) [Parameters=[], CommandType='"Text"', CommandTimeout='30']
CREATE INDEX [IX_FamilyMembers_PatientId] ON [FamilyMembers] ([PatientId]);
2026-05-18 21:09:29.060 +08:00 [INF] Executed DbCommand (1ms) [Parameters=[], CommandType='"Text"', CommandTimeout='30']
CREATE INDEX [IX_MedicalRecords_AppointmentId] ON [MedicalRecords] ([AppointmentId]);
2026-05-18 21:09:29.061 +08:00 [INF] Executed DbCommand (0ms) [Parameters=[], CommandType='"Text"', CommandTimeout='30']
CREATE INDEX [IX_MedicalRecords_DoctorId] ON [MedicalRecords] ([DoctorId]);
2026-05-18 21:09:29.062 +08:00 [INF] Executed DbCommand (1ms) [Parameters=[], CommandType='"Text"', CommandTimeout='30']
CREATE INDEX [IX_MedicalRecords_PatientId] ON [MedicalRecords] ([PatientId]);
2026-05-18 21:09:29.062 +08:00 [INF] Executed DbCommand (0ms) [Parameters=[], CommandType='"Text"', CommandTimeout='30']
CREATE UNIQUE INDEX [IX_MedicalRecords_RecordNo] ON [MedicalRecords] ([RecordNo]);
2026-05-18 21:09:29.063 +08:00 [INF] Executed DbCommand (0ms) [Parameters=[], CommandType='"Text"', CommandTimeout='30']
CREATE INDEX [IX_Patients_IdCard] ON [Patients] ([IdCard]);
2026-05-18 21:09:29.063 +08:00 [INF] Executed DbCommand (1ms) [Parameters=[], CommandType='"Text"', CommandTimeout='30']
CREATE INDEX [IX_Patients_Phone] ON [Patients] ([Phone]);
2026-05-18 21:09:29.064 +08:00 [INF] Executed DbCommand (0ms) [Parameters=[], CommandType='"Text"', CommandTimeout='30']
CREATE INDEX [IX_PaymentItems_PaymentId] ON [PaymentItems] ([PaymentId]);
2026-05-18 21:09:29.065 +08:00 [INF] Executed DbCommand (0ms) [Parameters=[], CommandType='"Text"', CommandTimeout='30']
CREATE INDEX [IX_Payments_AppointmentId] ON [Payments] ([AppointmentId]);
2026-05-18 21:09:29.065 +08:00 [INF] Executed DbCommand (0ms) [Parameters=[], CommandType='"Text"', CommandTimeout='30']
CREATE INDEX [IX_Payments_OperatorId] ON [Payments] ([OperatorId]);
2026-05-18 21:09:29.066 +08:00 [INF] Executed DbCommand (0ms) [Parameters=[], CommandType='"Text"', CommandTimeout='30']
CREATE INDEX [IX_Payments_PatientId] ON [Payments] ([PatientId]);
2026-05-18 21:09:29.066 +08:00 [INF] Executed DbCommand (1ms) [Parameters=[], CommandType='"Text"', CommandTimeout='30']
CREATE UNIQUE INDEX [IX_Payments_PaymentNo] ON [Payments] ([PaymentNo]);
2026-05-18 21:09:29.067 +08:00 [INF] Executed DbCommand (1ms) [Parameters=[], CommandType='"Text"', CommandTimeout='30']
CREATE INDEX [IX_PrescriptionItems_DrugId] ON [PrescriptionItems] ([DrugId]);
2026-05-18 21:09:29.068 +08:00 [INF] Executed DbCommand (1ms) [Parameters=[], CommandType='"Text"', CommandTimeout='30']
CREATE INDEX [IX_PrescriptionItems_PrescriptionId] ON [PrescriptionItems] ([PrescriptionId]);
2026-05-18 21:09:29.068 +08:00 [INF] Executed DbCommand (1ms) [Parameters=[], CommandType='"Text"', CommandTimeout='30']
CREATE INDEX [IX_Prescriptions_MedicalRecordId] ON [Prescriptions] ([MedicalRecordId]);
2026-05-18 21:09:29.069 +08:00 [INF] Executed DbCommand (0ms) [Parameters=[], CommandType='"Text"', CommandTimeout='30']
CREATE INDEX [IX_Prescriptions_PharmacistId] ON [Prescriptions] ([PharmacistId]);
2026-05-18 21:09:29.070 +08:00 [INF] Executed DbCommand (0ms) [Parameters=[], CommandType='"Text"', CommandTimeout='30']
CREATE UNIQUE INDEX [IX_Prescriptions_PrescriptionNo] ON [Prescriptions] ([PrescriptionNo]);
2026-05-18 21:09:29.070 +08:00 [INF] Executed DbCommand (0ms) [Parameters=[], CommandType='"Text"', CommandTimeout='30']
CREATE INDEX [IX_SpecialSchedules_DoctorId] ON [SpecialSchedules] ([DoctorId]);
2026-05-18 21:09:29.071 +08:00 [INF] Executed DbCommand (1ms) [Parameters=[], CommandType='"Text"', CommandTimeout='30']
CREATE INDEX [IX_Users_DepartmentId] ON [Users] ([DepartmentId]);
2026-05-18 21:09:29.072 +08:00 [INF] Executed DbCommand (1ms) [Parameters=[], CommandType='"Text"', CommandTimeout='30']
CREATE UNIQUE INDEX [IX_Users_Username] ON [Users] ([Username]);
2026-05-18 21:09:29.205 +08:00 [INF] Now listening on: https://localhost:4887
2026-05-18 21:09:29.205 +08:00 [INF] Now listening on: http://localhost:4888
2026-05-18 21:09:29.207 +08:00 [INF] Application started. Press Ctrl+C to shut down.
2026-05-18 21:09:29.207 +08:00 [INF] Hosting environment: Development
2026-05-18 21:09:29.207 +08:00 [INF] Content root path: D:\ClinicSystem\src\ClinicSystem.Api
2026-05-18 21:12:00.770 +08:00 [INF] Executed DbCommand (21ms) [Parameters=[@__today_0='?' (DbType = DateTime2), @__tomorrow_1='?' (DbType = DateTime2)], CommandType='"Text"', CommandTimeout='30']
SELECT COUNT(*)
FROM [Appointments] AS [a]
WHERE [a].[AppointmentDate] >= @__today_0 AND [a].[AppointmentDate] < @__tomorrow_1
2026-05-18 21:12:00.789 +08:00 [INF] Executed DbCommand (2ms) [Parameters=[@__today_0='?' (DbType = DateTime2), @__tomorrow_1='?' (DbType = DateTime2)], CommandType='"Text"', CommandTimeout='30']
SELECT COUNT(*)
FROM [MedicalRecords] AS [m]
WHERE [m].[VisitDate] >= @__today_0 AND [m].[VisitDate] < @__tomorrow_1
2026-05-18 21:12:00.802 +08:00 [INF] Executed DbCommand (1ms) [Parameters=[@__today_0='?' (DbType = DateTime2), @__tomorrow_1='?' (DbType = DateTime2)], CommandType='"Text"', CommandTimeout='30']
SELECT COALESCE(SUM([p].[ActualAmount]), 0.0)
FROM [Payments] AS [p]
WHERE [p].[CreatedAt] >= @__today_0 AND [p].[CreatedAt] < @__tomorrow_1 AND [p].[Status] = N'已支付'
2026-05-18 21:12:00.808 +08:00 [INF] Executed DbCommand (1ms) [Parameters=[@__today_0='?' (DbType = DateTime2), @__tomorrow_1='?' (DbType = DateTime2)], CommandType='"Text"', CommandTimeout='30']
SELECT COUNT(*)
FROM [Appointments] AS [a]
WHERE [a].[AppointmentDate] >= @__today_0 AND [a].[AppointmentDate] < @__tomorrow_1 AND [a].[Status] = 1
2026-05-18 21:12:02.787 +08:00 [INF] Executed DbCommand (5ms) [Parameters=[], CommandType='"Text"', CommandTimeout='30']
SELECT [u].[Id], [u].[ConsultationFee], [u].[CreatedAt], [u].[DepartmentId], [u].[DisplayName], [u].[Email], [u].[Introduction], [u].[IsActive], [u].[LastLoginAt], [u].[MaxDailyPatients], [u].[PasswordHash], [u].[Phone], [u].[Role], [u].[Title], [u].[Username], [d].[Id], [d].[CreatedAt], [d].[Description], [d].[IsActive], [d].[Name], [d].[SortOrder]
FROM [Users] AS [u]
LEFT JOIN [Departments] AS [d] ON [u].[DepartmentId] = [d].[Id]
WHERE [u].[Role] = 2 AND [u].[IsActive] = CAST(1 AS bit)
2026-05-18 21:12:02.833 +08:00 [INF] Executed DbCommand (1ms) [Parameters=[], CommandType='"Text"', CommandTimeout='30']
SELECT COUNT(*)
FROM [Appointments] AS [a]
2026-05-18 21:12:02.838 +08:00 [INF] Executed DbCommand (3ms) [Parameters=[], CommandType='"Text"', CommandTimeout='30']
SELECT [d].[Id], [d].[Name], [d].[Description], [d].[SortOrder]
FROM [Departments] AS [d]
WHERE [d].[IsActive] = CAST(1 AS bit)
ORDER BY [d].[SortOrder]
2026-05-18 21:12:02.847 +08:00 [INF] Executed DbCommand (5ms) [Parameters=[@__p_0='?' (DbType = Int32), @__p_1='?' (DbType = Int32)], CommandType='"Text"', CommandTimeout='30']
SELECT [t].[Id], [t].[AppointmentNo], [t].[AppointmentDate], [t].[TimeSlot], [t].[QueueNumber], [t].[Status], [t].[Source], [t].[Remark], [t].[CreatedAt], [t].[PatientId], [t0].[Name] AS [PatientName], [t0].[Phone] AS [PatientPhone], [t0].[Gender] AS [PatientGender], [t].[DoctorId], [u].[DisplayName] AS [DoctorName], [u].[Title] AS [DoctorTitle], [t].[DepartmentId], [d].[Name] AS [DepartmentName]
FROM (
    SELECT [a].[Id], [a].[AppointmentDate], [a].[AppointmentNo], [a].[CreatedAt], [a].[DepartmentId], [a].[DoctorId], [a].[PatientId], [a].[QueueNumber], [a].[Remark], [a].[Source], [a].[Status], [a].[TimeSlot]
    FROM [Appointments] AS [a]
    ORDER BY [a].[CreatedAt] DESC
    OFFSET @__p_0 ROWS FETCH NEXT @__p_1 ROWS ONLY
) AS [t]
INNER JOIN (
    SELECT [p].[Id], [p].[Gender], [p].[Name], [p].[Phone]
    FROM [Patients] AS [p]
    WHERE [p].[IsDeleted] = CAST(0 AS bit)
) AS [t0] ON [t].[PatientId] = [t0].[Id]
INNER JOIN [Users] AS [u] ON [t].[DoctorId] = [u].[Id]
LEFT JOIN [Departments] AS [d] ON [t].[DepartmentId] = [d].[Id]
ORDER BY [t].[CreatedAt] DESC
2026-05-18 21:12:02.847 +08:00 [INF] Executed DbCommand (5ms) [Parameters=[@__queryDate_0='?' (DbType = DateTime2), @__nextDay_1='?' (DbType = DateTime2)], CommandType='"Text"', CommandTimeout='30']
SELECT [a].[Id], [a].[AppointmentNo], [a].[TimeSlot], [a].[QueueNumber], [a].[Status], [t].[Name] AS [PatientName], [u].[DisplayName] AS [DoctorName], [d].[Name] AS [DepartmentName]
FROM [Appointments] AS [a]
INNER JOIN (
    SELECT [p].[Id], [p].[Name]
    FROM [Patients] AS [p]
    WHERE [p].[IsDeleted] = CAST(0 AS bit)
) AS [t] ON [a].[PatientId] = [t].[Id]
INNER JOIN [Users] AS [u] ON [a].[DoctorId] = [u].[Id]
LEFT JOIN [Departments] AS [d] ON [a].[DepartmentId] = [d].[Id]
WHERE [a].[AppointmentDate] >= @__queryDate_0 AND [a].[AppointmentDate] < @__nextDay_1
ORDER BY [a].[TimeSlot], [a].[QueueNumber]
2026-05-18 21:12:02.887 +08:00 [INF] Executed DbCommand (1ms) [Parameters=[@__doc_Id_0='?' (DbType = Int32), @__8__locals1_dateOnly_1='?' (DbType = DateTime2)], CommandType='"Text"', CommandTimeout='30']
SELECT TOP(1) [s].[Id], [s].[CreatedAt], [s].[Date], [s].[DoctorId], [s].[EndTime], [s].[IsWorkDay], [s].[MaxPatients], [s].[Reason], [s].[StartTime], [s].[TimeSlot]
FROM [SpecialSchedules] AS [s]
WHERE [s].[DoctorId] = @__doc_Id_0 AND [s].[Date] = @__8__locals1_dateOnly_1
2026-05-18 21:12:02.896 +08:00 [INF] Executed DbCommand (4ms) [Parameters=[@__doc_Id_0='?' (DbType = Int32), @__8__locals1_dayOfWeek_1='?' (DbType = Int32)], CommandType='"Text"', CommandTimeout='30']
SELECT [d].[Id], [d].[CreatedAt], [d].[DayOfWeek], [d].[DoctorId], [d].[EndTime], [d].[IsActive], [d].[MaxPatients], [d].[StartTime], [d].[TimeSlot]
FROM [DoctorSchedules] AS [d]
WHERE [d].[DoctorId] = @__doc_Id_0 AND [d].[DayOfWeek] = @__8__locals1_dayOfWeek_1 AND [d].[IsActive] = CAST(1 AS bit)
2026-05-18 21:12:02.917 +08:00 [INF] Executed DbCommand (2ms) [Parameters=[@__8__locals2_doc_Id_0='?' (DbType = Int32), @__8__locals1_dateOnly_1='?' (DbType = DateTime2), @__rs_TimeSlot_2='?' (Size = 20)], CommandType='"Text"', CommandTimeout='30']
SELECT COUNT(*)
FROM [Appointments] AS [a]
WHERE [a].[DoctorId] = @__8__locals2_doc_Id_0 AND [a].[AppointmentDate] = @__8__locals1_dateOnly_1 AND [a].[TimeSlot] = @__rs_TimeSlot_2 AND [a].[Status] <> 4
2026-05-18 21:12:02.921 +08:00 [INF] Executed DbCommand (1ms) [Parameters=[@__8__locals2_doc_Id_0='?' (DbType = Int32), @__8__locals1_dateOnly_1='?' (DbType = DateTime2), @__rs_TimeSlot_2='?' (Size = 20)], CommandType='"Text"', CommandTimeout='30']
SELECT COUNT(*)
FROM [Appointments] AS [a]
WHERE [a].[DoctorId] = @__8__locals2_doc_Id_0 AND [a].[AppointmentDate] = @__8__locals1_dateOnly_1 AND [a].[TimeSlot] = @__rs_TimeSlot_2 AND [a].[Status] <> 4
2026-05-18 21:12:02.923 +08:00 [INF] Executed DbCommand (1ms) [Parameters=[@__doc_Id_0='?' (DbType = Int32), @__8__locals1_dateOnly_1='?' (DbType = DateTime2)], CommandType='"Text"', CommandTimeout='30']
SELECT TOP(1) [s].[Id], [s].[CreatedAt], [s].[Date], [s].[DoctorId], [s].[EndTime], [s].[IsWorkDay], [s].[MaxPatients], [s].[Reason], [s].[StartTime], [s].[TimeSlot]
FROM [SpecialSchedules] AS [s]
WHERE [s].[DoctorId] = @__doc_Id_0 AND [s].[Date] = @__8__locals1_dateOnly_1
2026-05-18 21:12:02.924 +08:00 [INF] Executed DbCommand (0ms) [Parameters=[@__doc_Id_0='?' (DbType = Int32), @__8__locals1_dayOfWeek_1='?' (DbType = Int32)], CommandType='"Text"', CommandTimeout='30']
SELECT [d].[Id], [d].[CreatedAt], [d].[DayOfWeek], [d].[DoctorId], [d].[EndTime], [d].[IsActive], [d].[MaxPatients], [d].[StartTime], [d].[TimeSlot]
FROM [DoctorSchedules] AS [d]
WHERE [d].[DoctorId] = @__doc_Id_0 AND [d].[DayOfWeek] = @__8__locals1_dayOfWeek_1 AND [d].[IsActive] = CAST(1 AS bit)
2026-05-18 21:12:02.925 +08:00 [INF] Executed DbCommand (0ms) [Parameters=[@__8__locals2_doc_Id_0='?' (DbType = Int32), @__8__locals1_dateOnly_1='?' (DbType = DateTime2), @__rs_TimeSlot_2='?' (Size = 20)], CommandType='"Text"', CommandTimeout='30']
SELECT COUNT(*)
FROM [Appointments] AS [a]
WHERE [a].[DoctorId] = @__8__locals2_doc_Id_0 AND [a].[AppointmentDate] = @__8__locals1_dateOnly_1 AND [a].[TimeSlot] = @__rs_TimeSlot_2 AND [a].[Status] <> 4
2026-05-18 21:12:13.963 +08:00 [INF] Executed DbCommand (1ms) [Parameters=[], CommandType='"Text"', CommandTimeout='30']
SELECT COUNT(*)
FROM [Patients] AS [p]
WHERE [p].[IsDeleted] = CAST(0 AS bit)
2026-05-18 21:12:13.968 +08:00 [INF] Executed DbCommand (1ms) [Parameters=[@__p_0='?' (DbType = Int32), @__p_1='?' (DbType = Int32)], CommandType='"Text"', CommandTimeout='30']
SELECT [p].[Id], [p].[Name], [p].[Gender], [p].[DateOfBirth], [p].[Phone], [p].[IdCard], [p].[Address], [p].[Allergies], [p].[MedicalHistory], [p].[CreatedAt]
FROM [Patients] AS [p]
WHERE [p].[IsDeleted] = CAST(0 AS bit)
ORDER BY [p].[CreatedAt] DESC
OFFSET @__p_0 ROWS FETCH NEXT @__p_1 ROWS ONLY
2026-05-18 21:12:17.984 +08:00 [INF] Executed DbCommand (2ms) [Parameters=[], CommandType='"Text"', CommandTimeout='30']
SELECT COUNT(*)
FROM [Patients] AS [p]
WHERE [p].[IsDeleted] = CAST(0 AS bit)
2026-05-18 21:12:17.988 +08:00 [INF] Executed DbCommand (2ms) [Parameters=[@__p_0='?' (DbType = Int32), @__p_1='?' (DbType = Int32)], CommandType='"Text"', CommandTimeout='30']
SELECT [p].[Id], [p].[Name], [p].[Gender], [p].[DateOfBirth], [p].[Phone], [p].[IdCard], [p].[Address], [p].[Allergies], [p].[MedicalHistory], [p].[CreatedAt]
FROM [Patients] AS [p]
WHERE [p].[IsDeleted] = CAST(0 AS bit)
ORDER BY [p].[CreatedAt] DESC
OFFSET @__p_0 ROWS FETCH NEXT @__p_1 ROWS ONLY
2026-05-18 21:12:19.317 +08:00 [INF] Executed DbCommand (0ms) [Parameters=[], CommandType='"Text"', CommandTimeout='30']
SELECT COUNT(*)
FROM [Patients] AS [p]
WHERE [p].[IsDeleted] = CAST(0 AS bit)
2026-05-18 21:12:19.319 +08:00 [INF] Executed DbCommand (1ms) [Parameters=[@__p_0='?' (DbType = Int32), @__p_1='?' (DbType = Int32)], CommandType='"Text"', CommandTimeout='30']
SELECT [p].[Id], [p].[Name], [p].[Gender], [p].[DateOfBirth], [p].[Phone], [p].[IdCard], [p].[Address], [p].[Allergies], [p].[MedicalHistory], [p].[CreatedAt]
FROM [Patients] AS [p]
WHERE [p].[IsDeleted] = CAST(0 AS bit)
ORDER BY [p].[CreatedAt] DESC
OFFSET @__p_0 ROWS FETCH NEXT @__p_1 ROWS ONLY
2026-05-18 21:12:58.454 +08:00 [INF] Executed DbCommand (2ms) [Parameters=[@p0='?' (Size = 200), @p1='?' (Size = 500), @p2='?' (DbType = DateTime2), @p3='?' (DbType = DateTime2), @p4='?' (Size = 4000), @p5='?' (Size = 18), @p6='?' (DbType = Boolean), @p7='?' (Size = 1000), @p8='?' (Size = 50), @p9='?' (Size = 50), @p10='?' (Size = 20), @p11='?' (Size = 500), @p12='?' (DbType = DateTime2)], CommandType='"Text"', CommandTimeout='30']
SET IMPLICIT_TRANSACTIONS OFF;
SET NOCOUNT ON;
INSERT INTO [Patients] ([Address], [Allergies], [CreatedAt], [DateOfBirth], [Gender], [IdCard], [IsDeleted], [MedicalHistory], [MedicalInsuranceNo], [Name], [Phone], [Remark], [UpdatedAt])
OUTPUT INSERTED.[Id]
VALUES (@p0, @p1, @p2, @p3, @p4, @p5, @p6, @p7, @p8, @p9, @p10, @p11, @p12);
2026-05-18 21:12:58.607 +08:00 [INF] Executed DbCommand (0ms) [Parameters=[], CommandType='"Text"', CommandTimeout='30']
SELECT COUNT(*)
FROM [Patients] AS [p]
WHERE [p].[IsDeleted] = CAST(0 AS bit)
2026-05-18 21:12:58.610 +08:00 [INF] Executed DbCommand (2ms) [Parameters=[@__p_0='?' (DbType = Int32), @__p_1='?' (DbType = Int32)], CommandType='"Text"', CommandTimeout='30']
SELECT [p].[Id], [p].[Name], [p].[Gender], [p].[DateOfBirth], [p].[Phone], [p].[IdCard], [p].[Address], [p].[Allergies], [p].[MedicalHistory], [p].[CreatedAt]
FROM [Patients] AS [p]
WHERE [p].[IsDeleted] = CAST(0 AS bit)
ORDER BY [p].[CreatedAt] DESC
OFFSET @__p_0 ROWS FETCH NEXT @__p_1 ROWS ONLY
2026-05-18 21:13:11.590 +08:00 [INF] Executed DbCommand (2ms) [Parameters=[], CommandType='"Text"', CommandTimeout='30']
SELECT [u].[Id], [u].[ConsultationFee], [u].[CreatedAt], [u].[DepartmentId], [u].[DisplayName], [u].[Email], [u].[Introduction], [u].[IsActive], [u].[LastLoginAt], [u].[MaxDailyPatients], [u].[PasswordHash], [u].[Phone], [u].[Role], [u].[Title], [u].[Username], [d].[Id], [d].[CreatedAt], [d].[Description], [d].[IsActive], [d].[Name], [d].[SortOrder]
FROM [Users] AS [u]
LEFT JOIN [Departments] AS [d] ON [u].[DepartmentId] = [d].[Id]
WHERE [u].[Role] = 2 AND [u].[IsActive] = CAST(1 AS bit)
2026-05-18 21:13:11.592 +08:00 [INF] Executed DbCommand (2ms) [Parameters=[@__doc_Id_0='?' (DbType = Int32), @__8__locals1_dateOnly_1='?' (DbType = DateTime2)], CommandType='"Text"', CommandTimeout='30']
SELECT TOP(1) [s].[Id], [s].[CreatedAt], [s].[Date], [s].[DoctorId], [s].[EndTime], [s].[IsWorkDay], [s].[MaxPatients], [s].[Reason], [s].[StartTime], [s].[TimeSlot]
FROM [SpecialSchedules] AS [s]
WHERE [s].[DoctorId] = @__doc_Id_0 AND [s].[Date] = @__8__locals1_dateOnly_1
2026-05-18 21:13:11.594 +08:00 [INF] Executed DbCommand (2ms) [Parameters=[@__doc_Id_0='?' (DbType = Int32), @__8__locals1_dayOfWeek_1='?' (DbType = Int32)], CommandType='"Text"', CommandTimeout='30']
SELECT [d].[Id], [d].[CreatedAt], [d].[DayOfWeek], [d].[DoctorId], [d].[EndTime], [d].[IsActive], [d].[MaxPatients], [d].[StartTime], [d].[TimeSlot]
FROM [DoctorSchedules] AS [d]
WHERE [d].[DoctorId] = @__doc_Id_0 AND [d].[DayOfWeek] = @__8__locals1_dayOfWeek_1 AND [d].[IsActive] = CAST(1 AS bit)
2026-05-18 21:13:11.597 +08:00 [INF] Executed DbCommand (2ms) [Parameters=[@__8__locals2_doc_Id_0='?' (DbType = Int32), @__8__locals1_dateOnly_1='?' (DbType = DateTime2), @__rs_TimeSlot_2='?' (Size = 20)], CommandType='"Text"', CommandTimeout='30']
SELECT COUNT(*)
FROM [Appointments] AS [a]
WHERE [a].[DoctorId] = @__8__locals2_doc_Id_0 AND [a].[AppointmentDate] = @__8__locals1_dateOnly_1 AND [a].[TimeSlot] = @__rs_TimeSlot_2 AND [a].[Status] <> 4
2026-05-18 21:13:11.598 +08:00 [INF] Executed DbCommand (0ms) [Parameters=[@__8__locals2_doc_Id_0='?' (DbType = Int32), @__8__locals1_dateOnly_1='?' (DbType = DateTime2), @__rs_TimeSlot_2='?' (Size = 20)], CommandType='"Text"', CommandTimeout='30']
SELECT COUNT(*)
FROM [Appointments] AS [a]
WHERE [a].[DoctorId] = @__8__locals2_doc_Id_0 AND [a].[AppointmentDate] = @__8__locals1_dateOnly_1 AND [a].[TimeSlot] = @__rs_TimeSlot_2 AND [a].[Status] <> 4
2026-05-18 21:13:11.599 +08:00 [INF] Executed DbCommand (0ms) [Parameters=[@__doc_Id_0='?' (DbType = Int32), @__8__locals1_dateOnly_1='?' (DbType = DateTime2)], CommandType='"Text"', CommandTimeout='30']
SELECT TOP(1) [s].[Id], [s].[CreatedAt], [s].[Date], [s].[DoctorId], [s].[EndTime], [s].[IsWorkDay], [s].[MaxPatients], [s].[Reason], [s].[StartTime], [s].[TimeSlot]
FROM [SpecialSchedules] AS [s]
WHERE [s].[DoctorId] = @__doc_Id_0 AND [s].[Date] = @__8__locals1_dateOnly_1
2026-05-18 21:13:11.599 +08:00 [INF] Executed DbCommand (0ms) [Parameters=[@__doc_Id_0='?' (DbType = Int32), @__8__locals1_dayOfWeek_1='?' (DbType = Int32)], CommandType='"Text"', CommandTimeout='30']
SELECT [d].[Id], [d].[CreatedAt], [d].[DayOfWeek], [d].[DoctorId], [d].[EndTime], [d].[IsActive], [d].[MaxPatients], [d].[StartTime], [d].[TimeSlot]
FROM [DoctorSchedules] AS [d]
WHERE [d].[DoctorId] = @__doc_Id_0 AND [d].[DayOfWeek] = @__8__locals1_dayOfWeek_1 AND [d].[IsActive] = CAST(1 AS bit)
2026-05-18 21:13:11.601 +08:00 [INF] Executed DbCommand (0ms) [Parameters=[@__8__locals2_doc_Id_0='?' (DbType = Int32), @__8__locals1_dateOnly_1='?' (DbType = DateTime2), @__rs_TimeSlot_2='?' (Size = 20)], CommandType='"Text"', CommandTimeout='30']
SELECT COUNT(*)
FROM [Appointments] AS [a]
WHERE [a].[DoctorId] = @__8__locals2_doc_Id_0 AND [a].[AppointmentDate] = @__8__locals1_dateOnly_1 AND [a].[TimeSlot] = @__rs_TimeSlot_2 AND [a].[Status] <> 4
2026-05-18 21:13:12.011 +08:00 [INF] Executed DbCommand (1ms) [Parameters=[], CommandType='"Text"', CommandTimeout='30']
SELECT COUNT(*)
FROM [Appointments] AS [a]
2026-05-18 21:13:12.015 +08:00 [INF] Executed DbCommand (4ms) [Parameters=[@__p_0='?' (DbType = Int32), @__p_1='?' (DbType = Int32)], CommandType='"Text"', CommandTimeout='30']
SELECT [t].[Id], [t].[AppointmentNo], [t].[AppointmentDate], [t].[TimeSlot], [t].[QueueNumber], [t].[Status], [t].[Source], [t].[Remark], [t].[CreatedAt], [t].[PatientId], [t0].[Name] AS [PatientName], [t0].[Phone] AS [PatientPhone], [t0].[Gender] AS [PatientGender], [t].[DoctorId], [u].[DisplayName] AS [DoctorName], [u].[Title] AS [DoctorTitle], [t].[DepartmentId], [d].[Name] AS [DepartmentName]
FROM (
    SELECT [a].[Id], [a].[AppointmentDate], [a].[AppointmentNo], [a].[CreatedAt], [a].[DepartmentId], [a].[DoctorId], [a].[PatientId], [a].[QueueNumber], [a].[Remark], [a].[Source], [a].[Status], [a].[TimeSlot]
    FROM [Appointments] AS [a]
    ORDER BY [a].[CreatedAt] DESC
    OFFSET @__p_0 ROWS FETCH NEXT @__p_1 ROWS ONLY
) AS [t]
INNER JOIN (
    SELECT [p].[Id], [p].[Gender], [p].[Name], [p].[Phone]
    FROM [Patients] AS [p]
    WHERE [p].[IsDeleted] = CAST(0 AS bit)
) AS [t0] ON [t].[PatientId] = [t0].[Id]
INNER JOIN [Users] AS [u] ON [t].[DoctorId] = [u].[Id]
LEFT JOIN [Departments] AS [d] ON [t].[DepartmentId] = [d].[Id]
ORDER BY [t].[CreatedAt] DESC
2026-05-18 21:13:12.024 +08:00 [INF] Executed DbCommand (14ms) [Parameters=[], CommandType='"Text"', CommandTimeout='30']
SELECT [d].[Id], [d].[Name], [d].[Description], [d].[SortOrder]
FROM [Departments] AS [d]
WHERE [d].[IsActive] = CAST(1 AS bit)
ORDER BY [d].[SortOrder]
2026-05-18 21:13:12.026 +08:00 [INF] Executed DbCommand (16ms) [Parameters=[@__queryDate_0='?' (DbType = DateTime2), @__nextDay_1='?' (DbType = DateTime2)], CommandType='"Text"', CommandTimeout='30']
SELECT [a].[Id], [a].[AppointmentNo], [a].[TimeSlot], [a].[QueueNumber], [a].[Status], [t].[Name] AS [PatientName], [u].[DisplayName] AS [DoctorName], [d].[Name] AS [DepartmentName]
FROM [Appointments] AS [a]
INNER JOIN (
    SELECT [p].[Id], [p].[Name]
    FROM [Patients] AS [p]
    WHERE [p].[IsDeleted] = CAST(0 AS bit)
) AS [t] ON [a].[PatientId] = [t].[Id]
INNER JOIN [Users] AS [u] ON [a].[DoctorId] = [u].[Id]
LEFT JOIN [Departments] AS [d] ON [a].[DepartmentId] = [d].[Id]
WHERE [a].[AppointmentDate] >= @__queryDate_0 AND [a].[AppointmentDate] < @__nextDay_1
ORDER BY [a].[TimeSlot], [a].[QueueNumber]
2026-05-18 21:13:15.477 +08:00 [INF] Executed DbCommand (1ms) [Parameters=[], CommandType='"Text"', CommandTimeout='30']
SELECT COUNT(*)
FROM [Patients] AS [p]
WHERE [p].[IsDeleted] = CAST(0 AS bit)
2026-05-18 21:13:15.478 +08:00 [INF] Executed DbCommand (0ms) [Parameters=[@__p_0='?' (DbType = Int32), @__p_1='?' (DbType = Int32)], CommandType='"Text"', CommandTimeout='30']
SELECT [p].[Id], [p].[Name], [p].[Gender], [p].[DateOfBirth], [p].[Phone], [p].[IdCard], [p].[Address], [p].[Allergies], [p].[MedicalHistory], [p].[CreatedAt]
FROM [Patients] AS [p]
WHERE [p].[IsDeleted] = CAST(0 AS bit)
ORDER BY [p].[CreatedAt] DESC
OFFSET @__p_0 ROWS FETCH NEXT @__p_1 ROWS ONLY
2026-05-18 21:13:30.286 +08:00 [INF] Executed DbCommand (3ms) [Parameters=[@__request_DoctorId_0='?' (DbType = Int32)], CommandType='"Text"', CommandTimeout='30']
SELECT TOP(1) [u].[Id], [u].[ConsultationFee], [u].[CreatedAt], [u].[DepartmentId], [u].[DisplayName], [u].[Email], [u].[Introduction], [u].[IsActive], [u].[LastLoginAt], [u].[MaxDailyPatients], [u].[PasswordHash], [u].[Phone], [u].[Role], [u].[Title], [u].[Username], [d].[Id], [d].[CreatedAt], [d].[Description], [d].[IsActive], [d].[Name], [d].[SortOrder]
FROM [Users] AS [u]
LEFT JOIN [Departments] AS [d] ON [u].[DepartmentId] = [d].[Id]
WHERE [u].[Id] = @__request_DoctorId_0 AND [u].[Role] = 2 AND [u].[IsActive] = CAST(1 AS bit)
2026-05-18 21:13:30.292 +08:00 [INF] Executed DbCommand (2ms) [Parameters=[@__request_DoctorId_0='?' (DbType = Int32), @__apptDate_1='?' (DbType = DateTime2), @__request_TimeSlot_2='?' (Size = 20)], CommandType='"Text"', CommandTimeout='30']
SELECT COUNT(*)
FROM [Appointments] AS [a]
WHERE [a].[DoctorId] = @__request_DoctorId_0 AND [a].[AppointmentDate] = @__apptDate_1 AND [a].[TimeSlot] = @__request_TimeSlot_2 AND [a].[Status] <> 4
2026-05-18 21:13:30.352 +08:00 [INF] Executed DbCommand (3ms) [Parameters=[@p0='?' (DbType = DateTime2), @p1='?' (Size = 20), @p2='?' (Size = 200), @p3='?' (DbType = DateTime2), @p4='?' (DbType = DateTime2), @p5='?' (DbType = Int32), @p6='?' (DbType = Int32), @p7='?' (DbType = Int32), @p8='?' (DbType = Int32), @p9='?' (DbType = Int32), @p10='?' (Size = 200), @p11='?' (Size = 20), @p12='?' (DbType = Int32), @p13='?' (Size = 20)], CommandType='"Text"', CommandTimeout='30']
SET IMPLICIT_TRANSACTIONS OFF;
SET NOCOUNT ON;
INSERT INTO [Appointments] ([AppointmentDate], [AppointmentNo], [CancelReason], [CancelledAt], [CreatedAt], [DepartmentId], [DoctorId], [PatientId], [QueueNumber], [RegisterUserId], [Remark], [Source], [Status], [TimeSlot])
OUTPUT INSERTED.[Id]
VALUES (@p0, @p1, @p2, @p3, @p4, @p5, @p6, @p7, @p8, @p9, @p10, @p11, @p12, @p13);
2026-05-18 21:13:30.378 +08:00 [INF] Executed DbCommand (9ms) [Parameters=[@__apt_Id_0='?' (DbType = Int32)], CommandType='"Text"', CommandTimeout='30']
SELECT TOP(1) [a].[Id], [a].[AppointmentDate], [a].[AppointmentNo], [a].[CancelReason], [a].[CancelledAt], [a].[CreatedAt], [a].[DepartmentId], [a].[DoctorId], [a].[PatientId], [a].[QueueNumber], [a].[RegisterUserId], [a].[Remark], [a].[Source], [a].[Status], [a].[TimeSlot], [t].[Id], [t].[Address], [t].[Allergies], [t].[CreatedAt], [t].[DateOfBirth], [t].[Gender], [t].[IdCard], [t].[IsDeleted], [t].[MedicalHistory], [t].[MedicalInsuranceNo], [t].[Name], [t].[Phone], [t].[Remark], [t].[UpdatedAt], [u].[Id], [u].[ConsultationFee], [u].[CreatedAt], [u].[DepartmentId], [u].[DisplayName], [u].[Email], [u].[Introduction], [u].[IsActive], [u].[LastLoginAt], [u].[MaxDailyPatients], [u].[PasswordHash], [u].[Phone], [u].[Role], [u].[Title], [u].[Username], [d].[Id], [d].[CreatedAt], [d].[Description], [d].[IsActive], [d].[Name], [d].[SortOrder]
FROM [Appointments] AS [a]
INNER JOIN (
    SELECT [p].[Id], [p].[Address], [p].[Allergies], [p].[CreatedAt], [p].[DateOfBirth], [p].[Gender], [p].[IdCard], [p].[IsDeleted], [p].[MedicalHistory], [p].[MedicalInsuranceNo], [p].[Name], [p].[Phone], [p].[Remark], [p].[UpdatedAt]
    FROM [Patients] AS [p]
    WHERE [p].[IsDeleted] = CAST(0 AS bit)
) AS [t] ON [a].[PatientId] = [t].[Id]
INNER JOIN [Users] AS [u] ON [a].[DoctorId] = [u].[Id]
LEFT JOIN [Departments] AS [d] ON [a].[DepartmentId] = [d].[Id]
WHERE [a].[Id] = @__apt_Id_0
2026-05-18 21:13:30.534 +08:00 [INF] Executed DbCommand (2ms) [Parameters=[], CommandType='"Text"', CommandTimeout='30']
SELECT [u].[Id], [u].[ConsultationFee], [u].[CreatedAt], [u].[DepartmentId], [u].[DisplayName], [u].[Email], [u].[Introduction], [u].[IsActive], [u].[LastLoginAt], [u].[MaxDailyPatients], [u].[PasswordHash], [u].[Phone], [u].[Role], [u].[Title], [u].[Username], [d].[Id], [d].[CreatedAt], [d].[Description], [d].[IsActive], [d].[Name], [d].[SortOrder]
FROM [Users] AS [u]
LEFT JOIN [Departments] AS [d] ON [u].[DepartmentId] = [d].[Id]
WHERE [u].[Role] = 2 AND [u].[IsActive] = CAST(1 AS bit)
2026-05-18 21:13:30.535 +08:00 [INF] Executed DbCommand (1ms) [Parameters=[@__doc_Id_0='?' (DbType = Int32), @__8__locals1_dateOnly_1='?' (DbType = DateTime2)], CommandType='"Text"', CommandTimeout='30']
SELECT TOP(1) [s].[Id], [s].[CreatedAt], [s].[Date], [s].[DoctorId], [s].[EndTime], [s].[IsWorkDay], [s].[MaxPatients], [s].[Reason], [s].[StartTime], [s].[TimeSlot]
FROM [SpecialSchedules] AS [s]
WHERE [s].[DoctorId] = @__doc_Id_0 AND [s].[Date] = @__8__locals1_dateOnly_1
2026-05-18 21:13:30.537 +08:00 [INF] Executed DbCommand (1ms) [Parameters=[@__doc_Id_0='?' (DbType = Int32), @__8__locals1_dayOfWeek_1='?' (DbType = Int32)], CommandType='"Text"', CommandTimeout='30']
SELECT [d].[Id], [d].[CreatedAt], [d].[DayOfWeek], [d].[DoctorId], [d].[EndTime], [d].[IsActive], [d].[MaxPatients], [d].[StartTime], [d].[TimeSlot]
FROM [DoctorSchedules] AS [d]
WHERE [d].[DoctorId] = @__doc_Id_0 AND [d].[DayOfWeek] = @__8__locals1_dayOfWeek_1 AND [d].[IsActive] = CAST(1 AS bit)
2026-05-18 21:13:30.543 +08:00 [INF] Executed DbCommand (5ms) [Parameters=[@__8__locals2_doc_Id_0='?' (DbType = Int32), @__8__locals1_dateOnly_1='?' (DbType = DateTime2), @__rs_TimeSlot_2='?' (Size = 20)], CommandType='"Text"', CommandTimeout='30']
SELECT COUNT(*)
FROM [Appointments] AS [a]
WHERE [a].[DoctorId] = @__8__locals2_doc_Id_0 AND [a].[AppointmentDate] = @__8__locals1_dateOnly_1 AND [a].[TimeSlot] = @__rs_TimeSlot_2 AND [a].[Status] <> 4
2026-05-18 21:13:30.544 +08:00 [INF] Executed DbCommand (0ms) [Parameters=[@__8__locals2_doc_Id_0='?' (DbType = Int32), @__8__locals1_dateOnly_1='?' (DbType = DateTime2), @__rs_TimeSlot_2='?' (Size = 20)], CommandType='"Text"', CommandTimeout='30']
SELECT COUNT(*)
FROM [Appointments] AS [a]
WHERE [a].[DoctorId] = @__8__locals2_doc_Id_0 AND [a].[AppointmentDate] = @__8__locals1_dateOnly_1 AND [a].[TimeSlot] = @__rs_TimeSlot_2 AND [a].[Status] <> 4
2026-05-18 21:13:30.544 +08:00 [INF] Executed DbCommand (0ms) [Parameters=[@__doc_Id_0='?' (DbType = Int32), @__8__locals1_dateOnly_1='?' (DbType = DateTime2)], CommandType='"Text"', CommandTimeout='30']
SELECT TOP(1) [s].[Id], [s].[CreatedAt], [s].[Date], [s].[DoctorId], [s].[EndTime], [s].[IsWorkDay], [s].[MaxPatients], [s].[Reason], [s].[StartTime], [s].[TimeSlot]
FROM [SpecialSchedules] AS [s]
WHERE [s].[DoctorId] = @__doc_Id_0 AND [s].[Date] = @__8__locals1_dateOnly_1
2026-05-18 21:13:30.545 +08:00 [INF] Executed DbCommand (0ms) [Parameters=[@__doc_Id_0='?' (DbType = Int32), @__8__locals1_dayOfWeek_1='?' (DbType = Int32)], CommandType='"Text"', CommandTimeout='30']
SELECT [d].[Id], [d].[CreatedAt], [d].[DayOfWeek], [d].[DoctorId], [d].[EndTime], [d].[IsActive], [d].[MaxPatients], [d].[StartTime], [d].[TimeSlot]
FROM [DoctorSchedules] AS [d]
WHERE [d].[DoctorId] = @__doc_Id_0 AND [d].[DayOfWeek] = @__8__locals1_dayOfWeek_1 AND [d].[IsActive] = CAST(1 AS bit)
2026-05-18 21:13:30.545 +08:00 [INF] Executed DbCommand (0ms) [Parameters=[@__8__locals2_doc_Id_0='?' (DbType = Int32), @__8__locals1_dateOnly_1='?' (DbType = DateTime2), @__rs_TimeSlot_2='?' (Size = 20)], CommandType='"Text"', CommandTimeout='30']
SELECT COUNT(*)
FROM [Appointments] AS [a]
WHERE [a].[DoctorId] = @__8__locals2_doc_Id_0 AND [a].[AppointmentDate] = @__8__locals1_dateOnly_1 AND [a].[TimeSlot] = @__rs_TimeSlot_2 AND [a].[Status] <> 4
2026-05-18 21:13:30.705 +08:00 [INF] Executed DbCommand (1ms) [Parameters=[], CommandType='"Text"', CommandTimeout='30']
SELECT COUNT(*)
FROM [Appointments] AS [a]
2026-05-18 21:13:30.710 +08:00 [INF] Executed DbCommand (5ms) [Parameters=[@__p_0='?' (DbType = Int32), @__p_1='?' (DbType = Int32)], CommandType='"Text"', CommandTimeout='30']
SELECT [t].[Id], [t].[AppointmentNo], [t].[AppointmentDate], [t].[TimeSlot], [t].[QueueNumber], [t].[Status], [t].[Source], [t].[Remark], [t].[CreatedAt], [t].[PatientId], [t0].[Name] AS [PatientName], [t0].[Phone] AS [PatientPhone], [t0].[Gender] AS [PatientGender], [t].[DoctorId], [u].[DisplayName] AS [DoctorName], [u].[Title] AS [DoctorTitle], [t].[DepartmentId], [d].[Name] AS [DepartmentName]
FROM (
    SELECT [a].[Id], [a].[AppointmentDate], [a].[AppointmentNo], [a].[CreatedAt], [a].[DepartmentId], [a].[DoctorId], [a].[PatientId], [a].[QueueNumber], [a].[Remark], [a].[Source], [a].[Status], [a].[TimeSlot]
    FROM [Appointments] AS [a]
    ORDER BY [a].[CreatedAt] DESC
    OFFSET @__p_0 ROWS FETCH NEXT @__p_1 ROWS ONLY
) AS [t]
INNER JOIN (
    SELECT [p].[Id], [p].[Gender], [p].[Name], [p].[Phone]
    FROM [Patients] AS [p]
    WHERE [p].[IsDeleted] = CAST(0 AS bit)
) AS [t0] ON [t].[PatientId] = [t0].[Id]
INNER JOIN [Users] AS [u] ON [t].[DoctorId] = [u].[Id]
LEFT JOIN [Departments] AS [d] ON [t].[DepartmentId] = [d].[Id]
ORDER BY [t].[CreatedAt] DESC
2026-05-18 21:13:38.619 +08:00 [INF] Executed DbCommand (3ms) [Parameters=[@__queryDate_0='?' (DbType = DateTime2), @__nextDay_1='?' (DbType = DateTime2)], CommandType='"Text"', CommandTimeout='30']
SELECT [a].[Id], [a].[AppointmentNo], [a].[TimeSlot], [a].[QueueNumber], [a].[Status], [t].[Name] AS [PatientName], [u].[DisplayName] AS [DoctorName], [d].[Name] AS [DepartmentName]
FROM [Appointments] AS [a]
INNER JOIN (
    SELECT [p].[Id], [p].[Name]
    FROM [Patients] AS [p]
    WHERE [p].[IsDeleted] = CAST(0 AS bit)
) AS [t] ON [a].[PatientId] = [t].[Id]
INNER JOIN [Users] AS [u] ON [a].[DoctorId] = [u].[Id]
LEFT JOIN [Departments] AS [d] ON [a].[DepartmentId] = [d].[Id]
WHERE [a].[AppointmentDate] >= @__queryDate_0 AND [a].[AppointmentDate] < @__nextDay_1
ORDER BY [a].[TimeSlot], [a].[QueueNumber]
2026-05-18 21:13:42.022 +08:00 [INF] Executed DbCommand (1ms) [Parameters=[@__queryDate_0='?' (DbType = DateTime2), @__nextDay_1='?' (DbType = DateTime2)], CommandType='"Text"', CommandTimeout='30']
SELECT [a].[Id], [a].[AppointmentNo], [a].[TimeSlot], [a].[QueueNumber], [a].[Status], [t].[Name] AS [PatientName], [u].[DisplayName] AS [DoctorName], [d].[Name] AS [DepartmentName]
FROM [Appointments] AS [a]
INNER JOIN (
    SELECT [p].[Id], [p].[Name]
    FROM [Patients] AS [p]
    WHERE [p].[IsDeleted] = CAST(0 AS bit)
) AS [t] ON [a].[PatientId] = [t].[Id]
INNER JOIN [Users] AS [u] ON [a].[DoctorId] = [u].[Id]
LEFT JOIN [Departments] AS [d] ON [a].[DepartmentId] = [d].[Id]
WHERE [a].[AppointmentDate] >= @__queryDate_0 AND [a].[AppointmentDate] < @__nextDay_1
ORDER BY [a].[TimeSlot], [a].[QueueNumber]
2026-05-18 21:13:43.770 +08:00 [INF] Executed DbCommand (1ms) [Parameters=[], CommandType='"Text"', CommandTimeout='30']
SELECT COUNT(*)
FROM [Patients] AS [p]
WHERE [p].[IsDeleted] = CAST(0 AS bit)
2026-05-18 21:13:43.773 +08:00 [INF] Executed DbCommand (2ms) [Parameters=[@__p_0='?' (DbType = Int32), @__p_1='?' (DbType = Int32)], CommandType='"Text"', CommandTimeout='30']
SELECT [p].[Id], [p].[Name], [p].[Gender], [p].[DateOfBirth], [p].[Phone], [p].[IdCard], [p].[Address], [p].[Allergies], [p].[MedicalHistory], [p].[CreatedAt]
FROM [Patients] AS [p]
WHERE [p].[IsDeleted] = CAST(0 AS bit)
ORDER BY [p].[CreatedAt] DESC
OFFSET @__p_0 ROWS FETCH NEXT @__p_1 ROWS ONLY
2026-05-18 21:13:46.894 +08:00 [INF] Executed DbCommand (2ms) [Parameters=[], CommandType='"Text"', CommandTimeout='30']
SELECT [d].[Id], [d].[Name], [d].[Description], [d].[SortOrder]
FROM [Departments] AS [d]
WHERE [d].[IsActive] = CAST(1 AS bit)
ORDER BY [d].[SortOrder]
2026-05-18 21:13:48.212 +08:00 [INF] Executed DbCommand (1ms) [Parameters=[], CommandType='"Text"', CommandTimeout='30']
SELECT COUNT(*)
FROM [ChargeItems] AS [c]
2026-05-18 21:13:48.217 +08:00 [INF] Executed DbCommand (1ms) [Parameters=[@__p_0='?' (DbType = Int32), @__p_1='?' (DbType = Int32)], CommandType='"Text"', CommandTimeout='30']
SELECT [c].[Id], [c].[Category], [c].[Code], [c].[CreatedAt], [c].[IsActive], [c].[Name], [c].[Price], [c].[Remark], [c].[Unit]
FROM [ChargeItems] AS [c]
ORDER BY [c].[CreatedAt] DESC
OFFSET @__p_0 ROWS FETCH NEXT @__p_1 ROWS ONLY
2026-05-18 21:13:50.695 +08:00 [INF] Executed DbCommand (1ms) [Parameters=[], CommandType='"Text"', CommandTimeout='30']
SELECT COUNT(*)
FROM [Drugs] AS [d]
2026-05-18 21:13:50.701 +08:00 [INF] Executed DbCommand (1ms) [Parameters=[@__p_0='?' (DbType = Int32), @__p_1='?' (DbType = Int32)], CommandType='"Text"', CommandTimeout='30']
SELECT [d].[Id], [d].[Category], [d].[Code], [d].[CommonName], [d].[CostPrice], [d].[CreatedAt], [d].[DosageForm], [d].[IsActive], [d].[IsPrescription], [d].[Manufacturer], [d].[Name], [d].[Price], [d].[Remark], [d].[Specification], [d].[Unit]
FROM [Drugs] AS [d]
ORDER BY [d].[CreatedAt] DESC
OFFSET @__p_0 ROWS FETCH NEXT @__p_1 ROWS ONLY
2026-05-18 21:13:51.687 +08:00 [INF] Executed DbCommand (1ms) [Parameters=[], CommandType='"Text"', CommandTimeout='30']
SELECT COUNT(*)
FROM [Users] AS [u]
2026-05-18 21:13:51.705 +08:00 [INF] Executed DbCommand (3ms) [Parameters=[@__p_0='?' (DbType = Int32), @__p_1='?' (DbType = Int32)], CommandType='"Text"', CommandTimeout='30']
SELECT [t].[Id], [t].[Username], [t].[DisplayName], [t].[Phone], [t].[Role], [d].[Name], [t].[IsActive], [t].[Title], [t].[LastLoginAt], [t].[CreatedAt]
FROM (
    SELECT [u].[Id], [u].[CreatedAt], [u].[DepartmentId], [u].[DisplayName], [u].[IsActive], [u].[LastLoginAt], [u].[Phone], [u].[Role], [u].[Title], [u].[Username]
    FROM [Users] AS [u]
    ORDER BY [u].[Id]
    OFFSET @__p_0 ROWS FETCH NEXT @__p_1 ROWS ONLY
) AS [t]
LEFT JOIN [Departments] AS [d] ON [t].[DepartmentId] = [d].[Id]
ORDER BY [t].[Id]
2026-05-18 21:13:55.513 +08:00 [INF] Executed DbCommand (1ms) [Parameters=[@__queryDate_0='?' (DbType = DateTime2), @__nextDay_1='?' (DbType = DateTime2)], CommandType='"Text"', CommandTimeout='30']
SELECT [a].[Id], [a].[AppointmentNo], [a].[TimeSlot], [a].[QueueNumber], [a].[Status], [t].[Name] AS [PatientName], [u].[DisplayName] AS [DoctorName], [d].[Name] AS [DepartmentName]
FROM [Appointments] AS [a]
INNER JOIN (
    SELECT [p].[Id], [p].[Name]
    FROM [Patients] AS [p]
    WHERE [p].[IsDeleted] = CAST(0 AS bit)
) AS [t] ON [a].[PatientId] = [t].[Id]
INNER JOIN [Users] AS [u] ON [a].[DoctorId] = [u].[Id]
LEFT JOIN [Departments] AS [d] ON [a].[DepartmentId] = [d].[Id]
WHERE [a].[AppointmentDate] >= @__queryDate_0 AND [a].[AppointmentDate] < @__nextDay_1
ORDER BY [a].[TimeSlot], [a].[QueueNumber]
2026-05-18 21:13:57.429 +08:00 [INF] Executed DbCommand (2ms) [Parameters=[], CommandType='"Text"', CommandTimeout='30']
SELECT [d].[Id], [d].[Code], [d].[Name], [d].[Specification], [d].[Manufacturer], [d].[Category], [d].[DosageForm], [d].[Unit], [d].[Price], [d].[IsPrescription]
FROM [Drugs] AS [d]
WHERE [d].[IsActive] = CAST(1 AS bit)
ORDER BY [d].[Category], [d].[Name]
2026-05-18 21:14:28.458 +08:00 [INF] Executed DbCommand (1ms) [Parameters=[], CommandType='"Text"', CommandTimeout='30']
SELECT COUNT(*)
FROM [Drugs] AS [d]
2026-05-18 21:14:28.460 +08:00 [INF] Executed DbCommand (1ms) [Parameters=[@__p_0='?' (DbType = Int32), @__p_1='?' (DbType = Int32)], CommandType='"Text"', CommandTimeout='30']
SELECT [d].[Id], [d].[Category], [d].[Code], [d].[CommonName], [d].[CostPrice], [d].[CreatedAt], [d].[DosageForm], [d].[IsActive], [d].[IsPrescription], [d].[Manufacturer], [d].[Name], [d].[Price], [d].[Remark], [d].[Specification], [d].[Unit]
FROM [Drugs] AS [d]
ORDER BY [d].[CreatedAt] DESC
OFFSET @__p_0 ROWS FETCH NEXT @__p_1 ROWS ONLY
2026-05-18 21:14:29.342 +08:00 [INF] Executed DbCommand (1ms) [Parameters=[], CommandType='"Text"', CommandTimeout='30']
SELECT COUNT(*)
FROM [Drugs] AS [d]
2026-05-18 21:14:29.343 +08:00 [INF] Executed DbCommand (1ms) [Parameters=[@__p_0='?' (DbType = Int32), @__p_1='?' (DbType = Int32)], CommandType='"Text"', CommandTimeout='30']
SELECT [d].[Id], [d].[Category], [d].[Code], [d].[CommonName], [d].[CostPrice], [d].[CreatedAt], [d].[DosageForm], [d].[IsActive], [d].[IsPrescription], [d].[Manufacturer], [d].[Name], [d].[Price], [d].[Remark], [d].[Specification], [d].[Unit]
FROM [Drugs] AS [d]
ORDER BY [d].[CreatedAt] DESC
OFFSET @__p_0 ROWS FETCH NEXT @__p_1 ROWS ONLY
2026-05-18 21:14:56.785 +08:00 [INF] Executed DbCommand (2ms) [Parameters=[@__request_Code_0='?' (Size = 20)], CommandType='"Text"', CommandTimeout='30']
SELECT CASE
    WHEN EXISTS (
        SELECT 1
        FROM [Drugs] AS [d]
        WHERE [d].[Code] = @__request_Code_0) THEN CAST(1 AS bit)
    ELSE CAST(0 AS bit)
END
2026-05-18 21:14:56.818 +08:00 [INF] Executed DbCommand (3ms) [Parameters=[@p0='?' (Size = 20), @p1='?' (Size = 20), @p2='?' (Size = 100), @p3='?' (Precision = 18) (Scale = 2) (DbType = Decimal), @p4='?' (DbType = DateTime2), @p5='?' (Size = 20), @p6='?' (DbType = Boolean), @p7='?' (DbType = Boolean), @p8='?' (Size = 100), @p9='?' (Size = 100), @p10='?' (Precision = 18) (Scale = 2) (DbType = Decimal), @p11='?' (Size = 200), @p12='?' (Size = 100), @p13='?' (Size = 10)], CommandType='"Text"', CommandTimeout='30']
SET IMPLICIT_TRANSACTIONS OFF;
SET NOCOUNT ON;
INSERT INTO [Drugs] ([Category], [Code], [CommonName], [CostPrice], [CreatedAt], [DosageForm], [IsActive], [IsPrescription], [Manufacturer], [Name], [Price], [Remark], [Specification], [Unit])
OUTPUT INSERTED.[Id]
VALUES (@p0, @p1, @p2, @p3, @p4, @p5, @p6, @p7, @p8, @p9, @p10, @p11, @p12, @p13);
2026-05-18 21:14:57.028 +08:00 [INF] Executed DbCommand (0ms) [Parameters=[], CommandType='"Text"', CommandTimeout='30']
SELECT COUNT(*)
FROM [Drugs] AS [d]
2026-05-18 21:14:57.029 +08:00 [INF] Executed DbCommand (0ms) [Parameters=[@__p_0='?' (DbType = Int32), @__p_1='?' (DbType = Int32)], CommandType='"Text"', CommandTimeout='30']
SELECT [d].[Id], [d].[Category], [d].[Code], [d].[CommonName], [d].[CostPrice], [d].[CreatedAt], [d].[DosageForm], [d].[IsActive], [d].[IsPrescription], [d].[Manufacturer], [d].[Name], [d].[Price], [d].[Remark], [d].[Specification], [d].[Unit]
FROM [Drugs] AS [d]
ORDER BY [d].[CreatedAt] DESC
OFFSET @__p_0 ROWS FETCH NEXT @__p_1 ROWS ONLY
2026-05-18 21:14:58.992 +08:00 [INF] Executed DbCommand (5ms) [Parameters=[@__queryDate_0='?' (DbType = DateTime2), @__nextDay_1='?' (DbType = DateTime2)], CommandType='"Text"', CommandTimeout='30']
SELECT [a].[Id], [a].[AppointmentNo], [a].[TimeSlot], [a].[QueueNumber], [a].[Status], [t].[Name] AS [PatientName], [u].[DisplayName] AS [DoctorName], [d].[Name] AS [DepartmentName]
FROM [Appointments] AS [a]
INNER JOIN (
    SELECT [p].[Id], [p].[Name]
    FROM [Patients] AS [p]
    WHERE [p].[IsDeleted] = CAST(0 AS bit)
) AS [t] ON [a].[PatientId] = [t].[Id]
INNER JOIN [Users] AS [u] ON [a].[DoctorId] = [u].[Id]
LEFT JOIN [Departments] AS [d] ON [a].[DepartmentId] = [d].[Id]
WHERE [a].[AppointmentDate] >= @__queryDate_0 AND [a].[AppointmentDate] < @__nextDay_1
ORDER BY [a].[TimeSlot], [a].[QueueNumber]
2026-05-18 21:15:00.692 +08:00 [INF] Executed DbCommand (2ms) [Parameters=[], CommandType='"Text"', CommandTimeout='30']
SELECT [d].[Id], [d].[Code], [d].[Name], [d].[Specification], [d].[Manufacturer], [d].[Category], [d].[DosageForm], [d].[Unit], [d].[Price], [d].[IsPrescription]
FROM [Drugs] AS [d]
WHERE [d].[IsActive] = CAST(1 AS bit)
ORDER BY [d].[Category], [d].[Name]
2026-05-18 21:15:23.028 +08:00 [INF] Executed DbCommand (1ms) [Parameters=[@__p_0_rewritten='?' (Size = 20)], CommandType='"Text"', CommandTimeout='30']
SELECT COUNT(*)
FROM [MedicalRecords] AS [m]
WHERE [m].[RecordNo] LIKE @__p_0_rewritten ESCAPE N'\'
2026-05-18 21:15:23.072 +08:00 [INF] Executed DbCommand (10ms) [Parameters=[@p0='?' (DbType = Int32), @p1='?' (Size = 2000), @p2='?' (Size = 2000), @p3='?' (DbType = DateTime2), @p4='?' (Size = 2000), @p5='?' (DbType = Int32), @p6='?' (Size = 2000), @p7='?' (DbType = Int32), @p8='?' (Size = 4000), @p9='?' (Size = 4000), @p10='?' (Size = 20), @p11='?' (Size = 500), @p12='?' (Size = 2000), @p13='?' (Size = 500), @p14='?' (Size = 2000), @p15='?' (Size = 2000), @p16='?' (Size = 2000), @p17='?' (Size = 500), @p18='?' (DbType = DateTime2), @p19='?' (DbType = DateTime2), @p20='?' (Size = 500)], CommandType='"Text"', CommandTimeout='30']
SET IMPLICIT_TRANSACTIONS OFF;
SET NOCOUNT ON;
INSERT INTO [MedicalRecords] ([AppointmentId], [AuxiliaryExamination], [ChiefComplaint], [CreatedAt], [DoctorAdvice], [DoctorId], [PastHistory], [PatientId], [PhysicalExamination], [PresentIllness], [RecordNo], [Remark], [TcmAuscultation], [TcmDiagnosis], [TcmInquiry], [TcmObservation], [TcmPalpation], [TcmSyndrome], [UpdatedAt], [VisitDate], [WesternDiagnosis])
OUTPUT INSERTED.[Id]
VALUES (@p0, @p1, @p2, @p3, @p4, @p5, @p6, @p7, @p8, @p9, @p10, @p11, @p12, @p13, @p14, @p15, @p16, @p17, @p18, @p19, @p20);
2026-05-18 21:15:23.085 +08:00 [ERR] An exception occurred in the database while saving changes for context type 'ClinicSystem.Infrastructure.Data.AppDbContext'.
Microsoft.EntityFrameworkCore.DbUpdateException: An error occurred while saving the entity changes. See the inner exception for details.
 ---> Microsoft.Data.SqlClient.SqlException (0x80131904): INSERT 语句与 FOREIGN KEY 约束"FK_MedicalRecords_Patients_PatientId"冲突。该冲突发生于数据库"ClinicSystem_Dev"，表"dbo.Patients", column 'Id'。
   at Microsoft.Data.SqlClient.SqlConnection.OnError(SqlException exception, Boolean breakConnection, Action`1 wrapCloseInAction)
   at Microsoft.Data.SqlClient.SqlInternalConnection.OnError(SqlException exception, Boolean breakConnection, Action`1 wrapCloseInAction)
   at Microsoft.Data.SqlClient.TdsParser.ThrowExceptionAndWarning(TdsParserStateObject stateObj, Boolean callerHasConnectionLock, Boolean asyncClose)
   at Microsoft.Data.SqlClient.TdsParser.TryRun(RunBehavior runBehavior, SqlCommand cmdHandler, SqlDataReader dataStream, BulkCopySimpleResultSet bulkCopyHandler, TdsParserStateObject stateObj, Boolean& dataReady)
   at Microsoft.Data.SqlClient.SqlDataReader.TryHasMoreRows(Boolean& moreRows)
   at Microsoft.Data.SqlClient.SqlDataReader.TryReadInternal(Boolean setTimeout, Boolean& more)
   at Microsoft.Data.SqlClient.SqlDataReader.ReadAsyncExecute(Task task, Object state)
   at Microsoft.Data.SqlClient.SqlDataReader.InvokeAsyncCall[T](SqlDataReaderBaseAsyncCallContext`1 context)
--- End of stack trace from previous location ---
   at Microsoft.EntityFrameworkCore.Update.AffectedCountModificationCommandBatch.ConsumeResultSetAsync(Int32 startCommandIndex, RelationalDataReader reader, CancellationToken cancellationToken)
ClientConnectionId:055c8b94-bb1f-4b8b-982b-bca4d94e8064
Error Number:547,State:0,Class:16
   --- End of inner exception stack trace ---
   at Microsoft.EntityFrameworkCore.Update.AffectedCountModificationCommandBatch.ConsumeResultSetAsync(Int32 startCommandIndex, RelationalDataReader reader, CancellationToken cancellationToken)
   at Microsoft.EntityFrameworkCore.Update.AffectedCountModificationCommandBatch.ConsumeAsync(RelationalDataReader reader, CancellationToken cancellationToken)
   at Microsoft.EntityFrameworkCore.Update.ReaderModificationCommandBatch.ExecuteAsync(IRelationalConnection connection, CancellationToken cancellationToken)
   at Microsoft.EntityFrameworkCore.Update.ReaderModificationCommandBatch.ExecuteAsync(IRelationalConnection connection, CancellationToken cancellationToken)
   at Microsoft.EntityFrameworkCore.SqlServer.Update.Internal.SqlServerModificationCommandBatch.ExecuteAsync(IRelationalConnection connection, CancellationToken cancellationToken)
   at Microsoft.EntityFrameworkCore.Update.Internal.BatchExecutor.ExecuteAsync(IEnumerable`1 commandBatches, IRelationalConnection connection, CancellationToken cancellationToken)
   at Microsoft.EntityFrameworkCore.Update.Internal.BatchExecutor.ExecuteAsync(IEnumerable`1 commandBatches, IRelationalConnection connection, CancellationToken cancellationToken)
   at Microsoft.EntityFrameworkCore.Update.Internal.BatchExecutor.ExecuteAsync(IEnumerable`1 commandBatches, IRelationalConnection connection, CancellationToken cancellationToken)
   at Microsoft.EntityFrameworkCore.ChangeTracking.Internal.StateManager.SaveChangesAsync(IList`1 entriesToSave, CancellationToken cancellationToken)
   at Microsoft.EntityFrameworkCore.ChangeTracking.Internal.StateManager.SaveChangesAsync(StateManager stateManager, Boolean acceptAllChangesOnSuccess, CancellationToken cancellationToken)
   at Microsoft.EntityFrameworkCore.SqlServer.Storage.Internal.SqlServerExecutionStrategy.ExecuteAsync[TState,TResult](TState state, Func`4 operation, Func`4 verifySucceeded, CancellationToken cancellationToken)
   at Microsoft.EntityFrameworkCore.DbContext.SaveChangesAsync(Boolean acceptAllChangesOnSuccess, CancellationToken cancellationToken)
Microsoft.EntityFrameworkCore.DbUpdateException: An error occurred while saving the entity changes. See the inner exception for details.
 ---> Microsoft.Data.SqlClient.SqlException (0x80131904): INSERT 语句与 FOREIGN KEY 约束"FK_MedicalRecords_Patients_PatientId"冲突。该冲突发生于数据库"ClinicSystem_Dev"，表"dbo.Patients", column 'Id'。
   at Microsoft.Data.SqlClient.SqlConnection.OnError(SqlException exception, Boolean breakConnection, Action`1 wrapCloseInAction)
   at Microsoft.Data.SqlClient.SqlInternalConnection.OnError(SqlException exception, Boolean breakConnection, Action`1 wrapCloseInAction)
   at Microsoft.Data.SqlClient.TdsParser.ThrowExceptionAndWarning(TdsParserStateObject stateObj, Boolean callerHasConnectionLock, Boolean asyncClose)
   at Microsoft.Data.SqlClient.TdsParser.TryRun(RunBehavior runBehavior, SqlCommand cmdHandler, SqlDataReader dataStream, BulkCopySimpleResultSet bulkCopyHandler, TdsParserStateObject stateObj, Boolean& dataReady)
   at Microsoft.Data.SqlClient.SqlDataReader.TryHasMoreRows(Boolean& moreRows)
   at Microsoft.Data.SqlClient.SqlDataReader.TryReadInternal(Boolean setTimeout, Boolean& more)
   at Microsoft.Data.SqlClient.SqlDataReader.ReadAsyncExecute(Task task, Object state)
   at Microsoft.Data.SqlClient.SqlDataReader.InvokeAsyncCall[T](SqlDataReaderBaseAsyncCallContext`1 context)
--- End of stack trace from previous location ---
   at Microsoft.EntityFrameworkCore.Update.AffectedCountModificationCommandBatch.ConsumeResultSetAsync(Int32 startCommandIndex, RelationalDataReader reader, CancellationToken cancellationToken)
ClientConnectionId:055c8b94-bb1f-4b8b-982b-bca4d94e8064
Error Number:547,State:0,Class:16
   --- End of inner exception stack trace ---
   at Microsoft.EntityFrameworkCore.Update.AffectedCountModificationCommandBatch.ConsumeResultSetAsync(Int32 startCommandIndex, RelationalDataReader reader, CancellationToken cancellationToken)
   at Microsoft.EntityFrameworkCore.Update.AffectedCountModificationCommandBatch.ConsumeAsync(RelationalDataReader reader, CancellationToken cancellationToken)
   at Microsoft.EntityFrameworkCore.Update.ReaderModificationCommandBatch.ExecuteAsync(IRelationalConnection connection, CancellationToken cancellationToken)
   at Microsoft.EntityFrameworkCore.Update.ReaderModificationCommandBatch.ExecuteAsync(IRelationalConnection connection, CancellationToken cancellationToken)
   at Microsoft.EntityFrameworkCore.SqlServer.Update.Internal.SqlServerModificationCommandBatch.ExecuteAsync(IRelationalConnection connection, CancellationToken cancellationToken)
   at Microsoft.EntityFrameworkCore.Update.Internal.BatchExecutor.ExecuteAsync(IEnumerable`1 commandBatches, IRelationalConnection connection, CancellationToken cancellationToken)
   at Microsoft.EntityFrameworkCore.Update.Internal.BatchExecutor.ExecuteAsync(IEnumerable`1 commandBatches, IRelationalConnection connection, CancellationToken cancellationToken)
   at Microsoft.EntityFrameworkCore.Update.Internal.BatchExecutor.ExecuteAsync(IEnumerable`1 commandBatches, IRelationalConnection connection, CancellationToken cancellationToken)
   at Microsoft.EntityFrameworkCore.ChangeTracking.Internal.StateManager.SaveChangesAsync(IList`1 entriesToSave, CancellationToken cancellationToken)
   at Microsoft.EntityFrameworkCore.ChangeTracking.Internal.StateManager.SaveChangesAsync(StateManager stateManager, Boolean acceptAllChangesOnSuccess, CancellationToken cancellationToken)
   at Microsoft.EntityFrameworkCore.SqlServer.Storage.Internal.SqlServerExecutionStrategy.ExecuteAsync[TState,TResult](TState state, Func`4 operation, Func`4 verifySucceeded, CancellationToken cancellationToken)
   at Microsoft.EntityFrameworkCore.DbContext.SaveChangesAsync(Boolean acceptAllChangesOnSuccess, CancellationToken cancellationToken)
2026-05-18 21:15:23.088 +08:00 [ERR] An unhandled exception has occurred while executing the request.
Microsoft.EntityFrameworkCore.DbUpdateException: An error occurred while saving the entity changes. See the inner exception for details.
 ---> Microsoft.Data.SqlClient.SqlException (0x80131904): INSERT 语句与 FOREIGN KEY 约束"FK_MedicalRecords_Patients_PatientId"冲突。该冲突发生于数据库"ClinicSystem_Dev"，表"dbo.Patients", column 'Id'。
   at Microsoft.Data.SqlClient.SqlConnection.OnError(SqlException exception, Boolean breakConnection, Action`1 wrapCloseInAction)
   at Microsoft.Data.SqlClient.SqlInternalConnection.OnError(SqlException exception, Boolean breakConnection, Action`1 wrapCloseInAction)
   at Microsoft.Data.SqlClient.TdsParser.ThrowExceptionAndWarning(TdsParserStateObject stateObj, Boolean callerHasConnectionLock, Boolean asyncClose)
   at Microsoft.Data.SqlClient.TdsParser.TryRun(RunBehavior runBehavior, SqlCommand cmdHandler, SqlDataReader dataStream, BulkCopySimpleResultSet bulkCopyHandler, TdsParserStateObject stateObj, Boolean& dataReady)
   at Microsoft.Data.SqlClient.SqlDataReader.TryHasMoreRows(Boolean& moreRows)
   at Microsoft.Data.SqlClient.SqlDataReader.TryReadInternal(Boolean setTimeout, Boolean& more)
   at Microsoft.Data.SqlClient.SqlDataReader.ReadAsyncExecute(Task task, Object state)
   at Microsoft.Data.SqlClient.SqlDataReader.InvokeAsyncCall[T](SqlDataReaderBaseAsyncCallContext`1 context)
--- End of stack trace from previous location ---
   at Microsoft.EntityFrameworkCore.Update.AffectedCountModificationCommandBatch.ConsumeResultSetAsync(Int32 startCommandIndex, RelationalDataReader reader, CancellationToken cancellationToken)
ClientConnectionId:055c8b94-bb1f-4b8b-982b-bca4d94e8064
Error Number:547,State:0,Class:16
   --- End of inner exception stack trace ---
   at Microsoft.EntityFrameworkCore.Update.AffectedCountModificationCommandBatch.ConsumeResultSetAsync(Int32 startCommandIndex, RelationalDataReader reader, CancellationToken cancellationToken)
   at Microsoft.EntityFrameworkCore.Update.AffectedCountModificationCommandBatch.ConsumeAsync(RelationalDataReader reader, CancellationToken cancellationToken)
   at Microsoft.EntityFrameworkCore.Update.ReaderModificationCommandBatch.ExecuteAsync(IRelationalConnection connection, CancellationToken cancellationToken)
   at Microsoft.EntityFrameworkCore.Update.ReaderModificationCommandBatch.ExecuteAsync(IRelationalConnection connection, CancellationToken cancellationToken)
   at Microsoft.EntityFrameworkCore.SqlServer.Update.Internal.SqlServerModificationCommandBatch.ExecuteAsync(IRelationalConnection connection, CancellationToken cancellationToken)
   at Microsoft.EntityFrameworkCore.Update.Internal.BatchExecutor.ExecuteAsync(IEnumerable`1 commandBatches, IRelationalConnection connection, CancellationToken cancellationToken)
   at Microsoft.EntityFrameworkCore.Update.Internal.BatchExecutor.ExecuteAsync(IEnumerable`1 commandBatches, IRelationalConnection connection, CancellationToken cancellationToken)
   at Microsoft.EntityFrameworkCore.Update.Internal.BatchExecutor.ExecuteAsync(IEnumerable`1 commandBatches, IRelationalConnection connection, CancellationToken cancellationToken)
   at Microsoft.EntityFrameworkCore.ChangeTracking.Internal.StateManager.SaveChangesAsync(IList`1 entriesToSave, CancellationToken cancellationToken)
   at Microsoft.EntityFrameworkCore.ChangeTracking.Internal.StateManager.SaveChangesAsync(StateManager stateManager, Boolean acceptAllChangesOnSuccess, CancellationToken cancellationToken)
   at Microsoft.EntityFrameworkCore.SqlServer.Storage.Internal.SqlServerExecutionStrategy.ExecuteAsync[TState,TResult](TState state, Func`4 operation, Func`4 verifySucceeded, CancellationToken cancellationToken)
   at Microsoft.EntityFrameworkCore.DbContext.SaveChangesAsync(Boolean acceptAllChangesOnSuccess, CancellationToken cancellationToken)
   at Microsoft.EntityFrameworkCore.DbContext.SaveChangesAsync(Boolean acceptAllChangesOnSuccess, CancellationToken cancellationToken)
   at ClinicSystem.Api.Controllers.MedicalRecordsController.Create(CreateMedicalRecordRequest request) in D:\ClinicSystem\src\ClinicSystem.Api\Controllers\MedicalRecordsController.cs:line 102
   at lambda_method1139(Closure, Object)
   at Microsoft.AspNetCore.Mvc.Infrastructure.ActionMethodExecutor.TaskOfActionResultExecutor.Execute(ActionContext actionContext, IActionResultTypeMapper mapper, ObjectMethodExecutor executor, Object controller, Object[] arguments)
   at Microsoft.AspNetCore.Mvc.Infrastructure.ControllerActionInvoker.<InvokeActionMethodAsync>g__Awaited|12_0(ControllerActionInvoker invoker, ValueTask`1 actionResultValueTask)
   at Microsoft.AspNetCore.Mvc.Infrastructure.ControllerActionInvoker.<InvokeNextActionFilterAsync>g__Awaited|10_0(ControllerActionInvoker invoker, Task lastTask, State next, Scope scope, Object state, Boolean isCompleted)
   at Microsoft.AspNetCore.Mvc.Infrastructure.ControllerActionInvoker.Rethrow(ActionExecutedContextSealed context)
   at Microsoft.AspNetCore.Mvc.Infrastructure.ControllerActionInvoker.Next(State& next, Scope& scope, Object& state, Boolean& isCompleted)
   at Microsoft.AspNetCore.Mvc.Infrastructure.ControllerActionInvoker.<InvokeInnerFilterAsync>g__Awaited|13_0(ControllerActionInvoker invoker, Task lastTask, State next, Scope scope, Object state, Boolean isCompleted)
   at Microsoft.AspNetCore.Mvc.Infrastructure.ResourceInvoker.<InvokeFilterPipelineAsync>g__Awaited|20_0(ResourceInvoker invoker, Task lastTask, State next, Scope scope, Object state, Boolean isCompleted)
   at Microsoft.AspNetCore.Mvc.Infrastructure.ResourceInvoker.<InvokeAsync>g__Awaited|17_0(ResourceInvoker invoker, Task task, IDisposable scope)
   at Microsoft.AspNetCore.Mvc.Infrastructure.ResourceInvoker.<InvokeAsync>g__Awaited|17_0(ResourceInvoker invoker, Task task, IDisposable scope)
   at Microsoft.AspNetCore.Authorization.AuthorizationMiddleware.Invoke(HttpContext context)
   at Microsoft.AspNetCore.Authentication.AuthenticationMiddleware.Invoke(HttpContext context)
   at Swashbuckle.AspNetCore.SwaggerUI.SwaggerUIMiddleware.Invoke(HttpContext httpContext)
   at Swashbuckle.AspNetCore.Swagger.SwaggerMiddleware.Invoke(HttpContext httpContext, ISwaggerProvider swaggerProvider)
   at Microsoft.AspNetCore.Diagnostics.DeveloperExceptionPageMiddlewareImpl.Invoke(HttpContext context)
2026-05-18 21:15:32.176 +08:00 [INF] Executed DbCommand (1ms) [Parameters=[@__p_0_rewritten='?' (Size = 20)], CommandType='"Text"', CommandTimeout='30']
SELECT COUNT(*)
FROM [MedicalRecords] AS [m]
WHERE [m].[RecordNo] LIKE @__p_0_rewritten ESCAPE N'\'
2026-05-18 21:15:32.181 +08:00 [INF] Executed DbCommand (3ms) [Parameters=[@p0='?' (DbType = Int32), @p1='?' (Size = 2000), @p2='?' (Size = 2000), @p3='?' (DbType = DateTime2), @p4='?' (Size = 2000), @p5='?' (DbType = Int32), @p6='?' (Size = 2000), @p7='?' (DbType = Int32), @p8='?' (Size = 4000), @p9='?' (Size = 4000), @p10='?' (Size = 20), @p11='?' (Size = 500), @p12='?' (Size = 2000), @p13='?' (Size = 500), @p14='?' (Size = 2000), @p15='?' (Size = 2000), @p16='?' (Size = 2000), @p17='?' (Size = 500), @p18='?' (DbType = DateTime2), @p19='?' (DbType = DateTime2), @p20='?' (Size = 500)], CommandType='"Text"', CommandTimeout='30']
SET IMPLICIT_TRANSACTIONS OFF;
SET NOCOUNT ON;
INSERT INTO [MedicalRecords] ([AppointmentId], [AuxiliaryExamination], [ChiefComplaint], [CreatedAt], [DoctorAdvice], [DoctorId], [PastHistory], [PatientId], [PhysicalExamination], [PresentIllness], [RecordNo], [Remark], [TcmAuscultation], [TcmDiagnosis], [TcmInquiry], [TcmObservation], [TcmPalpation], [TcmSyndrome], [UpdatedAt], [VisitDate], [WesternDiagnosis])
OUTPUT INSERTED.[Id]
VALUES (@p0, @p1, @p2, @p3, @p4, @p5, @p6, @p7, @p8, @p9, @p10, @p11, @p12, @p13, @p14, @p15, @p16, @p17, @p18, @p19, @p20);
2026-05-18 21:15:32.182 +08:00 [ERR] An exception occurred in the database while saving changes for context type 'ClinicSystem.Infrastructure.Data.AppDbContext'.
Microsoft.EntityFrameworkCore.DbUpdateException: An error occurred while saving the entity changes. See the inner exception for details.
 ---> Microsoft.Data.SqlClient.SqlException (0x80131904): INSERT 语句与 FOREIGN KEY 约束"FK_MedicalRecords_Patients_PatientId"冲突。该冲突发生于数据库"ClinicSystem_Dev"，表"dbo.Patients", column 'Id'。
   at Microsoft.Data.SqlClient.SqlConnection.OnError(SqlException exception, Boolean breakConnection, Action`1 wrapCloseInAction)
   at Microsoft.Data.SqlClient.SqlInternalConnection.OnError(SqlException exception, Boolean breakConnection, Action`1 wrapCloseInAction)
   at Microsoft.Data.SqlClient.TdsParser.ThrowExceptionAndWarning(TdsParserStateObject stateObj, Boolean callerHasConnectionLock, Boolean asyncClose)
   at Microsoft.Data.SqlClient.TdsParser.TryRun(RunBehavior runBehavior, SqlCommand cmdHandler, SqlDataReader dataStream, BulkCopySimpleResultSet bulkCopyHandler, TdsParserStateObject stateObj, Boolean& dataReady)
   at Microsoft.Data.SqlClient.SqlDataReader.TryHasMoreRows(Boolean& moreRows)
   at Microsoft.Data.SqlClient.SqlDataReader.TryReadInternal(Boolean setTimeout, Boolean& more)
   at Microsoft.Data.SqlClient.SqlDataReader.ReadAsyncExecute(Task task, Object state)
   at Microsoft.Data.SqlClient.SqlDataReader.InvokeAsyncCall[T](SqlDataReaderBaseAsyncCallContext`1 context)
--- End of stack trace from previous location ---
   at Microsoft.EntityFrameworkCore.Update.AffectedCountModificationCommandBatch.ConsumeResultSetAsync(Int32 startCommandIndex, RelationalDataReader reader, CancellationToken cancellationToken)
ClientConnectionId:055c8b94-bb1f-4b8b-982b-bca4d94e8064
Error Number:547,State:0,Class:16
   --- End of inner exception stack trace ---
   at Microsoft.EntityFrameworkCore.Update.AffectedCountModificationCommandBatch.ConsumeResultSetAsync(Int32 startCommandIndex, RelationalDataReader reader, CancellationToken cancellationToken)
   at Microsoft.EntityFrameworkCore.Update.AffectedCountModificationCommandBatch.ConsumeAsync(RelationalDataReader reader, CancellationToken cancellationToken)
   at Microsoft.EntityFrameworkCore.Update.ReaderModificationCommandBatch.ExecuteAsync(IRelationalConnection connection, CancellationToken cancellationToken)
   at Microsoft.EntityFrameworkCore.Update.ReaderModificationCommandBatch.ExecuteAsync(IRelationalConnection connection, CancellationToken cancellationToken)
   at Microsoft.EntityFrameworkCore.SqlServer.Update.Internal.SqlServerModificationCommandBatch.ExecuteAsync(IRelationalConnection connection, CancellationToken cancellationToken)
   at Microsoft.EntityFrameworkCore.Update.Internal.BatchExecutor.ExecuteAsync(IEnumerable`1 commandBatches, IRelationalConnection connection, CancellationToken cancellationToken)
   at Microsoft.EntityFrameworkCore.Update.Internal.BatchExecutor.ExecuteAsync(IEnumerable`1 commandBatches, IRelationalConnection connection, CancellationToken cancellationToken)
   at Microsoft.EntityFrameworkCore.Update.Internal.BatchExecutor.ExecuteAsync(IEnumerable`1 commandBatches, IRelationalConnection connection, CancellationToken cancellationToken)
   at Microsoft.EntityFrameworkCore.ChangeTracking.Internal.StateManager.SaveChangesAsync(IList`1 entriesToSave, CancellationToken cancellationToken)
   at Microsoft.EntityFrameworkCore.ChangeTracking.Internal.StateManager.SaveChangesAsync(StateManager stateManager, Boolean acceptAllChangesOnSuccess, CancellationToken cancellationToken)
   at Microsoft.EntityFrameworkCore.SqlServer.Storage.Internal.SqlServerExecutionStrategy.ExecuteAsync[TState,TResult](TState state, Func`4 operation, Func`4 verifySucceeded, CancellationToken cancellationToken)
   at Microsoft.EntityFrameworkCore.DbContext.SaveChangesAsync(Boolean acceptAllChangesOnSuccess, CancellationToken cancellationToken)
Microsoft.EntityFrameworkCore.DbUpdateException: An error occurred while saving the entity changes. See the inner exception for details.
 ---> Microsoft.Data.SqlClient.SqlException (0x80131904): INSERT 语句与 FOREIGN KEY 约束"FK_MedicalRecords_Patients_PatientId"冲突。该冲突发生于数据库"ClinicSystem_Dev"，表"dbo.Patients", column 'Id'。
   at Microsoft.Data.SqlClient.SqlConnection.OnError(SqlException exception, Boolean breakConnection, Action`1 wrapCloseInAction)
   at Microsoft.Data.SqlClient.SqlInternalConnection.OnError(SqlException exception, Boolean breakConnection, Action`1 wrapCloseInAction)
   at Microsoft.Data.SqlClient.TdsParser.ThrowExceptionAndWarning(TdsParserStateObject stateObj, Boolean callerHasConnectionLock, Boolean asyncClose)
   at Microsoft.Data.SqlClient.TdsParser.TryRun(RunBehavior runBehavior, SqlCommand cmdHandler, SqlDataReader dataStream, BulkCopySimpleResultSet bulkCopyHandler, TdsParserStateObject stateObj, Boolean& dataReady)
   at Microsoft.Data.SqlClient.SqlDataReader.TryHasMoreRows(Boolean& moreRows)
   at Microsoft.Data.SqlClient.SqlDataReader.TryReadInternal(Boolean setTimeout, Boolean& more)
   at Microsoft.Data.SqlClient.SqlDataReader.ReadAsyncExecute(Task task, Object state)
   at Microsoft.Data.SqlClient.SqlDataReader.InvokeAsyncCall[T](SqlDataReaderBaseAsyncCallContext`1 context)
--- End of stack trace from previous location ---
   at Microsoft.EntityFrameworkCore.Update.AffectedCountModificationCommandBatch.ConsumeResultSetAsync(Int32 startCommandIndex, RelationalDataReader reader, CancellationToken cancellationToken)
ClientConnectionId:055c8b94-bb1f-4b8b-982b-bca4d94e8064
Error Number:547,State:0,Class:16
   --- End of inner exception stack trace ---
   at Microsoft.EntityFrameworkCore.Update.AffectedCountModificationCommandBatch.ConsumeResultSetAsync(Int32 startCommandIndex, RelationalDataReader reader, CancellationToken cancellationToken)
   at Microsoft.EntityFrameworkCore.Update.AffectedCountModificationCommandBatch.ConsumeAsync(RelationalDataReader reader, CancellationToken cancellationToken)
   at Microsoft.EntityFrameworkCore.Update.ReaderModificationCommandBatch.ExecuteAsync(IRelationalConnection connection, CancellationToken cancellationToken)
   at Microsoft.EntityFrameworkCore.Update.ReaderModificationCommandBatch.ExecuteAsync(IRelationalConnection connection, CancellationToken cancellationToken)
   at Microsoft.EntityFrameworkCore.SqlServer.Update.Internal.SqlServerModificationCommandBatch.ExecuteAsync(IRelationalConnection connection, CancellationToken cancellationToken)
   at Microsoft.EntityFrameworkCore.Update.Internal.BatchExecutor.ExecuteAsync(IEnumerable`1 commandBatches, IRelationalConnection connection, CancellationToken cancellationToken)
   at Microsoft.EntityFrameworkCore.Update.Internal.BatchExecutor.ExecuteAsync(IEnumerable`1 commandBatches, IRelationalConnection connection, CancellationToken cancellationToken)
   at Microsoft.EntityFrameworkCore.Update.Internal.BatchExecutor.ExecuteAsync(IEnumerable`1 commandBatches, IRelationalConnection connection, CancellationToken cancellationToken)
   at Microsoft.EntityFrameworkCore.ChangeTracking.Internal.StateManager.SaveChangesAsync(IList`1 entriesToSave, CancellationToken cancellationToken)
   at Microsoft.EntityFrameworkCore.ChangeTracking.Internal.StateManager.SaveChangesAsync(StateManager stateManager, Boolean acceptAllChangesOnSuccess, CancellationToken cancellationToken)
   at Microsoft.EntityFrameworkCore.SqlServer.Storage.Internal.SqlServerExecutionStrategy.ExecuteAsync[TState,TResult](TState state, Func`4 operation, Func`4 verifySucceeded, CancellationToken cancellationToken)
   at Microsoft.EntityFrameworkCore.DbContext.SaveChangesAsync(Boolean acceptAllChangesOnSuccess, CancellationToken cancellationToken)
2026-05-18 21:15:32.183 +08:00 [ERR] An unhandled exception has occurred while executing the request.
Microsoft.EntityFrameworkCore.DbUpdateException: An error occurred while saving the entity changes. See the inner exception for details.
 ---> Microsoft.Data.SqlClient.SqlException (0x80131904): INSERT 语句与 FOREIGN KEY 约束"FK_MedicalRecords_Patients_PatientId"冲突。该冲突发生于数据库"ClinicSystem_Dev"，表"dbo.Patients", column 'Id'。
   at Microsoft.Data.SqlClient.SqlConnection.OnError(SqlException exception, Boolean breakConnection, Action`1 wrapCloseInAction)
   at Microsoft.Data.SqlClient.SqlInternalConnection.OnError(SqlException exception, Boolean breakConnection, Action`1 wrapCloseInAction)
   at Microsoft.Data.SqlClient.TdsParser.ThrowExceptionAndWarning(TdsParserStateObject stateObj, Boolean callerHasConnectionLock, Boolean asyncClose)
   at Microsoft.Data.SqlClient.TdsParser.TryRun(RunBehavior runBehavior, SqlCommand cmdHandler, SqlDataReader dataStream, BulkCopySimpleResultSet bulkCopyHandler, TdsParserStateObject stateObj, Boolean& dataReady)
   at Microsoft.Data.SqlClient.SqlDataReader.TryHasMoreRows(Boolean& moreRows)
   at Microsoft.Data.SqlClient.SqlDataReader.TryReadInternal(Boolean setTimeout, Boolean& more)
   at Microsoft.Data.SqlClient.SqlDataReader.ReadAsyncExecute(Task task, Object state)
   at Microsoft.Data.SqlClient.SqlDataReader.InvokeAsyncCall[T](SqlDataReaderBaseAsyncCallContext`1 context)
--- End of stack trace from previous location ---
   at Microsoft.EntityFrameworkCore.Update.AffectedCountModificationCommandBatch.ConsumeResultSetAsync(Int32 startCommandIndex, RelationalDataReader reader, CancellationToken cancellationToken)
ClientConnectionId:055c8b94-bb1f-4b8b-982b-bca4d94e8064
Error Number:547,State:0,Class:16
   --- End of inner exception stack trace ---
   at Microsoft.EntityFrameworkCore.Update.AffectedCountModificationCommandBatch.ConsumeResultSetAsync(Int32 startCommandIndex, RelationalDataReader reader, CancellationToken cancellationToken)
   at Microsoft.EntityFrameworkCore.Update.AffectedCountModificationCommandBatch.ConsumeAsync(RelationalDataReader reader, CancellationToken cancellationToken)
   at Microsoft.EntityFrameworkCore.Update.ReaderModificationCommandBatch.ExecuteAsync(IRelationalConnection connection, CancellationToken cancellationToken)
   at Microsoft.EntityFrameworkCore.Update.ReaderModificationCommandBatch.ExecuteAsync(IRelationalConnection connection, CancellationToken cancellationToken)
   at Microsoft.EntityFrameworkCore.SqlServer.Update.Internal.SqlServerModificationCommandBatch.ExecuteAsync(IRelationalConnection connection, CancellationToken cancellationToken)
   at Microsoft.EntityFrameworkCore.Update.Internal.BatchExecutor.ExecuteAsync(IEnumerable`1 commandBatches, IRelationalConnection connection, CancellationToken cancellationToken)
   at Microsoft.EntityFrameworkCore.Update.Internal.BatchExecutor.ExecuteAsync(IEnumerable`1 commandBatches, IRelationalConnection connection, CancellationToken cancellationToken)
   at Microsoft.EntityFrameworkCore.Update.Internal.BatchExecutor.ExecuteAsync(IEnumerable`1 commandBatches, IRelationalConnection connection, CancellationToken cancellationToken)
   at Microsoft.EntityFrameworkCore.ChangeTracking.Internal.StateManager.SaveChangesAsync(IList`1 entriesToSave, CancellationToken cancellationToken)
   at Microsoft.EntityFrameworkCore.ChangeTracking.Internal.StateManager.SaveChangesAsync(StateManager stateManager, Boolean acceptAllChangesOnSuccess, CancellationToken cancellationToken)
   at Microsoft.EntityFrameworkCore.SqlServer.Storage.Internal.SqlServerExecutionStrategy.ExecuteAsync[TState,TResult](TState state, Func`4 operation, Func`4 verifySucceeded, CancellationToken cancellationToken)
   at Microsoft.EntityFrameworkCore.DbContext.SaveChangesAsync(Boolean acceptAllChangesOnSuccess, CancellationToken cancellationToken)
   at Microsoft.EntityFrameworkCore.DbContext.SaveChangesAsync(Boolean acceptAllChangesOnSuccess, CancellationToken cancellationToken)
   at ClinicSystem.Api.Controllers.MedicalRecordsController.Create(CreateMedicalRecordRequest request) in D:\ClinicSystem\src\ClinicSystem.Api\Controllers\MedicalRecordsController.cs:line 102
   at lambda_method1139(Closure, Object)
   at Microsoft.AspNetCore.Mvc.Infrastructure.ActionMethodExecutor.TaskOfActionResultExecutor.Execute(ActionContext actionContext, IActionResultTypeMapper mapper, ObjectMethodExecutor executor, Object controller, Object[] arguments)
   at Microsoft.AspNetCore.Mvc.Infrastructure.ControllerActionInvoker.<InvokeActionMethodAsync>g__Awaited|12_0(ControllerActionInvoker invoker, ValueTask`1 actionResultValueTask)
   at Microsoft.AspNetCore.Mvc.Infrastructure.ControllerActionInvoker.<InvokeNextActionFilterAsync>g__Awaited|10_0(ControllerActionInvoker invoker, Task lastTask, State next, Scope scope, Object state, Boolean isCompleted)
   at Microsoft.AspNetCore.Mvc.Infrastructure.ControllerActionInvoker.Rethrow(ActionExecutedContextSealed context)
   at Microsoft.AspNetCore.Mvc.Infrastructure.ControllerActionInvoker.Next(State& next, Scope& scope, Object& state, Boolean& isCompleted)
   at Microsoft.AspNetCore.Mvc.Infrastructure.ControllerActionInvoker.<InvokeInnerFilterAsync>g__Awaited|13_0(ControllerActionInvoker invoker, Task lastTask, State next, Scope scope, Object state, Boolean isCompleted)
   at Microsoft.AspNetCore.Mvc.Infrastructure.ResourceInvoker.<InvokeFilterPipelineAsync>g__Awaited|20_0(ResourceInvoker invoker, Task lastTask, State next, Scope scope, Object state, Boolean isCompleted)
   at Microsoft.AspNetCore.Mvc.Infrastructure.ResourceInvoker.<InvokeAsync>g__Awaited|17_0(ResourceInvoker invoker, Task task, IDisposable scope)
   at Microsoft.AspNetCore.Mvc.Infrastructure.ResourceInvoker.<InvokeAsync>g__Awaited|17_0(ResourceInvoker invoker, Task task, IDisposable scope)
   at Microsoft.AspNetCore.Authorization.AuthorizationMiddleware.Invoke(HttpContext context)
   at Microsoft.AspNetCore.Authentication.AuthenticationMiddleware.Invoke(HttpContext context)
   at Swashbuckle.AspNetCore.SwaggerUI.SwaggerUIMiddleware.Invoke(HttpContext httpContext)
   at Swashbuckle.AspNetCore.Swagger.SwaggerMiddleware.Invoke(HttpContext httpContext, ISwaggerProvider swaggerProvider)
   at Microsoft.AspNetCore.Diagnostics.DeveloperExceptionPageMiddlewareImpl.Invoke(HttpContext context)
2026-05-18 21:15:38.240 +08:00 [INF] Executed DbCommand (2ms) [Parameters=[@__p_0='?' (DbType = Int32)], CommandType='"Text"', CommandTimeout='30']
SELECT TOP(1) [a].[Id], [a].[AppointmentDate], [a].[AppointmentNo], [a].[CancelReason], [a].[CancelledAt], [a].[CreatedAt], [a].[DepartmentId], [a].[DoctorId], [a].[PatientId], [a].[QueueNumber], [a].[RegisterUserId], [a].[Remark], [a].[Source], [a].[Status], [a].[TimeSlot]
FROM [Appointments] AS [a]
WHERE [a].[Id] = @__p_0
2026-05-18 21:15:38.246 +08:00 [INF] Executed DbCommand (2ms) [Parameters=[@p1='?' (DbType = Int32), @p0='?' (DbType = Int32)], CommandType='"Text"', CommandTimeout='30']
SET IMPLICIT_TRANSACTIONS OFF;
SET NOCOUNT ON;
UPDATE [Appointments] SET [Status] = @p0
OUTPUT 1
WHERE [Id] = @p1;
2026-05-18 21:15:38.565 +08:00 [INF] Executed DbCommand (4ms) [Parameters=[@__queryDate_0='?' (DbType = DateTime2), @__nextDay_1='?' (DbType = DateTime2)], CommandType='"Text"', CommandTimeout='30']
SELECT [a].[Id], [a].[AppointmentNo], [a].[TimeSlot], [a].[QueueNumber], [a].[Status], [t].[Name] AS [PatientName], [u].[DisplayName] AS [DoctorName], [d].[Name] AS [DepartmentName]
FROM [Appointments] AS [a]
INNER JOIN (
    SELECT [p].[Id], [p].[Name]
    FROM [Patients] AS [p]
    WHERE [p].[IsDeleted] = CAST(0 AS bit)
) AS [t] ON [a].[PatientId] = [t].[Id]
INNER JOIN [Users] AS [u] ON [a].[DoctorId] = [u].[Id]
LEFT JOIN [Departments] AS [d] ON [a].[DepartmentId] = [d].[Id]
WHERE [a].[AppointmentDate] >= @__queryDate_0 AND [a].[AppointmentDate] < @__nextDay_1
ORDER BY [a].[TimeSlot], [a].[QueueNumber]
2026-05-18 21:15:40.052 +08:00 [INF] Executed DbCommand (2ms) [Parameters=[], CommandType='"Text"', CommandTimeout='30']
SELECT [d].[Id], [d].[Code], [d].[Name], [d].[Specification], [d].[Manufacturer], [d].[Category], [d].[DosageForm], [d].[Unit], [d].[Price], [d].[IsPrescription]
FROM [Drugs] AS [d]
WHERE [d].[IsActive] = CAST(1 AS bit)
ORDER BY [d].[Category], [d].[Name]
2026-05-18 21:15:41.264 +08:00 [INF] Executed DbCommand (0ms) [Parameters=[@__queryDate_0='?' (DbType = DateTime2), @__nextDay_1='?' (DbType = DateTime2)], CommandType='"Text"', CommandTimeout='30']
SELECT [a].[Id], [a].[AppointmentNo], [a].[TimeSlot], [a].[QueueNumber], [a].[Status], [t].[Name] AS [PatientName], [u].[DisplayName] AS [DoctorName], [d].[Name] AS [DepartmentName]
FROM [Appointments] AS [a]
INNER JOIN (
    SELECT [p].[Id], [p].[Name]
    FROM [Patients] AS [p]
    WHERE [p].[IsDeleted] = CAST(0 AS bit)
) AS [t] ON [a].[PatientId] = [t].[Id]
INNER JOIN [Users] AS [u] ON [a].[DoctorId] = [u].[Id]
LEFT JOIN [Departments] AS [d] ON [a].[DepartmentId] = [d].[Id]
WHERE [a].[AppointmentDate] >= @__queryDate_0 AND [a].[AppointmentDate] < @__nextDay_1
ORDER BY [a].[TimeSlot], [a].[QueueNumber]
2026-05-18 21:15:41.790 +08:00 [INF] Executed DbCommand (0ms) [Parameters=[@__queryDate_0='?' (DbType = DateTime2), @__nextDay_1='?' (DbType = DateTime2)], CommandType='"Text"', CommandTimeout='30']
SELECT [a].[Id], [a].[AppointmentNo], [a].[TimeSlot], [a].[QueueNumber], [a].[Status], [t].[Name] AS [PatientName], [u].[DisplayName] AS [DoctorName], [d].[Name] AS [DepartmentName]
FROM [Appointments] AS [a]
INNER JOIN (
    SELECT [p].[Id], [p].[Name]
    FROM [Patients] AS [p]
    WHERE [p].[IsDeleted] = CAST(0 AS bit)
) AS [t] ON [a].[PatientId] = [t].[Id]
INNER JOIN [Users] AS [u] ON [a].[DoctorId] = [u].[Id]
LEFT JOIN [Departments] AS [d] ON [a].[DepartmentId] = [d].[Id]
WHERE [a].[AppointmentDate] >= @__queryDate_0 AND [a].[AppointmentDate] < @__nextDay_1
ORDER BY [a].[TimeSlot], [a].[QueueNumber]
2026-05-18 21:15:42.658 +08:00 [INF] Executed DbCommand (0ms) [Parameters=[@__queryDate_0='?' (DbType = DateTime2), @__nextDay_1='?' (DbType = DateTime2)], CommandType='"Text"', CommandTimeout='30']
SELECT [a].[Id], [a].[AppointmentNo], [a].[TimeSlot], [a].[QueueNumber], [a].[Status], [t].[Name] AS [PatientName], [u].[DisplayName] AS [DoctorName], [d].[Name] AS [DepartmentName]
FROM [Appointments] AS [a]
INNER JOIN (
    SELECT [p].[Id], [p].[Name]
    FROM [Patients] AS [p]
    WHERE [p].[IsDeleted] = CAST(0 AS bit)
) AS [t] ON [a].[PatientId] = [t].[Id]
INNER JOIN [Users] AS [u] ON [a].[DoctorId] = [u].[Id]
LEFT JOIN [Departments] AS [d] ON [a].[DepartmentId] = [d].[Id]
WHERE [a].[AppointmentDate] >= @__queryDate_0 AND [a].[AppointmentDate] < @__nextDay_1
ORDER BY [a].[TimeSlot], [a].[QueueNumber]
2026-05-18 21:15:43.614 +08:00 [INF] Executed DbCommand (2ms) [Parameters=[], CommandType='"Text"', CommandTimeout='30']
SELECT COUNT(*)
FROM [Payments] AS [p]
2026-05-18 21:15:43.625 +08:00 [INF] Executed DbCommand (4ms) [Parameters=[@__p_0='?' (DbType = Int32), @__p_1='?' (DbType = Int32)], CommandType='"Text"', CommandTimeout='30']
SELECT [t].[Id], [t].[PaymentNo], [t].[TotalAmount], [t].[DiscountAmount], [t].[ActualAmount], [t].[PaymentMethod], [t].[Status], [t].[Remark], [t].[CreatedAt], [t].[RefundedAt], [t].[PatientId], [t0].[Name] AS [PatientName], [u].[DisplayName] AS [OperatorName]
FROM (
    SELECT [p].[Id], [p].[ActualAmount], [p].[CreatedAt], [p].[DiscountAmount], [p].[OperatorId], [p].[PatientId], [p].[PaymentMethod], [p].[PaymentNo], [p].[RefundedAt], [p].[Remark], [p].[Status], [p].[TotalAmount]
    FROM [Payments] AS [p]
    ORDER BY [p].[CreatedAt] DESC
    OFFSET @__p_0 ROWS FETCH NEXT @__p_1 ROWS ONLY
) AS [t]
INNER JOIN (
    SELECT [p0].[Id], [p0].[Name]
    FROM [Patients] AS [p0]
    WHERE [p0].[IsDeleted] = CAST(0 AS bit)
) AS [t0] ON [t].[PatientId] = [t0].[Id]
INNER JOIN [Users] AS [u] ON [t].[OperatorId] = [u].[Id]
ORDER BY [t].[CreatedAt] DESC
2026-05-18 21:15:46.265 +08:00 [INF] Executed DbCommand (0ms) [Parameters=[], CommandType='"Text"', CommandTimeout='30']
SELECT COUNT(*)
FROM [Payments] AS [p]
2026-05-18 21:15:46.266 +08:00 [INF] Executed DbCommand (0ms) [Parameters=[@__p_0='?' (DbType = Int32), @__p_1='?' (DbType = Int32)], CommandType='"Text"', CommandTimeout='30']
SELECT [t].[Id], [t].[PaymentNo], [t].[TotalAmount], [t].[DiscountAmount], [t].[ActualAmount], [t].[PaymentMethod], [t].[Status], [t].[Remark], [t].[CreatedAt], [t].[RefundedAt], [t].[PatientId], [t0].[Name] AS [PatientName], [u].[DisplayName] AS [OperatorName]
FROM (
    SELECT [p].[Id], [p].[ActualAmount], [p].[CreatedAt], [p].[DiscountAmount], [p].[OperatorId], [p].[PatientId], [p].[PaymentMethod], [p].[PaymentNo], [p].[RefundedAt], [p].[Remark], [p].[Status], [p].[TotalAmount]
    FROM [Payments] AS [p]
    ORDER BY [p].[CreatedAt] DESC
    OFFSET @__p_0 ROWS FETCH NEXT @__p_1 ROWS ONLY
) AS [t]
INNER JOIN (
    SELECT [p0].[Id], [p0].[Name]
    FROM [Patients] AS [p0]
    WHERE [p0].[IsDeleted] = CAST(0 AS bit)
) AS [t0] ON [t].[PatientId] = [t0].[Id]
INNER JOIN [Users] AS [u] ON [t].[OperatorId] = [u].[Id]
ORDER BY [t].[CreatedAt] DESC
2026-05-18 21:15:48.156 +08:00 [INF] Executed DbCommand (26ms) [Parameters=[], CommandType='"Text"', CommandTimeout='30']
SELECT COUNT(*)
FROM [Prescriptions] AS [p]
WHERE [p].[Status] = N'待发药'
2026-05-18 21:15:48.170 +08:00 [INF] Executed DbCommand (4ms) [Parameters=[@__p_0='?' (DbType = Int32), @__p_1='?' (DbType = Int32)], CommandType='"Text"', CommandTimeout='30']
SELECT [t].[Id], [t].[PrescriptionNo], [t].[Type], [t].[TotalAmount], [t].[DecoctingMethod], [t].[Direction], [t].[CreatedAt], [t0].[Name] AS [PatientName], [u].[DisplayName] AS [DoctorName]
FROM (
    SELECT [p].[Id], [p].[CreatedAt], [p].[DecoctingMethod], [p].[Direction], [p].[MedicalRecordId], [p].[PrescriptionNo], [p].[TotalAmount], [p].[Type]
    FROM [Prescriptions] AS [p]
    WHERE [p].[Status] = N'待发药'
    ORDER BY [p].[CreatedAt]
    OFFSET @__p_0 ROWS FETCH NEXT @__p_1 ROWS ONLY
) AS [t]
INNER JOIN [MedicalRecords] AS [m] ON [t].[MedicalRecordId] = [m].[Id]
INNER JOIN (
    SELECT [p0].[Id], [p0].[Name]
    FROM [Patients] AS [p0]
    WHERE [p0].[IsDeleted] = CAST(0 AS bit)
) AS [t0] ON [m].[PatientId] = [t0].[Id]
INNER JOIN [Users] AS [u] ON [m].[DoctorId] = [u].[Id]
ORDER BY [t].[CreatedAt]
2026-05-18 21:15:48.431 +08:00 [INF] Executed DbCommand (1ms) [Parameters=[@__status_0='?' (Size = 20)], CommandType='"Text"', CommandTimeout='30']
SELECT COUNT(*)
FROM [Prescriptions] AS [p]
WHERE [p].[Status] = @__status_0
2026-05-18 21:15:48.438 +08:00 [INF] Executed DbCommand (4ms) [Parameters=[@__status_0='?' (Size = 20), @__p_1='?' (DbType = Int32), @__p_2='?' (DbType = Int32)], CommandType='"Text"', CommandTimeout='30']
SELECT [t].[Id], [t].[PrescriptionNo], [t].[Type], [t].[Status], [t].[TotalAmount], [t].[CreatedAt], [t].[DispensedAt], [t0].[Name] AS [PatientName], [u].[DisplayName] AS [DoctorName]
FROM (
    SELECT [p].[Id], [p].[CreatedAt], [p].[DispensedAt], [p].[MedicalRecordId], [p].[PrescriptionNo], [p].[Status], [p].[TotalAmount], [p].[Type]
    FROM [Prescriptions] AS [p]
    WHERE [p].[Status] = @__status_0
    ORDER BY [p].[CreatedAt] DESC
    OFFSET @__p_1 ROWS FETCH NEXT @__p_2 ROWS ONLY
) AS [t]
INNER JOIN [MedicalRecords] AS [m] ON [t].[MedicalRecordId] = [m].[Id]
INNER JOIN (
    SELECT [p0].[Id], [p0].[Name]
    FROM [Patients] AS [p0]
    WHERE [p0].[IsDeleted] = CAST(0 AS bit)
) AS [t0] ON [m].[PatientId] = [t0].[Id]
INNER JOIN [Users] AS [u] ON [m].[DoctorId] = [u].[Id]
ORDER BY [t].[CreatedAt] DESC
2026-05-18 21:15:51.003 +08:00 [INF] Executed DbCommand (1ms) [Parameters=[@__today_0='?' (DbType = DateTime2), @__tomorrow_1='?' (DbType = DateTime2)], CommandType='"Text"', CommandTimeout='30']
SELECT COUNT(*)
FROM [Appointments] AS [a]
WHERE [a].[AppointmentDate] >= @__today_0 AND [a].[AppointmentDate] < @__tomorrow_1
2026-05-18 21:15:51.004 +08:00 [INF] Executed DbCommand (1ms) [Parameters=[@__today_0='?' (DbType = DateTime2), @__tomorrow_1='?' (DbType = DateTime2)], CommandType='"Text"', CommandTimeout='30']
SELECT COUNT(*)
FROM [MedicalRecords] AS [m]
WHERE [m].[VisitDate] >= @__today_0 AND [m].[VisitDate] < @__tomorrow_1
2026-05-18 21:15:51.005 +08:00 [INF] Executed DbCommand (1ms) [Parameters=[@__today_0='?' (DbType = DateTime2), @__tomorrow_1='?' (DbType = DateTime2)], CommandType='"Text"', CommandTimeout='30']
SELECT COALESCE(SUM([p].[ActualAmount]), 0.0)
FROM [Payments] AS [p]
WHERE [p].[CreatedAt] >= @__today_0 AND [p].[CreatedAt] < @__tomorrow_1 AND [p].[Status] = N'已支付'
2026-05-18 21:15:51.007 +08:00 [INF] Executed DbCommand (1ms) [Parameters=[@__today_0='?' (DbType = DateTime2), @__tomorrow_1='?' (DbType = DateTime2)], CommandType='"Text"', CommandTimeout='30']
SELECT COUNT(*)
FROM [Appointments] AS [a]
WHERE [a].[AppointmentDate] >= @__today_0 AND [a].[AppointmentDate] < @__tomorrow_1 AND [a].[Status] = 1
2026-05-18 21:15:58.470 +08:00 [INF] Executed DbCommand (2ms) [Parameters=[], CommandType='"Text"', CommandTimeout='30']
SELECT [u].[Id], [u].[ConsultationFee], [u].[CreatedAt], [u].[DepartmentId], [u].[DisplayName], [u].[Email], [u].[Introduction], [u].[IsActive], [u].[LastLoginAt], [u].[MaxDailyPatients], [u].[PasswordHash], [u].[Phone], [u].[Role], [u].[Title], [u].[Username], [d].[Id], [d].[CreatedAt], [d].[Description], [d].[IsActive], [d].[Name], [d].[SortOrder]
FROM [Users] AS [u]
LEFT JOIN [Departments] AS [d] ON [u].[DepartmentId] = [d].[Id]
WHERE [u].[Role] = 2 AND [u].[IsActive] = CAST(1 AS bit)
2026-05-18 21:15:58.473 +08:00 [INF] Executed DbCommand (2ms) [Parameters=[@__doc_Id_0='?' (DbType = Int32), @__8__locals1_dateOnly_1='?' (DbType = DateTime2)], CommandType='"Text"', CommandTimeout='30']
SELECT TOP(1) [s].[Id], [s].[CreatedAt], [s].[Date], [s].[DoctorId], [s].[EndTime], [s].[IsWorkDay], [s].[MaxPatients], [s].[Reason], [s].[StartTime], [s].[TimeSlot]
FROM [SpecialSchedules] AS [s]
WHERE [s].[DoctorId] = @__doc_Id_0 AND [s].[Date] = @__8__locals1_dateOnly_1
2026-05-18 21:15:58.475 +08:00 [INF] Executed DbCommand (2ms) [Parameters=[@__doc_Id_0='?' (DbType = Int32), @__8__locals1_dayOfWeek_1='?' (DbType = Int32)], CommandType='"Text"', CommandTimeout='30']
SELECT [d].[Id], [d].[CreatedAt], [d].[DayOfWeek], [d].[DoctorId], [d].[EndTime], [d].[IsActive], [d].[MaxPatients], [d].[StartTime], [d].[TimeSlot]
FROM [DoctorSchedules] AS [d]
WHERE [d].[DoctorId] = @__doc_Id_0 AND [d].[DayOfWeek] = @__8__locals1_dayOfWeek_1 AND [d].[IsActive] = CAST(1 AS bit)
2026-05-18 21:15:58.478 +08:00 [INF] Executed DbCommand (2ms) [Parameters=[@__8__locals2_doc_Id_0='?' (DbType = Int32), @__8__locals1_dateOnly_1='?' (DbType = DateTime2), @__rs_TimeSlot_2='?' (Size = 20)], CommandType='"Text"', CommandTimeout='30']
SELECT COUNT(*)
FROM [Appointments] AS [a]
WHERE [a].[DoctorId] = @__8__locals2_doc_Id_0 AND [a].[AppointmentDate] = @__8__locals1_dateOnly_1 AND [a].[TimeSlot] = @__rs_TimeSlot_2 AND [a].[Status] <> 4
2026-05-18 21:15:58.479 +08:00 [INF] Executed DbCommand (0ms) [Parameters=[@__8__locals2_doc_Id_0='?' (DbType = Int32), @__8__locals1_dateOnly_1='?' (DbType = DateTime2), @__rs_TimeSlot_2='?' (Size = 20)], CommandType='"Text"', CommandTimeout='30']
SELECT COUNT(*)
FROM [Appointments] AS [a]
WHERE [a].[DoctorId] = @__8__locals2_doc_Id_0 AND [a].[AppointmentDate] = @__8__locals1_dateOnly_1 AND [a].[TimeSlot] = @__rs_TimeSlot_2 AND [a].[Status] <> 4
2026-05-18 21:15:58.479 +08:00 [INF] Executed DbCommand (0ms) [Parameters=[@__doc_Id_0='?' (DbType = Int32), @__8__locals1_dateOnly_1='?' (DbType = DateTime2)], CommandType='"Text"', CommandTimeout='30']
SELECT TOP(1) [s].[Id], [s].[CreatedAt], [s].[Date], [s].[DoctorId], [s].[EndTime], [s].[IsWorkDay], [s].[MaxPatients], [s].[Reason], [s].[StartTime], [s].[TimeSlot]
FROM [SpecialSchedules] AS [s]
WHERE [s].[DoctorId] = @__doc_Id_0 AND [s].[Date] = @__8__locals1_dateOnly_1
2026-05-18 21:15:58.480 +08:00 [INF] Executed DbCommand (0ms) [Parameters=[@__doc_Id_0='?' (DbType = Int32), @__8__locals1_dayOfWeek_1='?' (DbType = Int32)], CommandType='"Text"', CommandTimeout='30']
SELECT [d].[Id], [d].[CreatedAt], [d].[DayOfWeek], [d].[DoctorId], [d].[EndTime], [d].[IsActive], [d].[MaxPatients], [d].[StartTime], [d].[TimeSlot]
FROM [DoctorSchedules] AS [d]
WHERE [d].[DoctorId] = @__doc_Id_0 AND [d].[DayOfWeek] = @__8__locals1_dayOfWeek_1 AND [d].[IsActive] = CAST(1 AS bit)
2026-05-18 21:15:58.480 +08:00 [INF] Executed DbCommand (0ms) [Parameters=[@__8__locals2_doc_Id_0='?' (DbType = Int32), @__8__locals1_dateOnly_1='?' (DbType = DateTime2), @__rs_TimeSlot_2='?' (Size = 20)], CommandType='"Text"', CommandTimeout='30']
SELECT COUNT(*)
FROM [Appointments] AS [a]
WHERE [a].[DoctorId] = @__8__locals2_doc_Id_0 AND [a].[AppointmentDate] = @__8__locals1_dateOnly_1 AND [a].[TimeSlot] = @__rs_TimeSlot_2 AND [a].[Status] <> 4
2026-05-18 21:15:58.878 +08:00 [INF] Executed DbCommand (1ms) [Parameters=[], CommandType='"Text"', CommandTimeout='30']
SELECT COUNT(*)
FROM [Appointments] AS [a]
2026-05-18 21:15:58.879 +08:00 [INF] Executed DbCommand (2ms) [Parameters=[], CommandType='"Text"', CommandTimeout='30']
SELECT [d].[Id], [d].[Name], [d].[Description], [d].[SortOrder]
FROM [Departments] AS [d]
WHERE [d].[IsActive] = CAST(1 AS bit)
ORDER BY [d].[SortOrder]
2026-05-18 21:15:58.879 +08:00 [INF] Executed DbCommand (2ms) [Parameters=[@__queryDate_0='?' (DbType = DateTime2), @__nextDay_1='?' (DbType = DateTime2)], CommandType='"Text"', CommandTimeout='30']
SELECT [a].[Id], [a].[AppointmentNo], [a].[TimeSlot], [a].[QueueNumber], [a].[Status], [t].[Name] AS [PatientName], [u].[DisplayName] AS [DoctorName], [d].[Name] AS [DepartmentName]
FROM [Appointments] AS [a]
INNER JOIN (
    SELECT [p].[Id], [p].[Name]
    FROM [Patients] AS [p]
    WHERE [p].[IsDeleted] = CAST(0 AS bit)
) AS [t] ON [a].[PatientId] = [t].[Id]
INNER JOIN [Users] AS [u] ON [a].[DoctorId] = [u].[Id]
LEFT JOIN [Departments] AS [d] ON [a].[DepartmentId] = [d].[Id]
WHERE [a].[AppointmentDate] >= @__queryDate_0 AND [a].[AppointmentDate] < @__nextDay_1
ORDER BY [a].[TimeSlot], [a].[QueueNumber]
2026-05-18 21:15:58.883 +08:00 [INF] Executed DbCommand (5ms) [Parameters=[@__p_0='?' (DbType = Int32), @__p_1='?' (DbType = Int32)], CommandType='"Text"', CommandTimeout='30']
SELECT [t].[Id], [t].[AppointmentNo], [t].[AppointmentDate], [t].[TimeSlot], [t].[QueueNumber], [t].[Status], [t].[Source], [t].[Remark], [t].[CreatedAt], [t].[PatientId], [t0].[Name] AS [PatientName], [t0].[Phone] AS [PatientPhone], [t0].[Gender] AS [PatientGender], [t].[DoctorId], [u].[DisplayName] AS [DoctorName], [u].[Title] AS [DoctorTitle], [t].[DepartmentId], [d].[Name] AS [DepartmentName]
FROM (
    SELECT [a].[Id], [a].[AppointmentDate], [a].[AppointmentNo], [a].[CreatedAt], [a].[DepartmentId], [a].[DoctorId], [a].[PatientId], [a].[QueueNumber], [a].[Remark], [a].[Source], [a].[Status], [a].[TimeSlot]
    FROM [Appointments] AS [a]
    ORDER BY [a].[CreatedAt] DESC
    OFFSET @__p_0 ROWS FETCH NEXT @__p_1 ROWS ONLY
) AS [t]
INNER JOIN (
    SELECT [p].[Id], [p].[Gender], [p].[Name], [p].[Phone]
    FROM [Patients] AS [p]
    WHERE [p].[IsDeleted] = CAST(0 AS bit)
) AS [t0] ON [t].[PatientId] = [t0].[Id]
INNER JOIN [Users] AS [u] ON [t].[DoctorId] = [u].[Id]
LEFT JOIN [Departments] AS [d] ON [t].[DepartmentId] = [d].[Id]
ORDER BY [t].[CreatedAt] DESC
2026-05-18 21:15:59.198 +08:00 [INF] Executed DbCommand (1ms) [Parameters=[], CommandType='"Text"', CommandTimeout='30']
SELECT COUNT(*)
FROM [Patients] AS [p]
WHERE [p].[IsDeleted] = CAST(0 AS bit)
2026-05-18 21:15:59.201 +08:00 [INF] Executed DbCommand (2ms) [Parameters=[@__p_0='?' (DbType = Int32), @__p_1='?' (DbType = Int32)], CommandType='"Text"', CommandTimeout='30']
SELECT [p].[Id], [p].[Name], [p].[Gender], [p].[DateOfBirth], [p].[Phone], [p].[IdCard], [p].[Address], [p].[Allergies], [p].[MedicalHistory], [p].[CreatedAt]
FROM [Patients] AS [p]
WHERE [p].[IsDeleted] = CAST(0 AS bit)
ORDER BY [p].[CreatedAt] DESC
OFFSET @__p_0 ROWS FETCH NEXT @__p_1 ROWS ONLY
2026-05-18 21:16:19.876 +08:00 [INF] Executed DbCommand (0ms) [Parameters=[], CommandType='"Text"', CommandTimeout='30']
SELECT [u].[Id], [u].[ConsultationFee], [u].[CreatedAt], [u].[DepartmentId], [u].[DisplayName], [u].[Email], [u].[Introduction], [u].[IsActive], [u].[LastLoginAt], [u].[MaxDailyPatients], [u].[PasswordHash], [u].[Phone], [u].[Role], [u].[Title], [u].[Username], [d].[Id], [d].[CreatedAt], [d].[Description], [d].[IsActive], [d].[Name], [d].[SortOrder]
FROM [Users] AS [u]
LEFT JOIN [Departments] AS [d] ON [u].[DepartmentId] = [d].[Id]
WHERE [u].[Role] = 2 AND [u].[IsActive] = CAST(1 AS bit)
2026-05-18 21:16:19.877 +08:00 [INF] Executed DbCommand (0ms) [Parameters=[@__doc_Id_0='?' (DbType = Int32), @__8__locals1_dateOnly_1='?' (DbType = DateTime2)], CommandType='"Text"', CommandTimeout='30']
SELECT TOP(1) [s].[Id], [s].[CreatedAt], [s].[Date], [s].[DoctorId], [s].[EndTime], [s].[IsWorkDay], [s].[MaxPatients], [s].[Reason], [s].[StartTime], [s].[TimeSlot]
FROM [SpecialSchedules] AS [s]
WHERE [s].[DoctorId] = @__doc_Id_0 AND [s].[Date] = @__8__locals1_dateOnly_1
2026-05-18 21:16:19.878 +08:00 [INF] Executed DbCommand (0ms) [Parameters=[@__doc_Id_0='?' (DbType = Int32), @__8__locals1_dayOfWeek_1='?' (DbType = Int32)], CommandType='"Text"', CommandTimeout='30']
SELECT [d].[Id], [d].[CreatedAt], [d].[DayOfWeek], [d].[DoctorId], [d].[EndTime], [d].[IsActive], [d].[MaxPatients], [d].[StartTime], [d].[TimeSlot]
FROM [DoctorSchedules] AS [d]
WHERE [d].[DoctorId] = @__doc_Id_0 AND [d].[DayOfWeek] = @__8__locals1_dayOfWeek_1 AND [d].[IsActive] = CAST(1 AS bit)
2026-05-18 21:16:19.878 +08:00 [INF] Executed DbCommand (0ms) [Parameters=[@__8__locals2_doc_Id_0='?' (DbType = Int32), @__8__locals1_dateOnly_1='?' (DbType = DateTime2), @__rs_TimeSlot_2='?' (Size = 20)], CommandType='"Text"', CommandTimeout='30']
SELECT COUNT(*)
FROM [Appointments] AS [a]
WHERE [a].[DoctorId] = @__8__locals2_doc_Id_0 AND [a].[AppointmentDate] = @__8__locals1_dateOnly_1 AND [a].[TimeSlot] = @__rs_TimeSlot_2 AND [a].[Status] <> 4
2026-05-18 21:16:19.879 +08:00 [INF] Executed DbCommand (0ms) [Parameters=[@__8__locals2_doc_Id_0='?' (DbType = Int32), @__8__locals1_dateOnly_1='?' (DbType = DateTime2), @__rs_TimeSlot_2='?' (Size = 20)], CommandType='"Text"', CommandTimeout='30']
SELECT COUNT(*)
FROM [Appointments] AS [a]
WHERE [a].[DoctorId] = @__8__locals2_doc_Id_0 AND [a].[AppointmentDate] = @__8__locals1_dateOnly_1 AND [a].[TimeSlot] = @__rs_TimeSlot_2 AND [a].[Status] <> 4
2026-05-18 21:16:19.879 +08:00 [INF] Executed DbCommand (0ms) [Parameters=[@__doc_Id_0='?' (DbType = Int32), @__8__locals1_dateOnly_1='?' (DbType = DateTime2)], CommandType='"Text"', CommandTimeout='30']
SELECT TOP(1) [s].[Id], [s].[CreatedAt], [s].[Date], [s].[DoctorId], [s].[EndTime], [s].[IsWorkDay], [s].[MaxPatients], [s].[Reason], [s].[StartTime], [s].[TimeSlot]
FROM [SpecialSchedules] AS [s]
WHERE [s].[DoctorId] = @__doc_Id_0 AND [s].[Date] = @__8__locals1_dateOnly_1
2026-05-18 21:16:19.880 +08:00 [INF] Executed DbCommand (0ms) [Parameters=[@__doc_Id_0='?' (DbType = Int32), @__8__locals1_dayOfWeek_1='?' (DbType = Int32)], CommandType='"Text"', CommandTimeout='30']
SELECT [d].[Id], [d].[CreatedAt], [d].[DayOfWeek], [d].[DoctorId], [d].[EndTime], [d].[IsActive], [d].[MaxPatients], [d].[StartTime], [d].[TimeSlot]
FROM [DoctorSchedules] AS [d]
WHERE [d].[DoctorId] = @__doc_Id_0 AND [d].[DayOfWeek] = @__8__locals1_dayOfWeek_1 AND [d].[IsActive] = CAST(1 AS bit)
2026-05-18 21:16:19.880 +08:00 [INF] Executed DbCommand (0ms) [Parameters=[@__8__locals2_doc_Id_0='?' (DbType = Int32), @__8__locals1_dateOnly_1='?' (DbType = DateTime2), @__rs_TimeSlot_2='?' (Size = 20)], CommandType='"Text"', CommandTimeout='30']
SELECT COUNT(*)
FROM [Appointments] AS [a]
WHERE [a].[DoctorId] = @__8__locals2_doc_Id_0 AND [a].[AppointmentDate] = @__8__locals1_dateOnly_1 AND [a].[TimeSlot] = @__rs_TimeSlot_2 AND [a].[Status] <> 4
2026-05-18 21:16:19.985 +08:00 [INF] Executed DbCommand (0ms) [Parameters=[], CommandType='"Text"', CommandTimeout='30']
SELECT COUNT(*)
FROM [Appointments] AS [a]
2026-05-18 21:16:19.985 +08:00 [INF] Executed DbCommand (1ms) [Parameters=[], CommandType='"Text"', CommandTimeout='30']
SELECT [d].[Id], [d].[Name], [d].[Description], [d].[SortOrder]
FROM [Departments] AS [d]
WHERE [d].[IsActive] = CAST(1 AS bit)
ORDER BY [d].[SortOrder]
2026-05-18 21:16:19.985 +08:00 [INF] Executed DbCommand (1ms) [Parameters=[@__queryDate_0='?' (DbType = DateTime2), @__nextDay_1='?' (DbType = DateTime2)], CommandType='"Text"', CommandTimeout='30']
SELECT [a].[Id], [a].[AppointmentNo], [a].[TimeSlot], [a].[QueueNumber], [a].[Status], [t].[Name] AS [PatientName], [u].[DisplayName] AS [DoctorName], [d].[Name] AS [DepartmentName]
FROM [Appointments] AS [a]
INNER JOIN (
    SELECT [p].[Id], [p].[Name]
    FROM [Patients] AS [p]
    WHERE [p].[IsDeleted] = CAST(0 AS bit)
) AS [t] ON [a].[PatientId] = [t].[Id]
INNER JOIN [Users] AS [u] ON [a].[DoctorId] = [u].[Id]
LEFT JOIN [Departments] AS [d] ON [a].[DepartmentId] = [d].[Id]
WHERE [a].[AppointmentDate] >= @__queryDate_0 AND [a].[AppointmentDate] < @__nextDay_1
ORDER BY [a].[TimeSlot], [a].[QueueNumber]
2026-05-18 21:16:19.986 +08:00 [INF] Executed DbCommand (0ms) [Parameters=[@__p_0='?' (DbType = Int32), @__p_1='?' (DbType = Int32)], CommandType='"Text"', CommandTimeout='30']
SELECT [t].[Id], [t].[AppointmentNo], [t].[AppointmentDate], [t].[TimeSlot], [t].[QueueNumber], [t].[Status], [t].[Source], [t].[Remark], [t].[CreatedAt], [t].[PatientId], [t0].[Name] AS [PatientName], [t0].[Phone] AS [PatientPhone], [t0].[Gender] AS [PatientGender], [t].[DoctorId], [u].[DisplayName] AS [DoctorName], [u].[Title] AS [DoctorTitle], [t].[DepartmentId], [d].[Name] AS [DepartmentName]
FROM (
    SELECT [a].[Id], [a].[AppointmentDate], [a].[AppointmentNo], [a].[CreatedAt], [a].[DepartmentId], [a].[DoctorId], [a].[PatientId], [a].[QueueNumber], [a].[Remark], [a].[Source], [a].[Status], [a].[TimeSlot]
    FROM [Appointments] AS [a]
    ORDER BY [a].[CreatedAt] DESC
    OFFSET @__p_0 ROWS FETCH NEXT @__p_1 ROWS ONLY
) AS [t]
INNER JOIN (
    SELECT [p].[Id], [p].[Gender], [p].[Name], [p].[Phone]
    FROM [Patients] AS [p]
    WHERE [p].[IsDeleted] = CAST(0 AS bit)
) AS [t0] ON [t].[PatientId] = [t0].[Id]
INNER JOIN [Users] AS [u] ON [t].[DoctorId] = [u].[Id]
LEFT JOIN [Departments] AS [d] ON [t].[DepartmentId] = [d].[Id]
ORDER BY [t].[CreatedAt] DESC
2026-05-18 21:16:21.521 +08:00 [INF] Executed DbCommand (0ms) [Parameters=[], CommandType='"Text"', CommandTimeout='30']
SELECT COUNT(*)
FROM [Patients] AS [p]
WHERE [p].[IsDeleted] = CAST(0 AS bit)
2026-05-18 21:16:21.522 +08:00 [INF] Executed DbCommand (0ms) [Parameters=[@__p_0='?' (DbType = Int32), @__p_1='?' (DbType = Int32)], CommandType='"Text"', CommandTimeout='30']
SELECT [p].[Id], [p].[Name], [p].[Gender], [p].[DateOfBirth], [p].[Phone], [p].[IdCard], [p].[Address], [p].[Allergies], [p].[MedicalHistory], [p].[CreatedAt]
FROM [Patients] AS [p]
WHERE [p].[IsDeleted] = CAST(0 AS bit)
ORDER BY [p].[CreatedAt] DESC
OFFSET @__p_0 ROWS FETCH NEXT @__p_1 ROWS ONLY
2026-05-18 21:16:22.764 +08:00 [INF] Executed DbCommand (0ms) [Parameters=[], CommandType='"Text"', CommandTimeout='30']
SELECT [d].[Id], [d].[Name], [d].[Description], [d].[SortOrder]
FROM [Departments] AS [d]
WHERE [d].[IsActive] = CAST(1 AS bit)
ORDER BY [d].[SortOrder]
2026-05-18 21:16:30.604 +08:00 [INF] Executed DbCommand (1ms) [Parameters=[], CommandType='"Text"', CommandTimeout='30']
SELECT COUNT(*)
FROM [Users] AS [u]
2026-05-18 21:16:30.607 +08:00 [INF] Executed DbCommand (2ms) [Parameters=[@__p_0='?' (DbType = Int32), @__p_1='?' (DbType = Int32)], CommandType='"Text"', CommandTimeout='30']
SELECT [t].[Id], [t].[Username], [t].[DisplayName], [t].[Phone], [t].[Role], [d].[Name], [t].[IsActive], [t].[Title], [t].[LastLoginAt], [t].[CreatedAt]
FROM (
    SELECT [u].[Id], [u].[CreatedAt], [u].[DepartmentId], [u].[DisplayName], [u].[IsActive], [u].[LastLoginAt], [u].[Phone], [u].[Role], [u].[Title], [u].[Username]
    FROM [Users] AS [u]
    ORDER BY [u].[Id]
    OFFSET @__p_0 ROWS FETCH NEXT @__p_1 ROWS ONLY
) AS [t]
LEFT JOIN [Departments] AS [d] ON [t].[DepartmentId] = [d].[Id]
ORDER BY [t].[Id]
2026-05-18 21:16:36.696 +08:00 [INF] Executed DbCommand (0ms) [Parameters=[@__queryDate_0='?' (DbType = DateTime2), @__nextDay_1='?' (DbType = DateTime2)], CommandType='"Text"', CommandTimeout='30']
SELECT [a].[Id], [a].[AppointmentNo], [a].[TimeSlot], [a].[QueueNumber], [a].[Status], [t].[Name] AS [PatientName], [u].[DisplayName] AS [DoctorName], [d].[Name] AS [DepartmentName]
FROM [Appointments] AS [a]
INNER JOIN (
    SELECT [p].[Id], [p].[Name]
    FROM [Patients] AS [p]
    WHERE [p].[IsDeleted] = CAST(0 AS bit)
) AS [t] ON [a].[PatientId] = [t].[Id]
INNER JOIN [Users] AS [u] ON [a].[DoctorId] = [u].[Id]
LEFT JOIN [Departments] AS [d] ON [a].[DepartmentId] = [d].[Id]
WHERE [a].[AppointmentDate] >= @__queryDate_0 AND [a].[AppointmentDate] < @__nextDay_1
ORDER BY [a].[TimeSlot], [a].[QueueNumber]
2026-05-18 21:16:38.464 +08:00 [INF] Executed DbCommand (1ms) [Parameters=[], CommandType='"Text"', CommandTimeout='30']
SELECT COUNT(*)
FROM [Payments] AS [p]
2026-05-18 21:16:38.467 +08:00 [INF] Executed DbCommand (3ms) [Parameters=[@__p_0='?' (DbType = Int32), @__p_1='?' (DbType = Int32)], CommandType='"Text"', CommandTimeout='30']
SELECT [t].[Id], [t].[PaymentNo], [t].[TotalAmount], [t].[DiscountAmount], [t].[ActualAmount], [t].[PaymentMethod], [t].[Status], [t].[Remark], [t].[CreatedAt], [t].[RefundedAt], [t].[PatientId], [t0].[Name] AS [PatientName], [u].[DisplayName] AS [OperatorName]
FROM (
    SELECT [p].[Id], [p].[ActualAmount], [p].[CreatedAt], [p].[DiscountAmount], [p].[OperatorId], [p].[PatientId], [p].[PaymentMethod], [p].[PaymentNo], [p].[RefundedAt], [p].[Remark], [p].[Status], [p].[TotalAmount]
    FROM [Payments] AS [p]
    ORDER BY [p].[CreatedAt] DESC
    OFFSET @__p_0 ROWS FETCH NEXT @__p_1 ROWS ONLY
) AS [t]
INNER JOIN (
    SELECT [p0].[Id], [p0].[Name]
    FROM [Patients] AS [p0]
    WHERE [p0].[IsDeleted] = CAST(0 AS bit)
) AS [t0] ON [t].[PatientId] = [t0].[Id]
INNER JOIN [Users] AS [u] ON [t].[OperatorId] = [u].[Id]
ORDER BY [t].[CreatedAt] DESC
2026-05-18 21:16:40.011 +08:00 [INF] Executed DbCommand (2ms) [Parameters=[], CommandType='"Text"', CommandTimeout='30']
SELECT COUNT(*)
FROM [Prescriptions] AS [p]
WHERE [p].[Status] = N'待发药'
2026-05-18 21:16:40.011 +08:00 [INF] Executed DbCommand (2ms) [Parameters=[@__status_0='?' (Size = 20)], CommandType='"Text"', CommandTimeout='30']
SELECT COUNT(*)
FROM [Prescriptions] AS [p]
WHERE [p].[Status] = @__status_0
2026-05-18 21:16:40.018 +08:00 [INF] Executed DbCommand (6ms) [Parameters=[@__p_0='?' (DbType = Int32), @__p_1='?' (DbType = Int32)], CommandType='"Text"', CommandTimeout='30']
SELECT [t].[Id], [t].[PrescriptionNo], [t].[Type], [t].[TotalAmount], [t].[DecoctingMethod], [t].[Direction], [t].[CreatedAt], [t0].[Name] AS [PatientName], [u].[DisplayName] AS [DoctorName]
FROM (
    SELECT [p].[Id], [p].[CreatedAt], [p].[DecoctingMethod], [p].[Direction], [p].[MedicalRecordId], [p].[PrescriptionNo], [p].[TotalAmount], [p].[Type]
    FROM [Prescriptions] AS [p]
    WHERE [p].[Status] = N'待发药'
    ORDER BY [p].[CreatedAt]
    OFFSET @__p_0 ROWS FETCH NEXT @__p_1 ROWS ONLY
) AS [t]
INNER JOIN [MedicalRecords] AS [m] ON [t].[MedicalRecordId] = [m].[Id]
INNER JOIN (
    SELECT [p0].[Id], [p0].[Name]
    FROM [Patients] AS [p0]
    WHERE [p0].[IsDeleted] = CAST(0 AS bit)
) AS [t0] ON [m].[PatientId] = [t0].[Id]
INNER JOIN [Users] AS [u] ON [m].[DoctorId] = [u].[Id]
ORDER BY [t].[CreatedAt]
2026-05-18 21:16:40.018 +08:00 [INF] Executed DbCommand (6ms) [Parameters=[@__status_0='?' (Size = 20), @__p_1='?' (DbType = Int32), @__p_2='?' (DbType = Int32)], CommandType='"Text"', CommandTimeout='30']
SELECT [t].[Id], [t].[PrescriptionNo], [t].[Type], [t].[Status], [t].[TotalAmount], [t].[CreatedAt], [t].[DispensedAt], [t0].[Name] AS [PatientName], [u].[DisplayName] AS [DoctorName]
FROM (
    SELECT [p].[Id], [p].[CreatedAt], [p].[DispensedAt], [p].[MedicalRecordId], [p].[PrescriptionNo], [p].[Status], [p].[TotalAmount], [p].[Type]
    FROM [Prescriptions] AS [p]
    WHERE [p].[Status] = @__status_0
    ORDER BY [p].[CreatedAt] DESC
    OFFSET @__p_1 ROWS FETCH NEXT @__p_2 ROWS ONLY
) AS [t]
INNER JOIN [MedicalRecords] AS [m] ON [t].[MedicalRecordId] = [m].[Id]
INNER JOIN (
    SELECT [p0].[Id], [p0].[Name]
    FROM [Patients] AS [p0]
    WHERE [p0].[IsDeleted] = CAST(0 AS bit)
) AS [t0] ON [m].[PatientId] = [t0].[Id]
INNER JOIN [Users] AS [u] ON [m].[DoctorId] = [u].[Id]
ORDER BY [t].[CreatedAt] DESC
2026-05-18 21:16:40.742 +08:00 [INF] Executed DbCommand (1ms) [Parameters=[], CommandType='"Text"', CommandTimeout='30']
SELECT COUNT(*)
FROM [Users] AS [u]
2026-05-18 21:16:40.745 +08:00 [INF] Executed DbCommand (3ms) [Parameters=[@__p_0='?' (DbType = Int32), @__p_1='?' (DbType = Int32)], CommandType='"Text"', CommandTimeout='30']
SELECT [t].[Id], [t].[Username], [t].[DisplayName], [t].[Phone], [t].[Role], [d].[Name], [t].[IsActive], [t].[Title], [t].[LastLoginAt], [t].[CreatedAt]
FROM (
    SELECT [u].[Id], [u].[CreatedAt], [u].[DepartmentId], [u].[DisplayName], [u].[IsActive], [u].[LastLoginAt], [u].[Phone], [u].[Role], [u].[Title], [u].[Username]
    FROM [Users] AS [u]
    ORDER BY [u].[Id]
    OFFSET @__p_0 ROWS FETCH NEXT @__p_1 ROWS ONLY
) AS [t]
LEFT JOIN [Departments] AS [d] ON [t].[DepartmentId] = [d].[Id]
ORDER BY [t].[Id]
2026-05-18 21:16:41.047 +08:00 [INF] Executed DbCommand (2ms) [Parameters=[], CommandType='"Text"', CommandTimeout='30']
SELECT [d].[Id], [d].[Name], [d].[Description], [d].[SortOrder]
FROM [Departments] AS [d]
WHERE [d].[IsActive] = CAST(1 AS bit)
ORDER BY [d].[SortOrder]
2026-05-18 21:16:43.385 +08:00 [INF] Executed DbCommand (2ms) [Parameters=[], CommandType='"Text"', CommandTimeout='30']
SELECT [u].[Id], [u].[ConsultationFee], [u].[CreatedAt], [u].[DepartmentId], [u].[DisplayName], [u].[Email], [u].[Introduction], [u].[IsActive], [u].[LastLoginAt], [u].[MaxDailyPatients], [u].[PasswordHash], [u].[Phone], [u].[Role], [u].[Title], [u].[Username], [d].[Id], [d].[CreatedAt], [d].[Description], [d].[IsActive], [d].[Name], [d].[SortOrder]
FROM [Users] AS [u]
LEFT JOIN [Departments] AS [d] ON [u].[DepartmentId] = [d].[Id]
WHERE [u].[Role] = 2 AND [u].[IsActive] = CAST(1 AS bit)
2026-05-18 21:16:43.387 +08:00 [INF] Executed DbCommand (1ms) [Parameters=[@__doc_Id_0='?' (DbType = Int32), @__8__locals1_dateOnly_1='?' (DbType = DateTime2)], CommandType='"Text"', CommandTimeout='30']
SELECT TOP(1) [s].[Id], [s].[CreatedAt], [s].[Date], [s].[DoctorId], [s].[EndTime], [s].[IsWorkDay], [s].[MaxPatients], [s].[Reason], [s].[StartTime], [s].[TimeSlot]
FROM [SpecialSchedules] AS [s]
WHERE [s].[DoctorId] = @__doc_Id_0 AND [s].[Date] = @__8__locals1_dateOnly_1
2026-05-18 21:16:43.389 +08:00 [INF] Executed DbCommand (1ms) [Parameters=[@__doc_Id_0='?' (DbType = Int32), @__8__locals1_dayOfWeek_1='?' (DbType = Int32)], CommandType='"Text"', CommandTimeout='30']
SELECT [d].[Id], [d].[CreatedAt], [d].[DayOfWeek], [d].[DoctorId], [d].[EndTime], [d].[IsActive], [d].[MaxPatients], [d].[StartTime], [d].[TimeSlot]
FROM [DoctorSchedules] AS [d]
WHERE [d].[DoctorId] = @__doc_Id_0 AND [d].[DayOfWeek] = @__8__locals1_dayOfWeek_1 AND [d].[IsActive] = CAST(1 AS bit)
2026-05-18 21:16:43.393 +08:00 [INF] Executed DbCommand (3ms) [Parameters=[@__8__locals2_doc_Id_0='?' (DbType = Int32), @__8__locals1_dateOnly_1='?' (DbType = DateTime2), @__rs_TimeSlot_2='?' (Size = 20)], CommandType='"Text"', CommandTimeout='30']
SELECT COUNT(*)
FROM [Appointments] AS [a]
WHERE [a].[DoctorId] = @__8__locals2_doc_Id_0 AND [a].[AppointmentDate] = @__8__locals1_dateOnly_1 AND [a].[TimeSlot] = @__rs_TimeSlot_2 AND [a].[Status] <> 4
2026-05-18 21:16:43.393 +08:00 [INF] Executed DbCommand (0ms) [Parameters=[@__8__locals2_doc_Id_0='?' (DbType = Int32), @__8__locals1_dateOnly_1='?' (DbType = DateTime2), @__rs_TimeSlot_2='?' (Size = 20)], CommandType='"Text"', CommandTimeout='30']
SELECT COUNT(*)
FROM [Appointments] AS [a]
WHERE [a].[DoctorId] = @__8__locals2_doc_Id_0 AND [a].[AppointmentDate] = @__8__locals1_dateOnly_1 AND [a].[TimeSlot] = @__rs_TimeSlot_2 AND [a].[Status] <> 4
2026-05-18 21:16:43.394 +08:00 [INF] Executed DbCommand (0ms) [Parameters=[@__doc_Id_0='?' (DbType = Int32), @__8__locals1_dateOnly_1='?' (DbType = DateTime2)], CommandType='"Text"', CommandTimeout='30']
SELECT TOP(1) [s].[Id], [s].[CreatedAt], [s].[Date], [s].[DoctorId], [s].[EndTime], [s].[IsWorkDay], [s].[MaxPatients], [s].[Reason], [s].[StartTime], [s].[TimeSlot]
FROM [SpecialSchedules] AS [s]
WHERE [s].[DoctorId] = @__doc_Id_0 AND [s].[Date] = @__8__locals1_dateOnly_1
2026-05-18 21:16:43.394 +08:00 [INF] Executed DbCommand (0ms) [Parameters=[@__doc_Id_0='?' (DbType = Int32), @__8__locals1_dayOfWeek_1='?' (DbType = Int32)], CommandType='"Text"', CommandTimeout='30']
SELECT [d].[Id], [d].[CreatedAt], [d].[DayOfWeek], [d].[DoctorId], [d].[EndTime], [d].[IsActive], [d].[MaxPatients], [d].[StartTime], [d].[TimeSlot]
FROM [DoctorSchedules] AS [d]
WHERE [d].[DoctorId] = @__doc_Id_0 AND [d].[DayOfWeek] = @__8__locals1_dayOfWeek_1 AND [d].[IsActive] = CAST(1 AS bit)
2026-05-18 21:16:43.395 +08:00 [INF] Executed DbCommand (0ms) [Parameters=[@__8__locals2_doc_Id_0='?' (DbType = Int32), @__8__locals1_dateOnly_1='?' (DbType = DateTime2), @__rs_TimeSlot_2='?' (Size = 20)], CommandType='"Text"', CommandTimeout='30']
SELECT COUNT(*)
FROM [Appointments] AS [a]
WHERE [a].[DoctorId] = @__8__locals2_doc_Id_0 AND [a].[AppointmentDate] = @__8__locals1_dateOnly_1 AND [a].[TimeSlot] = @__rs_TimeSlot_2 AND [a].[Status] <> 4
2026-05-18 21:16:43.479 +08:00 [INF] Executed DbCommand (1ms) [Parameters=[], CommandType='"Text"', CommandTimeout='30']
SELECT COUNT(*)
FROM [Appointments] AS [a]
2026-05-18 21:16:43.482 +08:00 [INF] Executed DbCommand (4ms) [Parameters=[], CommandType='"Text"', CommandTimeout='30']
SELECT [d].[Id], [d].[Name], [d].[Description], [d].[SortOrder]
FROM [Departments] AS [d]
WHERE [d].[IsActive] = CAST(1 AS bit)
ORDER BY [d].[SortOrder]
2026-05-18 21:16:43.482 +08:00 [INF] Executed DbCommand (4ms) [Parameters=[@__queryDate_0='?' (DbType = DateTime2), @__nextDay_1='?' (DbType = DateTime2)], CommandType='"Text"', CommandTimeout='30']
SELECT [a].[Id], [a].[AppointmentNo], [a].[TimeSlot], [a].[QueueNumber], [a].[Status], [t].[Name] AS [PatientName], [u].[DisplayName] AS [DoctorName], [d].[Name] AS [DepartmentName]
FROM [Appointments] AS [a]
INNER JOIN (
    SELECT [p].[Id], [p].[Name]
    FROM [Patients] AS [p]
    WHERE [p].[IsDeleted] = CAST(0 AS bit)
) AS [t] ON [a].[PatientId] = [t].[Id]
INNER JOIN [Users] AS [u] ON [a].[DoctorId] = [u].[Id]
LEFT JOIN [Departments] AS [d] ON [a].[DepartmentId] = [d].[Id]
WHERE [a].[AppointmentDate] >= @__queryDate_0 AND [a].[AppointmentDate] < @__nextDay_1
ORDER BY [a].[TimeSlot], [a].[QueueNumber]
2026-05-18 21:16:43.482 +08:00 [INF] Executed DbCommand (3ms) [Parameters=[@__p_0='?' (DbType = Int32), @__p_1='?' (DbType = Int32)], CommandType='"Text"', CommandTimeout='30']
SELECT [t].[Id], [t].[AppointmentNo], [t].[AppointmentDate], [t].[TimeSlot], [t].[QueueNumber], [t].[Status], [t].[Source], [t].[Remark], [t].[CreatedAt], [t].[PatientId], [t0].[Name] AS [PatientName], [t0].[Phone] AS [PatientPhone], [t0].[Gender] AS [PatientGender], [t].[DoctorId], [u].[DisplayName] AS [DoctorName], [u].[Title] AS [DoctorTitle], [t].[DepartmentId], [d].[Name] AS [DepartmentName]
FROM (
    SELECT [a].[Id], [a].[AppointmentDate], [a].[AppointmentNo], [a].[CreatedAt], [a].[DepartmentId], [a].[DoctorId], [a].[PatientId], [a].[QueueNumber], [a].[Remark], [a].[Source], [a].[Status], [a].[TimeSlot]
    FROM [Appointments] AS [a]
    ORDER BY [a].[CreatedAt] DESC
    OFFSET @__p_0 ROWS FETCH NEXT @__p_1 ROWS ONLY
) AS [t]
INNER JOIN (
    SELECT [p].[Id], [p].[Gender], [p].[Name], [p].[Phone]
    FROM [Patients] AS [p]
    WHERE [p].[IsDeleted] = CAST(0 AS bit)
) AS [t0] ON [t].[PatientId] = [t0].[Id]
INNER JOIN [Users] AS [u] ON [t].[DoctorId] = [u].[Id]
LEFT JOIN [Departments] AS [d] ON [t].[DepartmentId] = [d].[Id]
ORDER BY [t].[CreatedAt] DESC
2026-05-18 21:16:44.579 +08:00 [INF] Executed DbCommand (1ms) [Parameters=[], CommandType='"Text"', CommandTimeout='30']
SELECT COUNT(*)
FROM [Patients] AS [p]
WHERE [p].[IsDeleted] = CAST(0 AS bit)
2026-05-18 21:16:44.582 +08:00 [INF] Executed DbCommand (2ms) [Parameters=[@__p_0='?' (DbType = Int32), @__p_1='?' (DbType = Int32)], CommandType='"Text"', CommandTimeout='30']
SELECT [p].[Id], [p].[Name], [p].[Gender], [p].[DateOfBirth], [p].[Phone], [p].[IdCard], [p].[Address], [p].[Allergies], [p].[MedicalHistory], [p].[CreatedAt]
FROM [Patients] AS [p]
WHERE [p].[IsDeleted] = CAST(0 AS bit)
ORDER BY [p].[CreatedAt] DESC
OFFSET @__p_0 ROWS FETCH NEXT @__p_1 ROWS ONLY
2026-05-18 21:16:49.102 +08:00 [INF] Executed DbCommand (1ms) [Parameters=[@__patientId_0='?' (DbType = Int32)], CommandType='"Text"', CommandTimeout='30']
SELECT [f].[Id], [f].[CreatedAt], [f].[IdCard], [f].[Name], [f].[PatientId], [f].[Phone], [f].[Relationship]
FROM [FamilyMembers] AS [f]
WHERE [f].[PatientId] = @__patientId_0
ORDER BY [f].[CreatedAt]
2026-05-18 21:20:54.396 +08:00 [INF] Executed DbCommand (1ms) [Parameters=[], CommandType='"Text"', CommandTimeout='30']
SELECT COUNT(*)
FROM [Patients] AS [p]
WHERE [p].[IsDeleted] = CAST(0 AS bit)
2026-05-18 21:20:54.398 +08:00 [INF] Executed DbCommand (2ms) [Parameters=[@__p_0='?' (DbType = Int32), @__p_1='?' (DbType = Int32)], CommandType='"Text"', CommandTimeout='30']
SELECT [p].[Id], [p].[Name], [p].[Gender], [p].[DateOfBirth], [p].[Phone], [p].[IdCard], [p].[Address], [p].[Allergies], [p].[MedicalHistory], [p].[CreatedAt]
FROM [Patients] AS [p]
WHERE [p].[IsDeleted] = CAST(0 AS bit)
ORDER BY [p].[CreatedAt] DESC
OFFSET @__p_0 ROWS FETCH NEXT @__p_1 ROWS ONLY
2026-05-18 21:21:12.399 +08:00 [INF] Executed DbCommand (1ms) [Parameters=[], CommandType='"Text"', CommandTimeout='30']
SELECT COUNT(*)
FROM [Patients] AS [p]
WHERE [p].[IsDeleted] = CAST(0 AS bit)
2026-05-18 21:21:12.400 +08:00 [INF] Executed DbCommand (1ms) [Parameters=[@__p_0='?' (DbType = Int32), @__p_1='?' (DbType = Int32)], CommandType='"Text"', CommandTimeout='30']
SELECT [p].[Id], [p].[Name], [p].[Gender], [p].[DateOfBirth], [p].[Phone], [p].[IdCard], [p].[Address], [p].[Allergies], [p].[MedicalHistory], [p].[CreatedAt]
FROM [Patients] AS [p]
WHERE [p].[IsDeleted] = CAST(0 AS bit)
ORDER BY [p].[CreatedAt] DESC
OFFSET @__p_0 ROWS FETCH NEXT @__p_1 ROWS ONLY
